# WaveFront *.obj file (generated by Autodesk ATF)

mtllib front_nose.mtl

g Body1

v 0.000000 -56.562255 309.422932
v 0.000000 -56.160331 310.922932
v 0.000000 -55.062255 312.021008
v 0.000000 -53.562255 312.422932
v 0.000000 -52.062255 312.021008
v 0.000000 -50.964179 310.922932
v 0.000000 -50.562255 309.422932
v 0.000000 -50.964179 307.922932
v 0.000000 -52.062255 306.824856
v 0.000000 -53.562255 306.422932
v 0.000000 -55.062255 306.824856
v 0.000000 -56.160331 307.922932
v 6.350000 -56.562255 309.422932
v 6.350000 -56.160331 307.922932
v 6.350000 -55.062255 306.824856
v 6.350000 -53.562255 306.422932
v 6.350000 -52.062255 306.824856
v 6.350000 -50.964179 307.922932
v 6.350000 -50.562255 309.422932
v 6.350000 -50.964179 310.922932
v 6.350000 -52.062255 312.021008
v 6.350000 -53.562255 312.422932
v 6.350000 -55.062255 312.021008
v 6.350000 -56.160331 310.922932
v 0.000000 50.562255 309.422932
v 0.000000 50.964179 310.922932
v 0.000000 52.062255 312.021008
v 0.000000 53.562255 312.422932
v 0.000000 55.062255 312.021008
v 0.000000 56.160331 310.922932
v 0.000000 56.562255 309.422932
v 0.000000 56.160331 307.922932
v 0.000000 55.062255 306.824856
v 0.000000 53.562255 306.422932
v 0.000000 52.062255 306.824856
v 0.000000 50.964179 307.922932
v 6.350000 50.562255 309.422932
v 6.350000 50.964179 307.922932
v 6.350000 52.062255 306.824856
v 6.350000 53.562255 306.422932
v 6.350000 55.062255 306.824856
v 6.350000 56.160331 307.922932
v 6.350000 56.562255 309.422932
v 6.350000 56.160331 310.922932
v 6.350000 55.062255 312.021008
v 6.350000 53.562255 312.422932
v 6.350000 52.062255 312.021008
v 6.350000 50.964179 310.922932
v 0.000000 94.650000 80.000000
v 0.000000 94.294967 81.325000
v 0.000000 93.325000 82.294967
v 0.000000 92.000000 82.650000
v 0.000000 90.675000 82.294967
v 0.000000 89.705033 81.325000
v 0.000000 89.350000 80.000000
v 0.000000 89.705033 78.675000
v 0.000000 90.675000 77.705033
v 0.000000 92.000000 77.350000
v 0.000000 93.325000 77.705033
v 0.000000 94.294967 78.675000
v 0.000000 94.650000 50.000000
v 0.000000 94.294967 51.325000
v 0.000000 93.325000 52.294967
v 0.000000 92.000000 52.650000
v 0.000000 90.675000 52.294967
v 0.000000 89.705033 51.325000
v 0.000000 89.350000 50.000000
v 0.000000 89.705033 48.675000
v 0.000000 90.675000 47.705033
v 0.000000 92.000000 47.350000
v 0.000000 93.325000 47.705033
v 0.000000 94.294967 48.675000
v 0.000000 94.650000 20.000000
v 0.000000 94.294967 21.325000
v 0.000000 93.325000 22.294967
v 0.000000 92.000000 22.650000
v 0.000000 90.675000 22.294967
v 0.000000 89.705033 21.325000
v 0.000000 89.350000 20.000000
v 0.000000 89.705033 18.675000
v 0.000000 90.675000 17.705033
v 0.000000 92.000000 17.350000
v 0.000000 93.325000 17.705033
v 0.000000 94.294967 18.675000
v 0.000000 -94.650000 80.000000
v 0.000000 -94.294967 78.675000
v 0.000000 -93.325000 77.705033
v 0.000000 -92.000000 77.350000
v 0.000000 -90.675000 77.705033
v 0.000000 -89.705033 78.675000
v 0.000000 -89.350000 80.000000
v 0.000000 -89.705033 81.325000
v 0.000000 -90.675000 82.294967
v 0.000000 -92.000000 82.650000
v 0.000000 -93.325000 82.294967
v 0.000000 -94.294967 81.325000
v 0.000000 -94.650000 50.000000
v 0.000000 -94.294967 48.675000
v 0.000000 -93.325000 47.705033
v 0.000000 -92.000000 47.350000
v 0.000000 -90.675000 47.705033
v 0.000000 -89.705033 48.675000
v 0.000000 -89.350000 50.000000
v 0.000000 -89.705033 51.325000
v 0.000000 -90.675000 52.294967
v 0.000000 -92.000000 52.650000
v 0.000000 -93.325000 52.294967
v 0.000000 -94.294967 51.325000
v 0.000000 -94.650000 20.000000
v 0.000000 -94.294967 18.675000
v 0.000000 -93.325000 17.705033
v 0.000000 -92.000000 17.350000
v 0.000000 -90.675000 17.705033
v 0.000000 -89.705033 18.675000
v 0.000000 -89.350000 20.000000
v 0.000000 -89.705033 21.325000
v 0.000000 -90.675000 22.294967
v 0.000000 -92.000000 22.650000
v 0.000000 -93.325000 22.294967
v 0.000000 -94.294967 21.325000
v 0.000000 -60.257537 316.850799
v 0.000000 -57.634509 318.556209
v 0.000000 -54.612861 319.367590
v 0.000000 -51.488373 319.205519
v 0.000000 -48.566890 318.085861
v 0.000000 -46.134388 316.118214
v 0.000000 -44.428978 313.495187
v 0.000000 -43.617597 310.473538
v 0.000000 -43.779668 307.349050
v 0.000000 -44.899326 304.427567
v 0.000000 -46.866973 301.995066
v 0.000000 -53.219262 295.472081
v 0.000000 -58.671158 288.179774
v 0.000000 -63.130424 280.241522
v 0.000000 -66.521613 271.791626
v 0.000000 -68.787354 262.973047
v 0.000000 -69.889312 253.934984
v 0.000000 -69.808844 244.830346
v 0.000000 -68.547311 235.813171
v 0.000000 -66.126058 227.036017
v 0.000000 -62.586047 218.647380
v 0.000000 -57.987170 210.789184
v 0.000000 -52.407235 203.594379
v 0.000000 -45.940645 197.184689
v 0.000000 -38.696806 191.668558
v 0.000000 -30.798274 187.139310
v 0.000000 -22.378678 183.673574
v 0.000000 -13.580469 181.329986
v 0.000000 -4.552497 180.148194
v 0.000000 4.552497 180.148194
v 0.000000 13.580469 181.329986
v 0.000000 22.378678 183.673574
v 0.000000 30.798274 187.139310
v 0.000000 38.696806 191.668558
v 0.000000 45.940645 197.184689
v 0.000000 52.407235 203.594379
v 0.000000 57.987170 210.789184
v 0.000000 62.586047 218.647380
v 0.000000 66.126058 227.036017
v 0.000000 68.547311 235.813171
v 0.000000 69.808844 244.830346
v 0.000000 69.889312 253.934984
v 0.000000 68.787354 262.973047
v 0.000000 66.521613 271.791626
v 0.000000 63.130424 280.241522
v 0.000000 58.671158 288.179774
v 0.000000 53.219262 295.472081
v 0.000000 46.866973 301.995066
v 0.000000 44.899326 304.427567
v 0.000000 43.779668 307.349050
v 0.000000 43.617597 310.473538
v 0.000000 44.428978 313.495187
v 0.000000 46.134388 316.118214
v 0.000000 48.566890 318.085861
v 0.000000 51.488373 319.205519
v 0.000000 54.612861 319.367590
v 0.000000 57.634509 318.556209
v 0.000000 60.257537 316.850799
v 0.000000 66.833696 310.276505
v 0.000000 72.696408 303.058763
v 0.000000 77.783088 295.274620
v 0.000000 82.039437 287.007172
v 0.000000 85.420018 278.344674
v 0.000000 87.888743 269.379598
v 0.000000 89.419260 260.207645
v 0.000000 102.000000 150.000000
v 0.000000 102.000000 10.000000
v 0.000000 101.510565 6.909830
v 0.000000 100.090170 4.122147
v 0.000000 97.877853 1.909830
v 0.000000 95.090170 0.489435
v 0.000000 92.000000 -0.000000
v 0.000000 88.909830 0.489435
v 0.000000 86.122147 1.909830
v 0.000000 83.909830 4.122147
v 0.000000 82.489435 6.909830
v 0.000000 82.000000 10.000000
v 0.000000 82.000000 100.000000
v 0.000000 81.491072 107.115742
v 0.000000 79.974649 114.086628
v 0.000000 77.481600 120.770751
v 0.000000 74.062677 127.032041
v 0.000000 69.787479 132.743037
v 0.000000 64.743037 137.787479
v 0.000000 59.032041 142.062677
v 0.000000 52.770751 145.481600
v 0.000000 46.086628 147.974649
v 0.000000 39.115742 149.491072
v 0.000000 32.000000 150.000000
v 0.000000 -32.000000 150.000000
v 0.000000 -39.115742 149.491072
v 0.000000 -46.086628 147.974649
v 0.000000 -52.770751 145.481600
v 0.000000 -59.032041 142.062677
v 0.000000 -64.743037 137.787479
v 0.000000 -69.787479 132.743037
v 0.000000 -74.062677 127.032041
v 0.000000 -77.481600 120.770751
v 0.000000 -79.974649 114.086628
v 0.000000 -81.491072 107.115742
v 0.000000 -82.000000 100.000000
v 0.000000 -82.000000 10.000000
v 0.000000 -82.489435 6.909830
v 0.000000 -83.909830 4.122147
v 0.000000 -86.122147 1.909830
v 0.000000 -88.909830 0.489435
v 0.000000 -92.000000 -0.000000
v 0.000000 -95.090170 0.489435
v 0.000000 -97.877853 1.909830
v 0.000000 -100.090170 4.122147
v 0.000000 -101.510565 6.909830
v 0.000000 -102.000000 10.000000
v 0.000000 -102.000000 150.000000
v 0.000000 -89.419260 260.207645
v 0.000000 -87.888743 269.379598
v 0.000000 -85.420018 278.344674
v 0.000000 -82.039437 287.007172
v 0.000000 -77.783088 295.274620
v 0.000000 -72.696408 303.058763
v 0.000000 -66.833696 310.276505
v 6.350000 -60.257537 316.850799
v 6.350000 -57.634509 318.556209
v 6.350000 -54.612861 319.367590
v 6.350000 -51.488373 319.205519
v 6.350000 -48.566890 318.085861
v 6.350000 -46.134388 316.118214
v 6.350000 -44.428978 313.495187
v 6.350000 -43.617597 310.473538
v 6.350000 -43.779668 307.349050
v 6.350000 -44.899326 304.427567
v 6.350000 -46.866973 301.995066
v 6.350000 -53.219262 295.472081
v 6.350000 -58.671158 288.179774
v 6.350000 -63.130424 280.241522
v 6.350000 -66.521613 271.791626
v 6.350000 -68.787354 262.973047
v 6.350000 -69.889312 253.934984
v 6.350000 -69.808844 244.830346
v 6.350000 -68.547311 235.813171
v 6.350000 -66.126058 227.036017
v 6.350000 -62.586047 218.647380
v 6.350000 -57.987170 210.789184
v 6.350000 -52.407235 203.594379
v 6.350000 -45.940645 197.184689
v 6.350000 -38.696806 191.668558
v 6.350000 -30.798274 187.139310
v 6.350000 -22.378678 183.673574
v 6.350000 -13.580469 181.329986
v 6.350000 -4.552497 180.148194
v 6.350000 4.552497 180.148194
v 6.350000 13.580469 181.329986
v 6.350000 22.378678 183.673574
v 6.350000 30.798274 187.139310
v 6.350000 38.696806 191.668558
v 6.350000 45.940645 197.184689
v 6.350000 52.407235 203.594379
v 6.350000 57.987170 210.789184
v 6.350000 62.586047 218.647380
v 6.350000 66.126058 227.036017
v 6.350000 68.547311 235.813171
v 6.350000 69.808844 244.830346
v 6.350000 69.889312 253.934984
v 6.350000 68.787354 262.973047
v 6.350000 66.521613 271.791626
v 6.350000 63.130424 280.241522
v 6.350000 58.671158 288.179774
v 6.350000 53.219262 295.472081
v 6.350000 46.866973 301.995066
v 6.350000 -66.833696 310.276505
v 6.350000 -72.696408 303.058763
v 6.350000 -77.783088 295.274620
v 6.350000 -82.039437 287.007172
v 6.350000 -85.420018 278.344674
v 6.350000 -87.888743 269.379598
v 6.350000 -89.419260 260.207645
v 6.350000 -102.000000 150.000000
v 6.350000 -102.000000 10.000000
v 6.350000 -101.510565 6.909830
v 6.350000 -100.090170 4.122147
v 6.350000 -97.877853 1.909830
v 6.350000 -95.090170 0.489435
v 6.350000 -92.000000 -0.000000
v 6.350000 -88.909830 0.489435
v 6.350000 -86.122147 1.909830
v 6.350000 -83.909830 4.122147
v 6.350000 -82.489435 6.909830
v 6.350000 -82.000000 10.000000
v 6.350000 -82.000000 100.000000
v 6.350000 -81.491072 107.115742
v 6.350000 -79.974649 114.086628
v 6.350000 -77.481600 120.770751
v 6.350000 -74.062677 127.032041
v 6.350000 -69.787479 132.743037
v 6.350000 -64.743037 137.787479
v 6.350000 -59.032041 142.062677
v 6.350000 -52.770751 145.481600
v 6.350000 -46.086628 147.974649
v 6.350000 -39.115742 149.491072
v 6.350000 -32.000000 150.000000
v 6.350000 32.000000 150.000000
v 6.350000 39.115742 149.491072
v 6.350000 46.086628 147.974649
v 6.350000 52.770751 145.481600
v 6.350000 59.032041 142.062677
v 6.350000 64.743037 137.787479
v 6.350000 69.787479 132.743037
v 6.350000 74.062677 127.032041
v 6.350000 77.481600 120.770751
v 6.350000 79.974649 114.086628
v 6.350000 81.491072 107.115742
v 6.350000 82.000000 100.000000
v 6.350000 82.000000 10.000000
v 6.350000 82.489435 6.909830
v 6.350000 83.909830 4.122147
v 6.350000 86.122147 1.909830
v 6.350000 88.909830 0.489435
v 6.350000 92.000000 -0.000000
v 6.350000 95.090170 0.489435
v 6.350000 97.877853 1.909830
v 6.350000 100.090170 4.122147
v 6.350000 101.510565 6.909830
v 6.350000 102.000000 10.000000
v 6.350000 102.000000 150.000000
v 6.350000 89.419260 260.207645
v 6.350000 87.888743 269.379598
v 6.350000 85.420018 278.344674
v 6.350000 82.039437 287.007172
v 6.350000 77.783088 295.274620
v 6.350000 72.696408 303.058763
v 6.350000 66.833696 310.276505
v 6.350000 60.257537 316.850799
v 6.350000 57.634509 318.556209
v 6.350000 54.612861 319.367590
v 6.350000 51.488373 319.205519
v 6.350000 48.566890 318.085861
v 6.350000 46.134388 316.118214
v 6.350000 44.428978 313.495187
v 6.350000 43.617597 310.473538
v 6.350000 43.779668 307.349050
v 6.350000 44.899326 304.427567
v 6.350000 94.650000 80.000000
v 6.350000 94.294967 78.675000
v 6.350000 93.325000 77.705033
v 6.350000 92.000000 77.350000
v 6.350000 90.675000 77.705033
v 6.350000 89.705033 78.675000
v 6.350000 89.350000 80.000000
v 6.350000 89.705033 81.325000
v 6.350000 90.675000 82.294967
v 6.350000 92.000000 82.650000
v 6.350000 93.325000 82.294967
v 6.350000 94.294967 81.325000
v 6.350000 94.650000 50.000000
v 6.350000 94.294967 48.675000
v 6.350000 93.325000 47.705033
v 6.350000 92.000000 47.350000
v 6.350000 90.675000 47.705033
v 6.350000 89.705033 48.675000
v 6.350000 89.350000 50.000000
v 6.350000 89.705033 51.325000
v 6.350000 90.675000 52.294967
v 6.350000 92.000000 52.650000
v 6.350000 93.325000 52.294967
v 6.350000 94.294967 51.325000
v 6.350000 94.650000 20.000000
v 6.350000 94.294967 18.675000
v 6.350000 93.325000 17.705033
v 6.350000 92.000000 17.350000
v 6.350000 90.675000 17.705033
v 6.350000 89.705033 18.675000
v 6.350000 89.350000 20.000000
v 6.350000 89.705033 21.325000
v 6.350000 90.675000 22.294967
v 6.350000 92.000000 22.650000
v 6.350000 93.325000 22.294967
v 6.350000 94.294967 21.325000
v 6.350000 -94.650000 80.000000
v 6.350000 -94.294967 81.325000
v 6.350000 -93.325000 82.294967
v 6.350000 -92.000000 82.650000
v 6.350000 -90.675000 82.294967
v 6.350000 -89.705033 81.325000
v 6.350000 -89.350000 80.000000
v 6.350000 -89.705033 78.675000
v 6.350000 -90.675000 77.705033
v 6.350000 -92.000000 77.350000
v 6.350000 -93.325000 77.705033
v 6.350000 -94.294967 78.675000
v 6.350000 -94.650000 50.000000
v 6.350000 -94.294967 51.325000
v 6.350000 -93.325000 52.294967
v 6.350000 -92.000000 52.650000
v 6.350000 -90.675000 52.294967
v 6.350000 -89.705033 51.325000
v 6.350000 -89.350000 50.000000
v 6.350000 -89.705033 48.675000
v 6.350000 -90.675000 47.705033
v 6.350000 -92.000000 47.350000
v 6.350000 -93.325000 47.705033
v 6.350000 -94.294967 48.675000
v 6.350000 -94.650000 20.000000
v 6.350000 -94.294967 21.325000
v 6.350000 -93.325000 22.294967
v 6.350000 -92.000000 22.650000
v 6.350000 -90.675000 22.294967
v 6.350000 -89.705033 21.325000
v 6.350000 -89.350000 20.000000
v 6.350000 -89.705033 18.675000
v 6.350000 -90.675000 17.705033
v 6.350000 -92.000000 17.350000
v 6.350000 -93.325000 17.705033
v 6.350000 -94.294967 18.675000
vt 0.635000 -0.785398 0.000000
vt 0.000000 -0.785398 0.000000
vt 0.635000 -0.942478 0.000000
vt 0.000000 -0.942478 0.000000
vt 0.635000 0.942478 0.000000
vt 0.000000 0.942478 0.000000
vt 0.635000 0.785398 0.000000
vt -0.000000 0.785398 0.000000
vt 0.635000 0.628319 0.000000
vt -0.000000 0.628319 0.000000
vt 0.635000 0.471239 0.000000
vt 0.000000 0.471239 0.000000
vt 0.635000 0.314159 0.000000
vt 0.000000 0.314159 0.000000
vt 0.635000 0.157080 0.000000
vt 0.000000 0.157080 0.000000
vt 0.635000 0.000000 0.000000
vt 0.000000 0.000000 0.000000
vt 0.635000 -0.157080 0.000000
vt 0.000000 -0.157080 0.000000
vt 0.635000 -0.314159 0.000000
vt 0.000000 -0.314159 0.000000
vt 0.635000 -0.471239 0.000000
vt 0.000000 -0.471239 0.000000
vt 0.635000 -0.628319 0.000000
vt 0.000000 -0.628319 0.000000
vt 0.635000 -0.785398 0.000000
vt 0.000000 -0.785398 0.000000
vt 0.635000 -0.942478 0.000000
vt 0.000000 -0.942478 0.000000
vt 0.635000 0.942478 0.000000
vt 0.000000 0.942478 0.000000
vt 0.635000 0.785398 0.000000
vt -0.000000 0.785398 0.000000
vt 0.635000 0.628319 0.000000
vt -0.000000 0.628319 0.000000
vt 0.635000 0.471239 0.000000
vt 0.000000 0.471239 0.000000
vt 0.635000 0.314159 0.000000
vt 0.000000 0.314159 0.000000
vt 0.635000 0.157080 0.000000
vt 0.000000 0.157080 0.000000
vt 0.635000 0.000000 0.000000
vt 0.000000 0.000000 0.000000
vt 0.635000 -0.157080 0.000000
vt 0.000000 -0.157080 0.000000
vt 0.635000 -0.314159 0.000000
vt 0.000000 -0.314159 0.000000
vt 0.635000 -0.471239 0.000000
vt 0.000000 -0.471239 0.000000
vt 0.635000 -0.628319 0.000000
vt 0.000000 -0.628319 0.000000
vt 5.616033 14.599360 0.000000
vt 6.683370 14.834717 0.000000
vt 5.656225 14.749360 0.000000
vt 6.025754 15.492147 0.000000
vt 5.616033 14.899360 0.000000
vt 5.763451 15.662688 0.000000
vt 5.506225 15.009168 0.000000
vt 5.461286 15.743826 0.000000
vt 5.356225 15.049360 0.000000
vt 5.148837 15.727619 0.000000
vt 5.206225 15.009168 0.000000
vt 4.856689 15.615653 0.000000
vt 5.096418 14.899360 0.000000
vt 4.613439 15.418888 0.000000
vt 5.056225 14.749360 0.000000
vt 4.442898 15.156586 0.000000
vt 4.361760 14.854421 0.000000
vt 5.506225 14.489552 0.000000
vt 5.321926 13.354275 0.000000
vt 5.867116 12.625044 0.000000
vt 7.269641 14.112943 0.000000
vt 6.313042 11.831219 0.000000
vt 7.778309 13.334529 0.000000
vt 6.652161 10.986229 0.000000
vt 8.203944 12.507784 0.000000
vt 8.542002 11.641534 0.000000
vt 6.878735 10.104372 0.000000
vt 8.788874 10.745027 0.000000
vt 6.988931 9.200565 0.000000
vt 8.941926 9.827831 0.000000
vt 6.980884 8.290101 0.000000
vt 6.854731 7.388384 0.000000
vt 5.356225 14.449360 0.000000
vt 5.206225 14.489552 0.000000
vt 4.686697 14.006573 0.000000
vt 5.096418 14.599360 0.000000
vt -5.096418 14.599360 0.000000
vt -4.686697 14.006573 0.000000
vt -5.056225 14.749360 0.000000
vt -4.489933 14.249824 0.000000
vt -4.377967 14.541972 0.000000
vt -5.206225 14.489552 0.000000
vt -5.321926 13.354275 0.000000
vt -5.356225 14.449360 0.000000
vt -5.506225 14.489552 0.000000
vt -5.616033 14.599360 0.000000
vt -5.867116 12.625044 0.000000
vt -6.683370 14.834717 0.000000
vt -7.269641 14.112943 0.000000
vt -5.656225 14.749360 0.000000
vt -6.025754 15.492147 0.000000
vt -5.616033 14.899360 0.000000
vt -5.763451 15.662688 0.000000
vt -5.506225 15.009168 0.000000
vt -5.461286 15.743826 0.000000
vt -5.356225 15.049360 0.000000
vt -5.148837 15.727619 0.000000
vt -5.206225 15.009168 0.000000
vt -4.856689 15.615653 0.000000
vt -5.096418 14.899360 0.000000
vt -4.613439 15.418888 0.000000
vt -4.442898 15.156586 0.000000
vt -4.361760 14.854421 0.000000
vt -9.429497 -8.060433 0.000000
vt -10.200000 -1.192933 0.000000
vt -9.465000 -8.192933 0.000000
vt -10.200000 -15.192933 0.000000
vt -9.465000 -11.192933 0.000000
vt -9.429497 -11.325433 0.000000
vt -9.429497 -14.060433 0.000000
vt -9.332500 -11.422430 0.000000
vt -9.332500 -13.963436 0.000000
vt -9.200000 -11.457933 0.000000
vt -9.200000 -13.927933 0.000000
vt -9.067500 -13.963436 0.000000
vt -9.332500 -7.963436 0.000000
vt -8.149107 -5.481359 0.000000
vt -7.997465 -4.784270 0.000000
vt -8.200000 -6.192933 0.000000
vt -9.200000 -7.927933 0.000000
vt -9.067500 -7.963436 0.000000
vt -8.970503 -8.060433 0.000000
vt -8.935000 -8.192933 0.000000
vt -8.935000 -11.192933 0.000000
vt -8.970503 -8.325433 0.000000
vt -8.970503 -11.060433 0.000000
vt -9.067500 -8.422430 0.000000
vt -9.067500 -10.963436 0.000000
vt -9.200000 -8.457933 0.000000
vt -9.200000 -10.927933 0.000000
vt -9.332500 -10.963436 0.000000
vt -9.332500 -8.422430 0.000000
vt -9.429497 -11.060433 0.000000
vt -9.429497 -8.325433 0.000000
vt -8.200000 -15.192933 0.000000
vt -8.970503 -11.325433 0.000000
vt -8.970503 -14.060433 0.000000
vt -9.067500 -11.422430 0.000000
vt -9.429497 -14.325433 0.000000
vt -9.465000 -14.192933 0.000000
vt -8.935000 -14.192933 0.000000
vt -8.970503 -14.325433 0.000000
vt -9.067500 -14.422430 0.000000
vt -9.200000 -14.457933 0.000000
vt -8.890983 -16.143990 0.000000
vt -8.612215 -16.001950 0.000000
vt -8.390983 -15.780718 0.000000
vt -9.332500 -14.422430 0.000000
vt -9.509017 -16.143990 0.000000
vt -9.200000 -16.192933 0.000000
vt -10.151057 -15.501950 0.000000
vt -10.009017 -15.780718 0.000000
vt 9.429497 -8.325433 0.000000
vt 9.465000 -11.192933 0.000000
vt 9.465000 -8.192933 0.000000
vt 10.200000 -15.192933 0.000000
vt 10.200000 -1.192933 0.000000
vt 9.429497 -11.060433 0.000000
vt 9.332500 -8.422430 0.000000
vt 9.332500 -10.963436 0.000000
vt 9.200000 -8.457933 0.000000
vt 9.200000 -10.927933 0.000000
vt 9.067500 -10.963436 0.000000
vt 9.067500 -8.422430 0.000000
vt 8.970503 -11.060433 0.000000
vt 8.970503 -8.325433 0.000000
vt 8.935000 -11.192933 0.000000
vt 8.935000 -8.192933 0.000000
vt 8.200000 -6.192933 0.000000
vt 8.970503 -8.060433 0.000000
vt 9.067500 -7.963436 0.000000
vt 9.200000 -7.927933 0.000000
vt 9.332500 -7.963436 0.000000
vt 8.149107 -5.481359 0.000000
vt 7.997465 -4.784270 0.000000
vt 7.748160 -4.115858 0.000000
vt 7.406268 -3.489729 0.000000
vt 6.978748 -2.918629 0.000000
vt 6.474304 -2.414185 0.000000
vt 5.798717 4.885985 0.000000
vt 5.903204 -1.986665 0.000000
vt 5.240724 4.166505 0.000000
vt 5.277075 -1.644773 0.000000
vt 4.594065 3.525536 0.000000
vt 4.608663 -1.395468 0.000000
vt 3.869681 2.973923 0.000000
vt 3.911574 -1.243826 0.000000
vt 3.079827 2.520998 0.000000
vt 3.200000 -1.192933 0.000000
vt 2.237868 2.174424 0.000000
vt 1.358047 1.940065 0.000000
vt 9.429497 -8.060433 0.000000
vt 9.429497 -11.325433 0.000000
vt 9.429497 -14.060433 0.000000
vt 9.465000 -14.192933 0.000000
vt 9.332500 -11.422430 0.000000
vt 9.332500 -13.963436 0.000000
vt 9.200000 -11.457933 0.000000
vt 9.200000 -13.927933 0.000000
vt 9.067500 -13.963436 0.000000
vt 9.067500 -11.422430 0.000000
vt 8.970503 -14.060433 0.000000
vt 8.970503 -11.325433 0.000000
vt 8.200000 -15.192933 0.000000
vt 9.429497 -14.325433 0.000000
vt 9.332500 -14.422430 0.000000
vt 10.151057 -15.501950 0.000000
vt 10.009017 -15.780718 0.000000
vt 9.787785 -16.001950 0.000000
vt 9.509017 -16.143990 0.000000
vt 9.200000 -14.457933 0.000000
vt 9.200000 -16.192933 0.000000
vt 8.890983 -16.143990 0.000000
vt 9.067500 -14.422430 0.000000
vt 8.612215 -16.001950 0.000000
vt 8.390983 -15.780718 0.000000
vt 8.248943 -15.501950 0.000000
vt 8.970503 -14.325433 0.000000
vt 8.935000 -14.192933 0.000000
vt 4.377967 14.541972 0.000000
vt 4.489933 14.249824 0.000000
vt 6.612606 6.510669 0.000000
vt 6.258605 5.671805 0.000000
vt 0.455250 1.821886 0.000000
vt -0.455250 1.821886 0.000000
vt -3.200000 -1.192933 0.000000
vt -1.358047 1.940065 0.000000
vt -2.237868 2.174424 0.000000
vt -3.079827 2.520998 0.000000
vt -3.911574 -1.243826 0.000000
vt -3.869681 2.973923 0.000000
vt -4.608663 -1.395468 0.000000
vt -4.594065 3.525536 0.000000
vt -5.277075 -1.644773 0.000000
vt -5.240724 4.166505 0.000000
vt -5.903204 -1.986665 0.000000
vt -5.798717 4.885985 0.000000
vt -6.474304 -2.414185 0.000000
vt -6.978748 -2.918629 0.000000
vt -7.406268 -3.489729 0.000000
vt -7.748160 -4.115858 0.000000
vt -6.258605 5.671805 0.000000
vt -6.612606 6.510669 0.000000
vt -8.941926 9.827831 0.000000
vt -6.854731 7.388384 0.000000
vt -6.980884 8.290101 0.000000
vt -6.988931 9.200565 0.000000
vt -8.788874 10.745027 0.000000
vt -6.878735 10.104372 0.000000
vt -8.542002 11.641534 0.000000
vt -6.652161 10.986229 0.000000
vt -8.203944 12.507784 0.000000
vt -7.778309 13.334529 0.000000
vt -6.313042 11.831219 0.000000
vt -9.787785 -16.001950 0.000000
vt -8.248943 -15.501950 0.000000
vt -0.000000 2.418858 0.000000
vt -0.635000 2.418858 0.000000
vt -0.000000 2.104699 0.000000
vt -0.635000 2.104699 0.000000
vt -0.635000 1.790540 0.000000
vt -0.000000 1.790540 0.000000
vt -0.635000 1.476381 0.000000
vt -0.000000 1.476381 0.000000
vt -0.635000 1.162221 0.000000
vt -0.000000 1.162221 0.000000
vt -0.635000 0.848062 0.000000
vt -0.000000 0.848062 0.000000
vt -0.635000 0.533903 0.000000
vt -0.000000 0.533903 0.000000
vt -0.635000 0.219744 0.000000
vt -0.000000 0.219744 0.000000
vt -0.635000 -0.094416 0.000000
vt -0.000000 -0.094416 0.000000
vt -0.635000 -0.408575 0.000000
vt -0.000000 -0.408575 0.000000
vt -0.000000 -0.722734 0.000000
vt -0.635000 -0.722734 0.000000
vt 0.000000 16.130588 0.000000
vt 0.635000 16.130588 0.000000
vt -0.000000 17.041731 0.000000
vt 0.635000 17.041731 0.000000
vt 0.000000 17.952873 0.000000
vt 0.635000 17.952873 0.000000
vt 0.000000 18.864015 0.000000
vt 0.635000 18.864015 0.000000
vt -0.000000 19.775158 0.000000
vt 0.635000 19.775158 0.000000
vt -0.000000 20.686300 0.000000
vt 0.635000 20.686300 0.000000
vt 0.000000 21.597443 0.000000
vt 0.635000 21.597443 0.000000
vt 0.000000 22.508585 0.000000
vt 0.635000 22.508585 0.000000
vt 0.000000 23.419727 0.000000
vt 0.635000 23.419727 0.000000
vt 0.000000 24.330870 0.000000
vt 0.635000 24.330870 0.000000
vt 0.000000 25.242012 0.000000
vt 0.635000 25.242012 0.000000
vt -0.000000 26.153155 0.000000
vt 0.635000 26.153155 0.000000
vt 0.000000 27.064297 0.000000
vt 0.635000 27.064297 0.000000
vt 0.000000 27.975440 0.000000
vt 0.635000 27.975440 0.000000
vt 0.000000 28.886582 0.000000
vt 0.635000 28.886582 0.000000
vt -0.000000 29.797724 0.000000
vt 0.635000 29.797724 0.000000
vt -0.000000 30.708867 0.000000
vt 0.635000 30.708867 0.000000
vt 0.000000 31.620009 0.000000
vt 0.635000 31.620009 0.000000
vt -0.000000 32.531152 0.000000
vt 0.635000 32.531152 0.000000
vt 0.000000 33.442294 0.000000
vt 0.635000 33.442294 0.000000
vt 0.000000 34.353436 0.000000
vt 0.635000 34.353436 0.000000
vt 0.000000 35.264579 0.000000
vt 0.635000 35.264579 0.000000
vt 0.000000 36.175721 0.000000
vt 0.635000 36.175721 0.000000
vt -0.000000 37.086864 0.000000
vt 0.635000 37.086864 0.000000
vt 0.000000 37.998006 0.000000
vt 0.635000 37.998006 0.000000
vt -0.000000 38.909149 0.000000
vt 0.635000 38.909149 0.000000
vt 0.000000 39.820291 0.000000
vt 0.635000 39.820291 0.000000
vt 0.000000 40.731433 0.000000
vt 0.635000 40.731433 0.000000
vt -0.000000 41.642576 0.000000
vt 0.635000 41.642576 0.000000
vt 0.000000 42.553718 0.000000
vt 0.635000 42.553718 0.000000
vt 0.000000 43.464861 0.000000
vt 0.635000 43.464861 0.000000
vt 0.000000 44.376003 0.000000
vt 0.635000 44.376003 0.000000
vt 0.000000 45.287145 0.000000
vt 0.635000 45.287145 0.000000
vt 0.000000 46.198288 0.000000
vt 0.635000 46.198288 0.000000
vt 0.000000 47.109430 0.000000
vt 0.635000 47.109430 0.000000
vt 0.000000 48.020573 0.000000
vt 0.635000 48.020573 0.000000
vt 0.000000 48.931715 0.000000
vt 0.635000 48.931715 0.000000
vt 0.000000 49.842858 0.000000
vt 0.635000 49.842858 0.000000
vt -5.616033 14.899360 0.000000
vt -6.025754 15.492147 0.000000
vt -5.656225 14.749360 0.000000
vt -6.683370 14.834717 0.000000
vt -5.616033 14.599360 0.000000
vt -5.867116 12.625044 0.000000
vt -5.321926 13.354275 0.000000
vt -5.763451 15.662688 0.000000
vt -5.506225 15.009168 0.000000
vt -5.461286 15.743826 0.000000
vt -5.356225 15.049360 0.000000
vt -5.148837 15.727619 0.000000
vt -5.206225 15.009168 0.000000
vt -4.856689 15.615653 0.000000
vt -5.096418 14.899360 0.000000
vt -4.613439 15.418888 0.000000
vt -5.056225 14.749360 0.000000
vt -4.442898 15.156586 0.000000
vt -4.361760 14.854421 0.000000
vt -4.377967 14.541972 0.000000
vt -4.489933 14.249824 0.000000
vt -4.686697 14.006573 0.000000
vt -5.096418 14.599360 0.000000
vt -5.206225 14.489552 0.000000
vt -5.356225 14.449360 0.000000
vt -5.506225 14.489552 0.000000
vt 5.096418 14.899360 0.000000
vt 4.613439 15.418888 0.000000
vt 5.056225 14.749360 0.000000
vt 4.442898 15.156586 0.000000
vt 4.361760 14.854421 0.000000
vt 4.856689 15.615653 0.000000
vt 5.206225 15.009168 0.000000
vt 5.148837 15.727619 0.000000
vt 5.356225 15.049360 0.000000
vt 5.461286 15.743826 0.000000
vt 5.506225 15.009168 0.000000
vt 5.763451 15.662688 0.000000
vt 5.616033 14.899360 0.000000
vt 6.025754 15.492147 0.000000
vt 5.656225 14.749360 0.000000
vt 6.683370 14.834717 0.000000
vt 5.616033 14.599360 0.000000
vt 5.867116 12.625044 0.000000
vt 5.321926 13.354275 0.000000
vt 5.506225 14.489552 0.000000
vt 5.356225 14.449360 0.000000
vt 5.206225 14.489552 0.000000
vt 4.686697 14.006573 0.000000
vt 5.096418 14.599360 0.000000
vt -7.269641 14.112943 0.000000
vt -6.313042 11.831219 0.000000
vt -7.778309 13.334529 0.000000
vt -6.652161 10.986229 0.000000
vt -8.203944 12.507784 0.000000
vt -8.542002 11.641534 0.000000
vt -6.878735 10.104372 0.000000
vt -8.788874 10.745027 0.000000
vt -6.988931 9.200565 0.000000
vt -8.941926 9.827831 0.000000
vt -6.980884 8.290101 0.000000
vt -6.854731 7.388384 0.000000
vt -6.612606 6.510669 0.000000
vt -10.200000 -1.192933 0.000000
vt -6.258605 5.671805 0.000000
vt -5.798717 4.885985 0.000000
vt -6.474304 -2.414185 0.000000
vt -5.903204 -1.986665 0.000000
vt -10.200000 -15.192933 0.000000
vt -9.465000 -8.192933 0.000000
vt -9.429497 -8.060433 0.000000
vt -9.332500 -7.963436 0.000000
vt -10.151057 -15.501950 0.000000
vt -9.332500 -14.422430 0.000000
vt -9.429497 -14.325433 0.000000
vt -9.465000 -14.192933 0.000000
vt -10.009017 -15.780718 0.000000
vt -9.787785 -16.001950 0.000000
vt -9.509017 -16.143990 0.000000
vt -9.200000 -14.457933 0.000000
vt -9.200000 -16.192933 0.000000
vt -8.890983 -16.143990 0.000000
vt -9.067500 -14.422430 0.000000
vt -8.612215 -16.001950 0.000000
vt -8.390983 -15.780718 0.000000
vt -8.248943 -15.501950 0.000000
vt -8.200000 -15.192933 0.000000
vt -8.970503 -14.325433 0.000000
vt -8.935000 -14.192933 0.000000
vt -8.970503 -14.060433 0.000000
vt -8.970503 -11.325433 0.000000
vt -9.067500 -11.422430 0.000000
vt -8.935000 -11.192933 0.000000
vt -8.200000 -6.192933 0.000000
vt -8.935000 -8.192933 0.000000
vt -8.970503 -8.060433 0.000000
vt -9.067500 -7.963436 0.000000
vt -9.200000 -7.927933 0.000000
vt -8.149107 -5.481359 0.000000
vt -7.997465 -4.784270 0.000000
vt -7.748160 -4.115858 0.000000
vt -7.406268 -3.489729 0.000000
vt -6.978748 -2.918629 0.000000
vt -5.240724 4.166505 0.000000
vt -5.277075 -1.644773 0.000000
vt -4.594065 3.525536 0.000000
vt -4.608663 -1.395468 0.000000
vt -3.869681 2.973923 0.000000
vt -3.911574 -1.243826 0.000000
vt -3.079827 2.520998 0.000000
vt -3.200000 -1.192933 0.000000
vt -2.237868 2.174424 0.000000
vt -1.358047 1.940065 0.000000
vt -0.455250 1.821886 0.000000
vt 3.200000 -1.192933 0.000000
vt 0.455250 1.821886 0.000000
vt 1.358047 1.940065 0.000000
vt 2.237868 2.174424 0.000000
vt 3.079827 2.520998 0.000000
vt 3.911574 -1.243826 0.000000
vt 3.869681 2.973923 0.000000
vt 4.608663 -1.395468 0.000000
vt 4.594065 3.525536 0.000000
vt 5.277075 -1.644773 0.000000
vt 5.240724 4.166505 0.000000
vt 5.903204 -1.986665 0.000000
vt 5.798717 4.885985 0.000000
vt 6.474304 -2.414185 0.000000
vt 10.200000 -1.192933 0.000000
vt 6.978748 -2.918629 0.000000
vt 7.406268 -3.489729 0.000000
vt 7.748160 -4.115858 0.000000
vt 7.997465 -4.784270 0.000000
vt 8.149107 -5.481359 0.000000
vt 9.332500 -7.963436 0.000000
vt 8.200000 -6.192933 0.000000
vt 9.200000 -7.927933 0.000000
vt 9.067500 -7.963436 0.000000
vt 8.970503 -8.060433 0.000000
vt 8.935000 -8.192933 0.000000
vt 8.935000 -11.192933 0.000000
vt 8.970503 -8.325433 0.000000
vt 8.970503 -11.060433 0.000000
vt 9.067500 -8.422430 0.000000
vt 9.067500 -10.963436 0.000000
vt 9.200000 -8.457933 0.000000
vt 9.200000 -10.927933 0.000000
vt 9.332500 -10.963436 0.000000
vt 8.200000 -15.192933 0.000000
vt 8.970503 -11.325433 0.000000
vt 8.970503 -14.060433 0.000000
vt 9.067500 -11.422430 0.000000
vt 9.067500 -13.963436 0.000000
vt 9.200000 -11.457933 0.000000
vt 9.200000 -13.927933 0.000000
vt 9.332500 -13.963436 0.000000
vt 8.248943 -15.501950 0.000000
vt 9.067500 -14.422430 0.000000
vt 8.970503 -14.325433 0.000000
vt 8.935000 -14.192933 0.000000
vt 8.390983 -15.780718 0.000000
vt 8.612215 -16.001950 0.000000
vt 8.890983 -16.143990 0.000000
vt 9.200000 -14.457933 0.000000
vt 9.200000 -16.192933 0.000000
vt 9.509017 -16.143990 0.000000
vt 9.332500 -14.422430 0.000000
vt 9.787785 -16.001950 0.000000
vt 10.009017 -15.780718 0.000000
vt 10.151057 -15.501950 0.000000
vt 10.200000 -15.192933 0.000000
vt 9.429497 -14.325433 0.000000
vt 9.465000 -14.192933 0.000000
vt 9.429497 -14.060433 0.000000
vt 9.429497 -11.325433 0.000000
vt 9.332500 -11.422430 0.000000
vt 9.465000 -8.192933 0.000000
vt 9.465000 -11.192933 0.000000
vt 8.941926 9.827831 0.000000
vt 6.612606 6.510669 0.000000
vt 6.258605 5.671805 0.000000
vt 8.788874 10.745027 0.000000
vt 6.988931 9.200565 0.000000
vt 6.980884 8.290101 0.000000
vt 6.854731 7.388384 0.000000
vt 6.878735 10.104372 0.000000
vt 8.542002 11.641534 0.000000
vt 6.652161 10.986229 0.000000
vt 8.203944 12.507784 0.000000
vt 7.778309 13.334529 0.000000
vt 6.313042 11.831219 0.000000
vt 7.269641 14.112943 0.000000
vt 4.377967 14.541972 0.000000
vt 4.489933 14.249824 0.000000
vt 9.429497 -8.325433 0.000000
vt 9.429497 -11.060433 0.000000
vt 9.332500 -8.422430 0.000000
vt 9.429497 -8.060433 0.000000
vt -8.970503 -8.325433 0.000000
vt -8.970503 -11.060433 0.000000
vt -9.067500 -8.422430 0.000000
vt -9.067500 -10.963436 0.000000
vt -9.200000 -8.457933 0.000000
vt -9.200000 -10.927933 0.000000
vt -9.332500 -10.963436 0.000000
vt -9.332500 -8.422430 0.000000
vt -9.429497 -11.060433 0.000000
vt -9.429497 -8.325433 0.000000
vt -9.465000 -11.192933 0.000000
vt -9.067500 -13.963436 0.000000
vt -9.200000 -11.457933 0.000000
vt -9.200000 -13.927933 0.000000
vt -9.332500 -13.963436 0.000000
vt -9.332500 -11.422430 0.000000
vt -9.429497 -14.060433 0.000000
vt -9.429497 -11.325433 0.000000
vt -0.000000 2.293531 0.000000
vt -0.635000 2.293531 0.000000
vt -0.000000 1.979371 0.000000
vt -0.635000 1.979371 0.000000
vt -0.635000 1.665212 0.000000
vt -0.000000 1.665212 0.000000
vt -0.635000 1.351053 0.000000
vt -0.000000 1.351053 0.000000
vt -0.635000 1.036894 0.000000
vt -0.000000 1.036894 0.000000
vt -0.635000 0.722734 0.000000
vt -0.000000 0.722734 0.000000
vt -0.635000 0.408575 0.000000
vt -0.000000 0.408575 0.000000
vt -0.635000 0.094416 0.000000
vt -0.000000 0.094416 0.000000
vt -0.635000 -0.219744 0.000000
vt -0.000000 -0.219744 0.000000
vt -0.635000 -0.533903 0.000000
vt -0.000000 -0.533903 0.000000
vt -0.000000 -0.848062 0.000000
vt -0.635000 -0.848062 0.000000
vt -0.000000 7.535006 0.000000
vt -0.635000 7.535006 0.000000
vt -0.000000 6.604715 0.000000
vt -0.635000 6.604715 0.000000
vt -0.000000 5.674423 0.000000
vt -0.635000 5.674423 0.000000
vt -0.000000 4.744132 0.000000
vt -0.635000 4.744132 0.000000
vt -0.000000 3.813840 0.000000
vt -0.635000 3.813840 0.000000
vt -0.000000 2.883549 0.000000
vt -0.635000 2.883549 0.000000
vt -0.000000 1.953257 0.000000
vt -0.635000 1.953257 0.000000
vt -0.000000 1.022966 0.000000
vt -0.635000 1.022966 0.000000
vt 0.317500 0.785398 0.000000
vt -0.317500 0.785398 0.000000
vt 0.317500 0.471239 0.000000
vt -0.317500 0.471239 0.000000
vt -0.317500 0.157080 0.000000
vt 0.317500 0.157080 0.000000
vt -0.317500 -0.157080 0.000000
vt 0.317500 -0.157080 0.000000
vt -0.317500 -0.471239 0.000000
vt 0.317500 -0.471239 0.000000
vt -0.317500 -0.785398 0.000000
vt 0.317500 -0.785398 0.000000
vt -0.317500 -1.099557 0.000000
vt 0.317500 -1.099557 0.000000
vt -0.317500 -1.413717 0.000000
vt 0.317500 -1.413717 0.000000
vt -0.317500 -1.727876 0.000000
vt 0.317500 -1.727876 0.000000
vt -0.317500 -2.042035 0.000000
vt 0.317500 -2.042035 0.000000
vt 0.317500 -2.356194 0.000000
vt -0.317500 -2.356194 0.000000
vt -14.000000 0.000000 0.000000
vt -5.000000 0.000000 0.000000
vt -14.000000 0.635000 0.000000
vt -5.000000 0.635000 0.000000
vt -0.000000 2.356194 0.000000
vt -0.635000 2.356194 0.000000
vt -0.000000 2.042035 0.000000
vt -0.635000 2.042035 0.000000
vt -0.635000 1.727876 0.000000
vt -0.000000 1.727876 0.000000
vt -0.635000 1.413717 0.000000
vt -0.000000 1.413717 0.000000
vt -0.635000 1.099557 0.000000
vt -0.000000 1.099557 0.000000
vt -0.635000 0.785398 0.000000
vt -0.000000 0.785398 0.000000
vt -0.635000 0.471239 0.000000
vt -0.000000 0.471239 0.000000
vt -0.635000 0.157080 0.000000
vt -0.000000 0.157080 0.000000
vt -0.635000 -0.157080 0.000000
vt -0.000000 -0.157080 0.000000
vt -0.635000 -0.471239 0.000000
vt -0.000000 -0.471239 0.000000
vt -0.000000 -0.785398 0.000000
vt -0.635000 -0.785398 0.000000
vt -0.635000 0.693768 0.000000
vt 0.000000 0.693768 0.000000
vt -0.635000 0.832522 0.000000
vt 0.000000 0.832522 0.000000
vt -0.635000 -0.832522 0.000000
vt 0.000000 -0.832522 0.000000
vt -0.635000 -0.693768 0.000000
vt 0.000000 -0.693768 0.000000
vt -0.635000 -0.555015 0.000000
vt 0.000000 -0.555015 0.000000
vt -0.635000 -0.416261 0.000000
vt 0.000000 -0.416261 0.000000
vt -0.635000 -0.277507 0.000000
vt 0.000000 -0.277507 0.000000
vt -0.635000 -0.138754 0.000000
vt 0.000000 -0.138754 0.000000
vt -0.635000 0.000000 0.000000
vt 0.000000 0.000000 0.000000
vt -0.635000 0.138754 0.000000
vt 0.000000 0.138754 0.000000
vt -0.635000 0.277507 0.000000
vt 0.000000 0.277507 0.000000
vt -0.635000 0.416261 0.000000
vt 0.000000 0.416261 0.000000
vt -0.635000 0.555015 0.000000
vt 0.000000 0.555015 0.000000
vt -0.635000 0.693768 0.000000
vt 0.000000 0.693768 0.000000
vt -0.635000 0.832522 0.000000
vt 0.000000 0.832522 0.000000
vt -0.635000 -0.832522 0.000000
vt 0.000000 -0.832522 0.000000
vt -0.635000 -0.693768 0.000000
vt 0.000000 -0.693768 0.000000
vt -0.635000 -0.555015 0.000000
vt 0.000000 -0.555015 0.000000
vt -0.635000 -0.416261 0.000000
vt 0.000000 -0.416261 0.000000
vt -0.635000 -0.277507 0.000000
vt 0.000000 -0.277507 0.000000
vt -0.635000 -0.138754 0.000000
vt 0.000000 -0.138754 0.000000
vt -0.635000 0.000000 0.000000
vt 0.000000 0.000000 0.000000
vt -0.635000 0.138754 0.000000
vt 0.000000 0.138754 0.000000
vt -0.635000 0.277507 0.000000
vt 0.000000 0.277507 0.000000
vt -0.635000 0.416261 0.000000
vt 0.000000 0.416261 0.000000
vt -0.635000 0.555015 0.000000
vt 0.000000 0.555015 0.000000
vt -0.635000 0.693768 0.000000
vt 0.000000 0.693768 0.000000
vt -0.635000 0.832522 0.000000
vt 0.000000 0.832522 0.000000
vt -0.635000 -0.832522 0.000000
vt 0.000000 -0.832522 0.000000
vt -0.635000 -0.693768 0.000000
vt 0.000000 -0.693768 0.000000
vt -0.635000 -0.555015 0.000000
vt 0.000000 -0.555015 0.000000
vt -0.635000 -0.416261 0.000000
vt 0.000000 -0.416261 0.000000
vt -0.635000 -0.277507 0.000000
vt 0.000000 -0.277507 0.000000
vt -0.635000 -0.138754 0.000000
vt 0.000000 -0.138754 0.000000
vt -0.635000 0.000000 0.000000
vt 0.000000 0.000000 0.000000
vt -0.635000 0.138754 0.000000
vt 0.000000 0.138754 0.000000
vt -0.635000 0.277507 0.000000
vt 0.000000 0.277507 0.000000
vt -0.635000 0.416261 0.000000
vt 0.000000 0.416261 0.000000
vt -0.635000 0.555015 0.000000
vt 0.000000 0.555015 0.000000
vt 0.635000 -0.693768 0.000000
vt 0.000000 -0.693768 0.000000
vt 0.635000 -0.832522 0.000000
vt 0.000000 -0.832522 0.000000
vt 0.635000 0.832522 0.000000
vt 0.000000 0.832522 0.000000
vt 0.635000 0.693768 0.000000
vt 0.000000 0.693768 0.000000
vt 0.635000 0.555015 0.000000
vt 0.000000 0.555015 0.000000
vt 0.635000 0.416261 0.000000
vt 0.000000 0.416261 0.000000
vt 0.635000 0.277507 0.000000
vt 0.000000 0.277507 0.000000
vt 0.635000 0.138754 0.000000
vt 0.000000 0.138754 0.000000
vt 0.635000 0.000000 0.000000
vt 0.000000 0.000000 0.000000
vt 0.635000 -0.138754 0.000000
vt 0.000000 -0.138754 0.000000
vt 0.635000 -0.277507 0.000000
vt 0.000000 -0.277507 0.000000
vt 0.635000 -0.416261 0.000000
vt 0.000000 -0.416261 0.000000
vt 0.635000 -0.555015 0.000000
vt 0.000000 -0.555015 0.000000
vt 0.635000 -0.693768 0.000000
vt 0.000000 -0.693768 0.000000
vt 0.635000 -0.832522 0.000000
vt 0.000000 -0.832522 0.000000
vt 0.635000 0.832522 0.000000
vt 0.000000 0.832522 0.000000
vt 0.635000 0.693768 0.000000
vt 0.000000 0.693768 0.000000
vt 0.635000 0.555015 0.000000
vt 0.000000 0.555015 0.000000
vt 0.635000 0.416261 0.000000
vt 0.000000 0.416261 0.000000
vt 0.635000 0.277507 0.000000
vt 0.000000 0.277507 0.000000
vt 0.635000 0.138754 0.000000
vt 0.000000 0.138754 0.000000
vt 0.635000 0.000000 0.000000
vt 0.000000 0.000000 0.000000
vt 0.635000 -0.138754 0.000000
vt 0.000000 -0.138754 0.000000
vt 0.635000 -0.277507 0.000000
vt 0.000000 -0.277507 0.000000
vt 0.635000 -0.416261 0.000000
vt 0.000000 -0.416261 0.000000
vt 0.635000 -0.555015 0.000000
vt 0.000000 -0.555015 0.000000
vt 0.635000 -0.693768 0.000000
vt 0.000000 -0.693768 0.000000
vt 0.635000 -0.832522 0.000000
vt 0.000000 -0.832522 0.000000
vt 0.635000 0.832522 0.000000
vt 0.000000 0.832522 0.000000
vt 0.635000 0.693768 0.000000
vt 0.000000 0.693768 0.000000
vt 0.635000 0.555015 0.000000
vt 0.000000 0.555015 0.000000
vt 0.635000 0.416261 0.000000
vt 0.000000 0.416261 0.000000
vt 0.635000 0.277507 0.000000
vt 0.000000 0.277507 0.000000
vt 0.635000 0.138754 0.000000
vt 0.000000 0.138754 0.000000
vt 0.635000 0.000000 0.000000
vt 0.000000 0.000000 0.000000
vt 0.635000 -0.138754 0.000000
vt 0.000000 -0.138754 0.000000
vt 0.635000 -0.277507 0.000000
vt 0.000000 -0.277507 0.000000
vt 0.635000 -0.416261 0.000000
vt 0.000000 -0.416261 0.000000
vt 0.635000 -0.555015 0.000000
vt 0.000000 -0.555015 0.000000
vt 0.635000 3.926991 0.000000
vt -0.000000 3.926991 0.000000
vt 0.635000 3.212992 0.000000
vt 0.000000 3.212992 0.000000
vt 0.635000 2.498994 0.000000
vt 0.000000 2.498994 0.000000
vt 0.635000 1.784996 0.000000
vt 0.000000 1.784996 0.000000
vt 0.635000 1.070997 0.000000
vt 0.000000 1.070997 0.000000
vt 0.635000 0.356999 0.000000
vt 0.000000 0.356999 0.000000
vt 0.635000 -0.356999 0.000000
vt 0.000000 -0.356999 0.000000
vt 0.635000 -1.070997 0.000000
vt 0.000000 -1.070997 0.000000
vt 0.635000 -1.784996 0.000000
vt 0.000000 -1.784996 0.000000
vt 0.635000 -2.498994 0.000000
vt 0.000000 -2.498994 0.000000
vt 0.635000 -3.212992 0.000000
vt 0.000000 -3.212992 0.000000
vt 0.635000 -3.926991 0.000000
vt 0.000000 -3.926991 0.000000
vt -1.000000 0.635000 0.000000
vt -10.000000 0.635000 0.000000
vt -1.000000 0.000000 0.000000
vt -10.000000 0.000000 0.000000
vt 0.635000 3.926991 0.000000
vt 0.000000 3.926991 0.000000
vt 0.635000 3.212992 0.000000
vt 0.000000 3.212992 0.000000
vt 0.635000 2.498994 0.000000
vt 0.000000 2.498994 0.000000
vt 0.635000 1.784996 0.000000
vt 0.000000 1.784996 0.000000
vt 0.635000 1.070997 0.000000
vt 0.000000 1.070997 0.000000
vt 0.635000 0.356999 0.000000
vt 0.000000 0.356999 0.000000
vt 0.635000 -0.356999 0.000000
vt 0.000000 -0.356999 0.000000
vt 0.635000 -1.070997 0.000000
vt 0.000000 -1.070997 0.000000
vt 0.635000 -1.784996 0.000000
vt 0.000000 -1.784996 0.000000
vt 0.635000 -2.498994 0.000000
vt 0.000000 -2.498994 0.000000
vt 0.635000 -3.212992 0.000000
vt 0.000000 -3.212992 0.000000
vt 0.635000 -3.926991 0.000000
vt 0.000000 -3.926991 0.000000
vt -5.000000 0.635000 0.000000
vt -11.400000 0.635000 0.000000
vt -5.000000 0.000000 0.000000
vt -11.400000 0.000000 0.000000
vt 0.000000 0.000000 0.000000
vt 11.092340 0.000000 0.000000
vt 0.000000 0.635000 0.000000
vt 11.092340 0.635000 0.000000
vt 1.000000 0.000000 0.000000
vt 15.000000 0.000000 0.000000
vt 1.000000 0.635000 0.000000
vt 15.000000 0.635000 0.000000
vt 14.000000 0.635000 0.000000
vt 0.000000 0.635000 0.000000
vt 14.000000 0.000000 0.000000
vt 0.000000 0.000000 0.000000
vt 0.000000 0.000000 0.000000
vt 11.092340 0.000000 0.000000
vt 0.000000 0.635000 0.000000
vt 11.092340 0.635000 0.000000
vt -0.635000 20.739328 0.000000
vt -0.000000 20.739328 0.000000
vt -0.635000 21.669619 0.000000
vt -0.000000 21.669619 0.000000
vt -0.635000 22.599911 0.000000
vt -0.000000 22.599911 0.000000
vt -0.635000 23.530202 0.000000
vt -0.000000 23.530202 0.000000
vt -0.635000 24.460494 0.000000
vt -0.000000 24.460494 0.000000
vt -0.635000 25.390785 0.000000
vt -0.000000 25.390785 0.000000
vt -0.635000 26.321077 0.000000
vt -0.000000 26.321077 0.000000
vt -0.635000 27.251368 0.000000
vt -0.000000 27.251368 0.000000
vn 0.000000 0.086603 -0.050000
vn 0.000000 0.086603 -0.050000
vn 0.000000 0.100000 -0.000000
vn 0.000000 0.100000 -0.000000
vn 0.000000 0.086603 0.050000
vn 0.000000 0.086603 0.050000
vn 0.000000 0.050000 0.086603
vn 0.000000 0.050000 0.086603
vn 0.000000 -0.000000 0.100000
vn 0.000000 -0.000000 0.100000
vn 0.000000 -0.050000 0.086603
vn 0.000000 -0.050000 0.086603
vn 0.000000 -0.086603 0.050000
vn 0.000000 -0.086603 0.050000
vn 0.000000 -0.100000 0.000000
vn 0.000000 -0.100000 0.000000
vn 0.000000 -0.086603 -0.050000
vn 0.000000 -0.086603 -0.050000
vn 0.000000 -0.050000 -0.086603
vn 0.000000 -0.050000 -0.086603
vn 0.000000 -0.000000 -0.100000
vn 0.000000 -0.000000 -0.100000
vn 0.000000 0.050000 -0.086603
vn 0.000000 0.050000 -0.086603
vn 0.000000 0.086603 -0.050000
vn 0.000000 0.086603 -0.050000
vn 0.000000 0.100000 -0.000000
vn 0.000000 0.100000 -0.000000
vn 0.000000 0.086603 0.050000
vn 0.000000 0.086603 0.050000
vn 0.000000 0.050000 0.086603
vn 0.000000 0.050000 0.086603
vn 0.000000 -0.000000 0.100000
vn 0.000000 -0.000000 0.100000
vn 0.000000 -0.050000 0.086603
vn 0.000000 -0.050000 0.086603
vn 0.000000 -0.086603 0.050000
vn 0.000000 -0.086603 0.050000
vn 0.000000 -0.100000 0.000000
vn 0.000000 -0.100000 0.000000
vn 0.000000 -0.086603 -0.050000
vn 0.000000 -0.086603 -0.050000
vn 0.000000 -0.050000 -0.086603
vn 0.000000 -0.050000 -0.086603
vn 0.000000 -0.000000 -0.100000
vn 0.000000 -0.000000 -0.100000
vn 0.000000 0.050000 -0.086603
vn 0.000000 0.050000 -0.086603
vn -0.100000 0.000000 0.000000
vn -0.100000 0.000000 0.000000
vn -0.100000 0.000000 0.000000
vn -0.100000 0.000000 0.000000
vn -0.100000 0.000000 0.000000
vn -0.100000 0.000000 0.000000
vn -0.100000 0.000000 0.000000
vn -0.100000 0.000000 0.000000
vn -0.100000 0.000000 0.000000
vn -0.100000 0.000000 0.000000
vn -0.100000 0.000000 0.000000
vn -0.100000 0.000000 0.000000
vn -0.100000 0.000000 0.000000
vn -0.100000 0.000000 0.000000
vn -0.100000 0.000000 0.000000
vn -0.100000 0.000000 0.000000
vn -0.100000 0.000000 0.000000
vn -0.100000 0.000000 0.000000
vn -0.100000 0.000000 0.000000
vn -0.100000 0.000000 0.000000
vn -0.100000 0.000000 0.000000
vn -0.100000 0.000000 0.000000
vn -0.100000 0.000000 0.000000
vn -0.100000 0.000000 0.000000
vn -0.100000 0.000000 0.000000
vn -0.100000 0.000000 0.000000
vn -0.100000 0.000000 0.000000
vn -0.100000 0.000000 0.000000
vn -0.100000 0.000000 0.000000
vn -0.100000 0.000000 0.000000
vn -0.100000 0.000000 0.000000
vn -0.100000 0.000000 0.000000
vn -0.100000 0.000000 0.000000
vn -0.100000 0.000000 0.000000
vn -0.100000 0.000000 0.000000
vn -0.100000 0.000000 0.000000
vn -0.100000 0.000000 0.000000
vn -0.100000 0.000000 0.000000
vn -0.100000 0.000000 0.000000
vn -0.100000 0.000000 0.000000
vn -0.100000 0.000000 0.000000
vn -0.100000 0.000000 0.000000
vn -0.100000 0.000000 0.000000
vn -0.100000 0.000000 0.000000
vn -0.100000 0.000000 0.000000
vn -0.100000 0.000000 0.000000
vn -0.100000 0.000000 0.000000
vn -0.100000 0.000000 0.000000
vn -0.100000 0.000000 0.000000
vn -0.100000 0.000000 0.000000
vn -0.100000 0.000000 0.000000
vn -0.100000 0.000000 0.000000
vn -0.100000 0.000000 0.000000
vn -0.100000 0.000000 0.000000
vn -0.100000 0.000000 0.000000
vn -0.100000 0.000000 0.000000
vn -0.100000 0.000000 0.000000
vn -0.100000 0.000000 0.000000
vn -0.100000 0.000000 0.000000
vn -0.100000 0.000000 0.000000
vn -0.100000 0.000000 0.000000
vn -0.100000 0.000000 0.000000
vn -0.100000 0.000000 0.000000
vn -0.100000 0.000000 0.000000
vn -0.100000 0.000000 0.000000
vn -0.100000 0.000000 0.000000
vn -0.100000 0.000000 0.000000
vn -0.100000 0.000000 0.000000
vn -0.100000 0.000000 0.000000
vn -0.100000 0.000000 0.000000
vn -0.100000 0.000000 0.000000
vn -0.100000 0.000000 0.000000
vn -0.100000 0.000000 0.000000
vn -0.100000 0.000000 0.000000
vn -0.100000 0.000000 0.000000
vn -0.100000 0.000000 0.000000
vn -0.100000 0.000000 0.000000
vn -0.100000 0.000000 0.000000
vn -0.100000 0.000000 0.000000
vn -0.100000 0.000000 0.000000
vn -0.100000 0.000000 0.000000
vn -0.100000 0.000000 0.000000
vn -0.100000 0.000000 0.000000
vn -0.100000 0.000000 0.000000
vn -0.100000 0.000000 0.000000
vn -0.100000 0.000000 0.000000
vn -0.100000 0.000000 0.000000
vn -0.100000 0.000000 0.000000
vn -0.100000 0.000000 0.000000
vn -0.100000 0.000000 0.000000
vn -0.100000 0.000000 0.000000
vn -0.100000 0.000000 0.000000
vn -0.100000 0.000000 0.000000
vn -0.100000 0.000000 0.000000
vn -0.100000 0.000000 0.000000
vn -0.100000 0.000000 0.000000
vn -0.100000 0.000000 0.000000
vn -0.100000 0.000000 0.000000
vn -0.100000 0.000000 0.000000
vn -0.100000 0.000000 0.000000
vn -0.100000 0.000000 0.000000
vn -0.100000 0.000000 0.000000
vn -0.100000 0.000000 0.000000
vn -0.100000 0.000000 0.000000
vn -0.100000 0.000000 0.000000
vn -0.100000 0.000000 0.000000
vn -0.100000 0.000000 0.000000
vn -0.100000 0.000000 0.000000
vn -0.100000 0.000000 0.000000
vn -0.100000 0.000000 0.000000
vn -0.100000 0.000000 0.000000
vn -0.100000 0.000000 0.000000
vn -0.100000 0.000000 0.000000
vn -0.100000 0.000000 0.000000
vn -0.100000 0.000000 0.000000
vn -0.100000 0.000000 0.000000
vn -0.100000 0.000000 0.000000
vn -0.100000 0.000000 0.000000
vn -0.100000 0.000000 0.000000
vn -0.100000 0.000000 0.000000
vn -0.100000 0.000000 0.000000
vn -0.100000 0.000000 0.000000
vn -0.100000 0.000000 0.000000
vn -0.100000 0.000000 0.000000
vn -0.100000 0.000000 0.000000
vn -0.100000 0.000000 0.000000
vn -0.100000 0.000000 0.000000
vn -0.100000 0.000000 0.000000
vn -0.100000 0.000000 0.000000
vn -0.100000 0.000000 0.000000
vn -0.100000 0.000000 0.000000
vn -0.100000 0.000000 0.000000
vn -0.100000 0.000000 0.000000
vn -0.100000 0.000000 0.000000
vn -0.100000 0.000000 0.000000
vn -0.100000 0.000000 0.000000
vn -0.100000 0.000000 0.000000
vn -0.100000 0.000000 0.000000
vn -0.100000 0.000000 0.000000
vn -0.100000 0.000000 0.000000
vn -0.100000 0.000000 0.000000
vn -0.100000 0.000000 0.000000
vn -0.100000 0.000000 0.000000
vn -0.100000 0.000000 0.000000
vn -0.100000 0.000000 0.000000
vn -0.100000 0.000000 0.000000
vn -0.100000 0.000000 0.000000
vn -0.100000 0.000000 0.000000
vn -0.100000 0.000000 0.000000
vn -0.100000 0.000000 0.000000
vn -0.100000 0.000000 0.000000
vn -0.100000 0.000000 0.000000
vn -0.100000 0.000000 0.000000
vn -0.100000 0.000000 0.000000
vn -0.100000 0.000000 0.000000
vn -0.100000 0.000000 0.000000
vn -0.100000 0.000000 0.000000
vn -0.100000 0.000000 0.000000
vn -0.100000 0.000000 0.000000
vn -0.100000 0.000000 0.000000
vn -0.100000 0.000000 0.000000
vn -0.100000 0.000000 0.000000
vn -0.100000 0.000000 0.000000
vn -0.100000 0.000000 0.000000
vn -0.100000 0.000000 0.000000
vn -0.100000 0.000000 0.000000
vn -0.100000 0.000000 0.000000
vn -0.100000 0.000000 0.000000
vn -0.100000 0.000000 0.000000
vn -0.100000 0.000000 0.000000
vn -0.100000 0.000000 0.000000
vn -0.100000 0.000000 0.000000
vn -0.100000 0.000000 0.000000
vn -0.100000 0.000000 0.000000
vn -0.100000 0.000000 0.000000
vn -0.100000 0.000000 0.000000
vn -0.100000 0.000000 0.000000
vn -0.100000 0.000000 0.000000
vn -0.100000 0.000000 0.000000
vn -0.100000 0.000000 0.000000
vn -0.100000 0.000000 0.000000
vn -0.100000 0.000000 0.000000
vn -0.100000 0.000000 0.000000
vn -0.100000 0.000000 0.000000
vn -0.100000 0.000000 0.000000
vn -0.100000 0.000000 0.000000
vn -0.100000 0.000000 0.000000
vn -0.100000 0.000000 0.000000
vn -0.100000 0.000000 0.000000
vn -0.100000 0.000000 0.000000
vn -0.100000 0.000000 0.000000
vn -0.100000 0.000000 0.000000
vn -0.100000 0.000000 0.000000
vn -0.100000 0.000000 0.000000
vn -0.100000 0.000000 0.000000
vn -0.100000 0.000000 0.000000
vn -0.100000 0.000000 0.000000
vn -0.100000 0.000000 0.000000
vn -0.100000 0.000000 0.000000
vn -0.100000 0.000000 0.000000
vn -0.100000 0.000000 0.000000
vn -0.100000 0.000000 0.000000
vn -0.100000 0.000000 0.000000
vn -0.100000 0.000000 0.000000
vn -0.100000 0.000000 0.000000
vn -0.100000 0.000000 0.000000
vn -0.100000 0.000000 0.000000
vn -0.100000 0.000000 0.000000
vn -0.100000 0.000000 0.000000
vn -0.100000 0.000000 0.000000
vn -0.100000 0.000000 0.000000
vn -0.100000 0.000000 0.000000
vn -0.100000 0.000000 0.000000
vn -0.100000 0.000000 0.000000
vn -0.100000 0.000000 0.000000
vn -0.100000 0.000000 0.000000
vn 0.000000 -0.066953 0.074279
vn 0.000000 -0.066953 0.074279
vn 0.000000 -0.040723 0.091333
vn 0.000000 -0.040723 0.091333
vn 0.000000 -0.010506 0.099447
vn 0.000000 -0.010506 0.099447
vn 0.000000 0.020739 0.097826
vn 0.000000 0.020739 0.097826
vn 0.000000 0.049954 0.086629
vn 0.000000 0.049954 0.086629
vn 0.000000 0.074279 0.066953
vn 0.000000 0.074279 0.066953
vn 0.000000 0.091333 0.040723
vn 0.000000 0.091333 0.040723
vn 0.000000 0.099447 0.010506
vn 0.000000 0.099447 0.010506
vn -0.000000 0.097826 -0.020739
vn -0.000000 0.097826 -0.020739
vn -0.000000 0.086629 -0.049954
vn -0.000000 0.086629 -0.049954
vn -0.000000 0.066953 -0.074279
vn -0.000000 0.066953 -0.074279
vn 0.000000 0.076028 -0.064960
vn 0.000000 0.076028 -0.064960
vn 0.000000 0.083816 -0.054543
vn 0.000000 0.083816 -0.054543
vn 0.000000 0.090186 -0.043202
vn 0.000000 0.090186 -0.043202
vn 0.000000 0.095031 -0.031131
vn 0.000000 0.095031 -0.031131
vn 0.000000 0.098268 -0.018533
vn 0.000000 0.098268 -0.018533
vn 0.000000 0.099842 -0.005621
vn 0.000000 0.099842 -0.005621
vn 0.000000 0.099727 0.007385
vn 0.000000 0.099727 0.007385
vn 0.000000 0.097925 0.020267
vn 0.000000 0.097925 0.020267
vn 0.000000 0.094466 0.032806
vn 0.000000 0.094466 0.032806
vn 0.000000 0.089409 0.044789
vn 0.000000 0.089409 0.044789
vn 0.000000 0.082839 0.056015
vn 0.000000 0.082839 0.056015
vn 0.000000 0.074867 0.066294
vn 0.000000 0.074867 0.066294
vn 0.000000 0.065629 0.075450
vn 0.000000 0.065629 0.075450
vn 0.000000 0.055281 0.083331
vn 0.000000 0.055281 0.083331
vn 0.000000 0.043998 0.089801
vn 0.000000 0.043998 0.089801
vn 0.000000 0.031970 0.094752
vn 0.000000 0.031970 0.094752
vn 0.000000 0.019401 0.098100
vn 0.000000 0.019401 0.098100
vn 0.000000 0.006504 0.099788
vn 0.000000 0.006504 0.099788
vn 0.000000 -0.006504 0.099788
vn 0.000000 -0.006504 0.099788
vn 0.000000 -0.019401 0.098100
vn 0.000000 -0.019401 0.098100
vn 0.000000 -0.031970 0.094752
vn 0.000000 -0.031970 0.094752
vn 0.000000 -0.043998 0.089801
vn 0.000000 -0.043998 0.089801
vn 0.000000 -0.055281 0.083331
vn 0.000000 -0.055281 0.083331
vn 0.000000 -0.065629 0.075450
vn 0.000000 -0.065629 0.075450
vn 0.000000 -0.074867 0.066294
vn 0.000000 -0.074867 0.066294
vn 0.000000 -0.082839 0.056015
vn 0.000000 -0.082839 0.056015
vn 0.000000 -0.089409 0.044789
vn 0.000000 -0.089409 0.044789
vn 0.000000 -0.094466 0.032806
vn 0.000000 -0.094466 0.032806
vn 0.000000 -0.097925 0.020267
vn 0.000000 -0.097925 0.020267
vn 0.000000 -0.099727 0.007385
vn 0.000000 -0.099727 0.007385
vn 0.000000 -0.099842 -0.005621
vn 0.000000 -0.099842 -0.005621
vn 0.000000 -0.098268 -0.018533
vn 0.000000 -0.098268 -0.018533
vn 0.000000 -0.095031 -0.031131
vn 0.000000 -0.095031 -0.031131
vn 0.000000 -0.090186 -0.043202
vn 0.000000 -0.090186 -0.043202
vn 0.000000 -0.083816 -0.054543
vn 0.000000 -0.083816 -0.054543
vn 0.000000 -0.076028 -0.064960
vn 0.000000 -0.076028 -0.064960
vn 0.000000 -0.066953 -0.074279
vn 0.000000 -0.066953 -0.074279
vn 0.100000 0.000000 0.000000
vn 0.100000 0.000000 0.000000
vn 0.100000 0.000000 0.000000
vn 0.100000 0.000000 0.000000
vn 0.100000 0.000000 0.000000
vn 0.100000 0.000000 0.000000
vn 0.100000 0.000000 0.000000
vn 0.100000 0.000000 0.000000
vn 0.100000 0.000000 0.000000
vn 0.100000 0.000000 0.000000
vn 0.100000 0.000000 0.000000
vn 0.100000 0.000000 0.000000
vn 0.100000 0.000000 0.000000
vn 0.100000 0.000000 0.000000
vn 0.100000 0.000000 0.000000
vn 0.100000 0.000000 0.000000
vn 0.100000 0.000000 0.000000
vn 0.100000 0.000000 0.000000
vn 0.100000 0.000000 0.000000
vn 0.100000 0.000000 0.000000
vn 0.100000 0.000000 0.000000
vn 0.100000 0.000000 0.000000
vn 0.100000 0.000000 0.000000
vn 0.100000 0.000000 0.000000
vn 0.100000 0.000000 0.000000
vn 0.100000 0.000000 0.000000
vn 0.100000 0.000000 0.000000
vn 0.100000 0.000000 0.000000
vn 0.100000 0.000000 0.000000
vn 0.100000 0.000000 0.000000
vn 0.100000 0.000000 0.000000
vn 0.100000 0.000000 0.000000
vn 0.100000 0.000000 0.000000
vn 0.100000 0.000000 0.000000
vn 0.100000 0.000000 0.000000
vn 0.100000 0.000000 0.000000
vn 0.100000 0.000000 0.000000
vn 0.100000 0.000000 0.000000
vn 0.100000 0.000000 0.000000
vn 0.100000 0.000000 0.000000
vn 0.100000 0.000000 0.000000
vn 0.100000 0.000000 0.000000
vn 0.100000 0.000000 0.000000
vn 0.100000 0.000000 0.000000
vn 0.100000 0.000000 0.000000
vn 0.100000 0.000000 0.000000
vn 0.100000 0.000000 0.000000
vn 0.100000 0.000000 0.000000
vn 0.100000 0.000000 0.000000
vn 0.100000 0.000000 0.000000
vn 0.100000 0.000000 0.000000
vn 0.100000 0.000000 0.000000
vn 0.100000 0.000000 0.000000
vn 0.100000 0.000000 0.000000
vn 0.100000 0.000000 0.000000
vn 0.100000 0.000000 0.000000
vn 0.100000 0.000000 0.000000
vn 0.100000 0.000000 0.000000
vn 0.100000 0.000000 0.000000
vn 0.100000 0.000000 0.000000
vn 0.100000 0.000000 0.000000
vn 0.100000 0.000000 0.000000
vn 0.100000 0.000000 0.000000
vn 0.100000 0.000000 0.000000
vn 0.100000 0.000000 0.000000
vn 0.100000 0.000000 0.000000
vn 0.100000 0.000000 0.000000
vn 0.100000 0.000000 0.000000
vn 0.100000 0.000000 0.000000
vn 0.100000 0.000000 0.000000
vn 0.100000 0.000000 0.000000
vn 0.100000 0.000000 0.000000
vn 0.100000 0.000000 0.000000
vn 0.100000 0.000000 0.000000
vn 0.100000 0.000000 0.000000
vn 0.100000 0.000000 0.000000
vn 0.100000 0.000000 0.000000
vn 0.100000 0.000000 0.000000
vn 0.100000 0.000000 0.000000
vn 0.100000 0.000000 0.000000
vn 0.100000 0.000000 0.000000
vn 0.100000 0.000000 0.000000
vn 0.100000 0.000000 0.000000
vn 0.100000 0.000000 0.000000
vn 0.100000 0.000000 0.000000
vn 0.100000 0.000000 0.000000
vn 0.100000 0.000000 0.000000
vn 0.100000 0.000000 0.000000
vn 0.100000 0.000000 0.000000
vn 0.100000 0.000000 0.000000
vn 0.100000 0.000000 0.000000
vn 0.100000 0.000000 0.000000
vn 0.100000 0.000000 0.000000
vn 0.100000 0.000000 0.000000
vn 0.100000 0.000000 0.000000
vn 0.100000 0.000000 0.000000
vn 0.100000 0.000000 0.000000
vn 0.100000 0.000000 0.000000
vn 0.100000 0.000000 0.000000
vn 0.100000 0.000000 0.000000
vn 0.100000 0.000000 0.000000
vn 0.100000 0.000000 0.000000
vn 0.100000 0.000000 0.000000
vn 0.100000 0.000000 0.000000
vn 0.100000 0.000000 0.000000
vn 0.100000 0.000000 0.000000
vn 0.100000 0.000000 0.000000
vn 0.100000 0.000000 0.000000
vn 0.100000 0.000000 0.000000
vn 0.100000 0.000000 0.000000
vn 0.100000 0.000000 0.000000
vn 0.100000 0.000000 0.000000
vn 0.100000 0.000000 0.000000
vn 0.100000 0.000000 0.000000
vn 0.100000 0.000000 0.000000
vn 0.100000 0.000000 0.000000
vn 0.100000 0.000000 0.000000
vn 0.100000 0.000000 0.000000
vn 0.100000 0.000000 0.000000
vn 0.100000 0.000000 0.000000
vn 0.100000 0.000000 0.000000
vn 0.100000 0.000000 0.000000
vn 0.100000 0.000000 0.000000
vn 0.100000 0.000000 0.000000
vn 0.100000 0.000000 0.000000
vn 0.100000 0.000000 0.000000
vn 0.100000 0.000000 0.000000
vn 0.100000 0.000000 0.000000
vn 0.100000 0.000000 0.000000
vn 0.100000 0.000000 0.000000
vn 0.100000 0.000000 0.000000
vn 0.100000 0.000000 0.000000
vn 0.100000 0.000000 0.000000
vn 0.100000 0.000000 0.000000
vn 0.100000 0.000000 0.000000
vn 0.100000 0.000000 0.000000
vn 0.100000 0.000000 0.000000
vn 0.100000 0.000000 0.000000
vn 0.100000 0.000000 0.000000
vn 0.100000 0.000000 0.000000
vn 0.100000 0.000000 0.000000
vn 0.100000 0.000000 0.000000
vn 0.100000 0.000000 0.000000
vn 0.100000 0.000000 0.000000
vn 0.100000 0.000000 0.000000
vn 0.100000 0.000000 0.000000
vn 0.100000 0.000000 0.000000
vn 0.100000 0.000000 0.000000
vn 0.100000 0.000000 0.000000
vn 0.100000 0.000000 0.000000
vn 0.100000 0.000000 0.000000
vn 0.100000 0.000000 0.000000
vn 0.100000 0.000000 0.000000
vn 0.100000 0.000000 0.000000
vn 0.100000 0.000000 0.000000
vn 0.100000 0.000000 0.000000
vn 0.100000 0.000000 0.000000
vn 0.100000 0.000000 0.000000
vn 0.100000 0.000000 0.000000
vn 0.100000 0.000000 0.000000
vn 0.100000 0.000000 0.000000
vn 0.100000 0.000000 0.000000
vn 0.100000 0.000000 0.000000
vn 0.100000 0.000000 0.000000
vn 0.100000 0.000000 0.000000
vn 0.100000 0.000000 0.000000
vn 0.100000 0.000000 0.000000
vn 0.100000 0.000000 0.000000
vn 0.100000 0.000000 0.000000
vn 0.100000 0.000000 0.000000
vn 0.100000 0.000000 0.000000
vn 0.100000 0.000000 0.000000
vn 0.100000 0.000000 0.000000
vn 0.100000 0.000000 0.000000
vn 0.100000 0.000000 0.000000
vn 0.100000 0.000000 0.000000
vn 0.100000 0.000000 0.000000
vn 0.100000 0.000000 0.000000
vn 0.100000 0.000000 0.000000
vn 0.100000 0.000000 0.000000
vn 0.100000 0.000000 0.000000
vn 0.100000 0.000000 0.000000
vn 0.100000 0.000000 0.000000
vn 0.100000 0.000000 0.000000
vn 0.100000 0.000000 0.000000
vn 0.100000 0.000000 0.000000
vn 0.100000 0.000000 0.000000
vn 0.100000 0.000000 0.000000
vn 0.100000 0.000000 0.000000
vn 0.100000 0.000000 0.000000
vn 0.100000 0.000000 0.000000
vn 0.100000 0.000000 0.000000
vn 0.100000 0.000000 0.000000
vn 0.100000 0.000000 0.000000
vn 0.100000 0.000000 0.000000
vn 0.100000 0.000000 0.000000
vn 0.100000 0.000000 0.000000
vn 0.100000 0.000000 0.000000
vn 0.100000 0.000000 0.000000
vn 0.100000 0.000000 0.000000
vn 0.100000 0.000000 0.000000
vn 0.100000 0.000000 0.000000
vn 0.100000 0.000000 0.000000
vn 0.100000 0.000000 0.000000
vn 0.100000 0.000000 0.000000
vn 0.100000 0.000000 0.000000
vn 0.100000 0.000000 0.000000
vn 0.100000 0.000000 0.000000
vn 0.100000 0.000000 0.000000
vn 0.100000 0.000000 0.000000
vn 0.100000 0.000000 0.000000
vn 0.100000 0.000000 0.000000
vn 0.100000 0.000000 0.000000
vn 0.100000 0.000000 0.000000
vn 0.100000 0.000000 0.000000
vn 0.100000 0.000000 0.000000
vn 0.000000 -0.086629 -0.049954
vn 0.000000 -0.086629 -0.049954
vn 0.000000 -0.097826 -0.020739
vn 0.000000 -0.097826 -0.020739
vn 0.000000 -0.099447 0.010506
vn 0.000000 -0.099447 0.010506
vn 0.000000 -0.091333 0.040723
vn 0.000000 -0.091333 0.040723
vn 0.000000 -0.074279 0.066953
vn 0.000000 -0.074279 0.066953
vn 0.000000 -0.049954 0.086629
vn 0.000000 -0.049954 0.086629
vn 0.000000 -0.020739 0.097826
vn 0.000000 -0.020739 0.097826
vn 0.000000 0.010506 0.099447
vn 0.000000 0.010506 0.099447
vn 0.000000 0.040723 0.091333
vn 0.000000 0.040723 0.091333
vn 0.000000 0.066953 0.074279
vn 0.000000 0.066953 0.074279
vn 0.000000 0.074260 0.066974
vn 0.000000 0.074260 0.066974
vn 0.000000 0.080774 0.058954
vn 0.000000 0.080774 0.058954
vn 0.000000 0.086426 0.050305
vn 0.000000 0.086426 0.050305
vn 0.000000 0.091155 0.041119
vn 0.000000 0.091155 0.041119
vn 0.000000 0.094911 0.031494
vn 0.000000 0.094911 0.031494
vn 0.000000 0.097654 0.021533
vn 0.000000 0.097654 0.021533
vn 0.000000 0.099355 0.011342
vn 0.000000 0.099355 0.011342
vn 0.000000 -0.100000 -0.000000
vn 0.000000 -0.100000 -0.000000
vn 0.000000 -0.095106 -0.030902
vn 0.000000 -0.095106 -0.030902
vn 0.000000 -0.080902 -0.058779
vn 0.000000 -0.080902 -0.058779
vn 0.000000 -0.058779 -0.080902
vn 0.000000 -0.058779 -0.080902
vn 0.000000 -0.030902 -0.095106
vn 0.000000 -0.030902 -0.095106
vn 0.000000 0.000000 -0.100000
vn 0.000000 0.000000 -0.100000
vn -0.000000 0.030902 -0.095106
vn -0.000000 0.030902 -0.095106
vn -0.000000 0.058779 -0.080902
vn -0.000000 0.058779 -0.080902
vn -0.000000 0.080902 -0.058779
vn -0.000000 0.080902 -0.058779
vn -0.000000 0.095106 -0.030902
vn -0.000000 0.095106 -0.030902
vn -0.000000 0.100000 -0.000000
vn -0.000000 0.100000 -0.000000
vn 0.000000 -0.100000 0.000000
vn 0.000000 -0.100000 0.000000
vn -0.000000 0.100000 -0.000000
vn -0.000000 0.100000 -0.000000
vn -0.000000 0.095106 -0.030902
vn -0.000000 0.095106 -0.030902
vn -0.000000 0.080902 -0.058779
vn -0.000000 0.080902 -0.058779
vn -0.000000 0.058779 -0.080902
vn -0.000000 0.058779 -0.080902
vn -0.000000 0.030902 -0.095106
vn -0.000000 0.030902 -0.095106
vn 0.000000 -0.000000 -0.100000
vn 0.000000 -0.000000 -0.100000
vn 0.000000 -0.030902 -0.095106
vn 0.000000 -0.030902 -0.095106
vn 0.000000 -0.058779 -0.080902
vn 0.000000 -0.058779 -0.080902
vn 0.000000 -0.080902 -0.058779
vn 0.000000 -0.080902 -0.058779
vn 0.000000 -0.095106 -0.030902
vn 0.000000 -0.095106 -0.030902
vn 0.000000 -0.100000 -0.000000
vn 0.000000 -0.100000 -0.000000
vn 0.000000 -0.086603 0.050000
vn 0.000000 -0.086603 0.050000
vn 0.000000 -0.100000 0.000000
vn 0.000000 -0.100000 0.000000
vn 0.000000 -0.086603 -0.050000
vn 0.000000 -0.086603 -0.050000
vn 0.000000 -0.050000 -0.086603
vn 0.000000 -0.050000 -0.086603
vn -0.000000 0.000000 -0.100000
vn -0.000000 0.000000 -0.100000
vn -0.000000 0.050000 -0.086603
vn -0.000000 0.050000 -0.086603
vn -0.000000 0.086603 -0.050000
vn -0.000000 0.086603 -0.050000
vn 0.000000 0.100000 0.000000
vn 0.000000 0.100000 0.000000
vn 0.000000 0.086603 0.050000
vn 0.000000 0.086603 0.050000
vn 0.000000 0.050000 0.086603
vn 0.000000 0.050000 0.086603
vn 0.000000 0.000000 0.100000
vn 0.000000 0.000000 0.100000
vn 0.000000 -0.050000 0.086603
vn 0.000000 -0.050000 0.086603
vn 0.000000 -0.086603 0.050000
vn 0.000000 -0.086603 0.050000
vn 0.000000 -0.100000 0.000000
vn 0.000000 -0.100000 0.000000
vn 0.000000 -0.086603 -0.050000
vn 0.000000 -0.086603 -0.050000
vn 0.000000 -0.050000 -0.086603
vn 0.000000 -0.050000 -0.086603
vn -0.000000 0.000000 -0.100000
vn -0.000000 0.000000 -0.100000
vn -0.000000 0.050000 -0.086603
vn -0.000000 0.050000 -0.086603
vn -0.000000 0.086603 -0.050000
vn -0.000000 0.086603 -0.050000
vn 0.000000 0.100000 0.000000
vn 0.000000 0.100000 0.000000
vn 0.000000 0.086603 0.050000
vn 0.000000 0.086603 0.050000
vn 0.000000 0.050000 0.086603
vn 0.000000 0.050000 0.086603
vn 0.000000 0.000000 0.100000
vn 0.000000 0.000000 0.100000
vn 0.000000 -0.050000 0.086603
vn 0.000000 -0.050000 0.086603
vn 0.000000 -0.086603 0.050000
vn 0.000000 -0.086603 0.050000
vn 0.000000 -0.100000 0.000000
vn 0.000000 -0.100000 0.000000
vn 0.000000 -0.086603 -0.050000
vn 0.000000 -0.086603 -0.050000
vn 0.000000 -0.050000 -0.086603
vn 0.000000 -0.050000 -0.086603
vn -0.000000 0.000000 -0.100000
vn -0.000000 0.000000 -0.100000
vn -0.000000 0.050000 -0.086603
vn -0.000000 0.050000 -0.086603
vn -0.000000 0.086603 -0.050000
vn -0.000000 0.086603 -0.050000
vn 0.000000 0.100000 0.000000
vn 0.000000 0.100000 0.000000
vn 0.000000 0.086603 0.050000
vn 0.000000 0.086603 0.050000
vn 0.000000 0.050000 0.086603
vn 0.000000 0.050000 0.086603
vn 0.000000 0.000000 0.100000
vn 0.000000 0.000000 0.100000
vn 0.000000 -0.050000 0.086603
vn 0.000000 -0.050000 0.086603
vn 0.000000 0.086603 -0.050000
vn 0.000000 0.086603 -0.050000
vn 0.000000 0.100000 -0.000000
vn 0.000000 0.100000 -0.000000
vn 0.000000 0.086603 0.050000
vn 0.000000 0.086603 0.050000
vn 0.000000 0.050000 0.086603
vn 0.000000 0.050000 0.086603
vn 0.000000 -0.000000 0.100000
vn 0.000000 -0.000000 0.100000
vn 0.000000 -0.050000 0.086603
vn 0.000000 -0.050000 0.086603
vn 0.000000 -0.086603 0.050000
vn 0.000000 -0.086603 0.050000
vn 0.000000 -0.100000 0.000000
vn 0.000000 -0.100000 0.000000
vn 0.000000 -0.086603 -0.050000
vn 0.000000 -0.086603 -0.050000
vn 0.000000 -0.050000 -0.086603
vn 0.000000 -0.050000 -0.086603
vn 0.000000 -0.000000 -0.100000
vn 0.000000 -0.000000 -0.100000
vn 0.000000 0.050000 -0.086603
vn 0.000000 0.050000 -0.086603
vn 0.000000 0.086603 -0.050000
vn 0.000000 0.086603 -0.050000
vn 0.000000 0.100000 -0.000000
vn 0.000000 0.100000 -0.000000
vn 0.000000 0.086603 0.050000
vn 0.000000 0.086603 0.050000
vn 0.000000 0.050000 0.086603
vn 0.000000 0.050000 0.086603
vn 0.000000 -0.000000 0.100000
vn 0.000000 -0.000000 0.100000
vn 0.000000 -0.050000 0.086603
vn 0.000000 -0.050000 0.086603
vn 0.000000 -0.086603 0.050000
vn 0.000000 -0.086603 0.050000
vn 0.000000 -0.100000 0.000000
vn 0.000000 -0.100000 0.000000
vn 0.000000 -0.086603 -0.050000
vn 0.000000 -0.086603 -0.050000
vn 0.000000 -0.050000 -0.086603
vn 0.000000 -0.050000 -0.086603
vn 0.000000 -0.000000 -0.100000
vn 0.000000 -0.000000 -0.100000
vn 0.000000 0.050000 -0.086603
vn 0.000000 0.050000 -0.086603
vn 0.000000 0.086603 -0.050000
vn 0.000000 0.086603 -0.050000
vn 0.000000 0.100000 -0.000000
vn 0.000000 0.100000 -0.000000
vn 0.000000 0.086603 0.050000
vn 0.000000 0.086603 0.050000
vn 0.000000 0.050000 0.086603
vn 0.000000 0.050000 0.086603
vn 0.000000 -0.000000 0.100000
vn 0.000000 -0.000000 0.100000
vn 0.000000 -0.050000 0.086603
vn 0.000000 -0.050000 0.086603
vn 0.000000 -0.086603 0.050000
vn 0.000000 -0.086603 0.050000
vn 0.000000 -0.100000 0.000000
vn 0.000000 -0.100000 0.000000
vn 0.000000 -0.086603 -0.050000
vn 0.000000 -0.086603 -0.050000
vn 0.000000 -0.050000 -0.086603
vn 0.000000 -0.050000 -0.086603
vn 0.000000 -0.000000 -0.100000
vn 0.000000 -0.000000 -0.100000
vn 0.000000 0.050000 -0.086603
vn 0.000000 0.050000 -0.086603
vn 0.000000 0.000000 -0.100000
vn 0.000000 0.000000 -0.100000
vn 0.000000 0.014231 -0.098982
vn 0.000000 0.014231 -0.098982
vn 0.000000 0.028173 -0.095949
vn 0.000000 0.028173 -0.095949
vn 0.000000 0.041542 -0.090963
vn 0.000000 0.041542 -0.090963
vn 0.000000 0.054064 -0.084125
vn 0.000000 0.054064 -0.084125
vn 0.000000 0.065486 -0.075575
vn 0.000000 0.065486 -0.075575
vn 0.000000 0.075575 -0.065486
vn 0.000000 0.075575 -0.065486
vn 0.000000 0.084125 -0.054064
vn 0.000000 0.084125 -0.054064
vn 0.000000 0.090963 -0.041542
vn 0.000000 0.090963 -0.041542
vn 0.000000 0.095949 -0.028173
vn 0.000000 0.095949 -0.028173
vn 0.000000 0.098982 -0.014231
vn 0.000000 0.098982 -0.014231
vn 0.000000 0.100000 -0.000000
vn 0.000000 0.100000 -0.000000
vn 0.000000 -0.098982 -0.014231
vn 0.000000 -0.098982 -0.014231
vn 0.000000 -0.095949 -0.028173
vn 0.000000 -0.095949 -0.028173
vn 0.000000 -0.090963 -0.041542
vn 0.000000 -0.090963 -0.041542
vn 0.000000 -0.084125 -0.054064
vn 0.000000 -0.084125 -0.054064
vn 0.000000 -0.075575 -0.065486
vn 0.000000 -0.075575 -0.065486
vn 0.000000 -0.065486 -0.075575
vn 0.000000 -0.065486 -0.075575
vn 0.000000 -0.054064 -0.084125
vn 0.000000 -0.054064 -0.084125
vn 0.000000 -0.041542 -0.090963
vn 0.000000 -0.041542 -0.090963
vn 0.000000 -0.028173 -0.095949
vn 0.000000 -0.028173 -0.095949
vn 0.000000 -0.014231 -0.098982
vn 0.000000 -0.014231 -0.098982
vn 0.000000 -0.000000 -0.100000
vn 0.000000 -0.000000 -0.100000
vn 0.000000 0.099355 0.011342
vn 0.000000 0.099355 0.011342
vn 0.000000 0.100000 0.000000
vn 0.000000 0.100000 0.000000
vn 0.000000 -0.100000 0.000000
vn 0.000000 -0.100000 0.000000
vn 0.000000 -0.099355 0.011342
vn 0.000000 -0.099355 0.011342
vn 0.000000 -0.099355 0.011342
vn 0.000000 -0.099355 0.011342
vn 0.000000 -0.074260 0.066974
vn 0.000000 -0.074260 0.066974
vn 0.000000 -0.080774 0.058954
vn 0.000000 -0.080774 0.058954
vn 0.000000 -0.086426 0.050305
vn 0.000000 -0.086426 0.050305
vn 0.000000 -0.091155 0.041119
vn 0.000000 -0.091155 0.041119
vn 0.000000 -0.094911 0.031494
vn 0.000000 -0.094911 0.031494
vn 0.000000 -0.097654 0.021533
vn 0.000000 -0.097654 0.021533
usemtl Steel_-_Satin
f 2/1/1 24/2/2 1/3/3
f 1/3/3 24/2/2 13/4/4
f 1/5/3 13/6/4 12/7/5
f 12/7/5 13/6/4 14/8/6
f 12/7/5 14/8/6 11/9/7
f 11/9/7 14/8/6 15/10/8
f 11/9/7 15/10/8 10/11/9
f 10/11/9 15/10/8 16/12/10
f 10/11/9 16/12/10 9/13/11
f 9/13/11 16/12/10 17/14/12
f 9/13/11 17/14/12 8/15/13
f 8/15/13 17/14/12 18/16/14
f 8/15/13 18/16/14 7/17/15
f 7/17/15 18/16/14 19/18/16
f 7/17/15 19/18/16 6/19/17
f 6/19/17 19/18/16 20/20/18
f 6/19/17 20/20/18 5/21/19
f 5/21/19 20/20/18 21/22/20
f 5/21/19 21/22/20 4/23/21
f 4/23/21 21/22/20 22/24/22
f 4/23/21 22/24/22 3/25/23
f 3/25/23 22/24/22 23/26/24
f 3/25/23 23/26/24 2/1/1
f 2/1/1 23/26/24 24/2/2
f 26/27/25 48/28/26 25/29/27
f 25/29/27 48/28/26 37/30/28
f 25/31/27 37/32/28 36/33/29
f 36/33/29 37/32/28 38/34/30
f 36/33/29 38/34/30 35/35/31
f 35/35/31 38/34/30 39/36/32
f 35/35/31 39/36/32 34/37/33
f 34/37/33 39/36/32 40/38/34
f 34/37/33 40/38/34 33/39/35
f 33/39/35 40/38/34 41/40/36
f 33/39/35 41/40/36 32/41/37
f 32/41/37 41/40/36 42/42/38
f 32/41/37 42/42/38 31/43/39
f 31/43/39 42/42/38 43/44/40
f 31/43/39 43/44/40 30/45/41
f 30/45/41 43/44/40 44/46/42
f 30/45/41 44/46/42 29/47/43
f 29/47/43 44/46/42 45/48/44
f 29/47/43 45/48/44 28/49/45
f 28/49/45 45/48/44 46/50/46
f 28/49/45 46/50/46 27/51/47
f 27/51/47 46/50/46 47/52/48
f 27/51/47 47/52/48 26/27/25
f 26/27/25 47/52/48 48/28/26
f 12/53/49 240/54/50 1/55/51
f 1/55/51 240/54/50 121/56/52
f 1/55/51 121/56/52 2/57/53
f 2/57/53 121/56/52 122/58/54
f 2/57/53 122/58/54 3/59/55
f 3/59/55 122/58/54 123/60/56
f 3/59/55 123/60/56 4/61/57
f 4/61/57 123/60/56 124/62/58
f 4/61/57 124/62/58 5/63/59
f 5/63/59 124/62/58 125/64/60
f 5/63/59 125/64/60 6/65/61
f 6/65/61 125/64/60 126/66/62
f 6/65/61 126/66/62 7/67/63
f 7/67/63 126/66/62 127/68/64
f 7/67/63 127/68/64 128/69/65
f 11/70/66 132/71/67 12/53/49
f 12/53/49 132/71/67 133/72/68
f 12/53/49 133/72/68 240/54/50
f 240/54/50 133/72/68 239/73/69
f 239/73/69 133/72/68 134/74/70
f 239/73/69 134/74/70 238/75/71
f 238/75/71 134/74/70 135/76/72
f 238/75/71 135/76/72 237/77/73
f 237/77/73 135/76/72 236/78/74
f 236/78/74 135/76/72 136/79/75
f 236/78/74 136/79/75 235/80/76
f 235/80/76 136/79/75 137/81/77
f 235/80/76 137/81/77 234/82/78
f 234/82/78 137/81/77 138/83/79
f 234/82/78 138/83/79 139/84/80
f 11/70/66 10/85/81 132/71/67
f 132/71/67 10/85/81 9/86/82
f 132/71/67 9/86/82 131/87/83
f 131/87/83 9/86/82 8/88/84
f 131/87/83 8/88/84 7/67/63
f 36/89/85 168/90/86 25/91/87
f 25/91/87 168/90/86 169/92/88
f 25/91/87 169/92/88 170/93/89
f 36/89/85 35/94/90 168/90/86
f 168/90/86 35/94/90 167/95/91
f 167/95/91 35/94/90 34/96/92
f 167/95/91 34/96/92 33/97/93
f 33/97/93 32/98/94 167/95/91
f 167/95/91 32/98/94 166/99/95
f 166/99/95 32/98/94 179/100/96
f 166/99/95 179/100/96 180/101/97
f 32/98/94 31/102/98 179/100/96
f 179/100/96 31/102/98 178/103/99
f 178/103/99 31/102/98 30/104/100
f 178/103/99 30/104/100 177/105/101
f 177/105/101 30/104/100 29/106/102
f 177/105/101 29/106/102 176/107/103
f 176/107/103 29/106/102 28/108/104
f 176/107/103 28/108/104 175/109/105
f 175/109/105 28/108/104 27/110/106
f 175/109/105 27/110/106 174/111/107
f 174/111/107 27/110/106 26/112/108
f 174/111/107 26/112/108 173/113/109
f 173/113/109 26/112/108 25/91/87
f 173/113/109 25/91/87 172/114/110
f 172/114/110 25/91/87 171/115/111
f 171/115/111 25/91/87 170/93/89
f 50/116/112 186/117/113 49/118/114
f 49/118/114 186/117/113 187/119/115
f 49/118/114 187/119/115 61/120/116
f 61/120/116 187/119/115 72/121/117
f 72/121/117 187/119/115 74/122/118
f 72/121/117 74/122/118 71/123/119
f 71/123/119 74/122/118 75/124/120
f 71/123/119 75/124/120 70/125/121
f 70/125/121 75/124/120 76/126/122
f 70/125/121 76/126/122 77/127/123
f 50/116/112 51/128/124 186/117/113
f 186/117/113 51/128/124 199/129/125
f 186/117/113 199/129/125 200/130/126
f 199/129/125 51/128/124 198/131/127
f 198/131/127 51/128/124 52/132/128
f 198/131/127 52/132/128 53/133/129
f 53/133/129 54/134/130 198/131/127
f 198/131/127 54/134/130 55/135/131
f 198/131/127 55/135/131 67/136/132
f 67/136/132 55/135/131 56/137/133
f 67/136/132 56/137/133 66/138/134
f 66/138/134 56/137/133 57/139/135
f 66/138/134 57/139/135 65/140/136
f 65/140/136 57/139/135 58/141/137
f 65/140/136 58/141/137 64/142/138
f 64/142/138 58/141/137 63/143/139
f 63/143/139 58/141/137 59/144/140
f 63/143/139 59/144/140 62/145/141
f 62/145/141 59/144/140 60/146/142
f 62/145/141 60/146/142 61/120/116
f 61/120/116 60/146/142 49/118/114
f 198/131/127 67/136/132 197/147/143
f 197/147/143 67/136/132 68/148/144
f 197/147/143 68/148/144 78/149/145
f 78/149/145 68/148/144 69/150/146
f 78/149/145 69/150/146 77/127/123
f 77/127/123 69/150/146 70/125/121
f 84/151/147 73/152/148 187/119/115
f 187/119/115 73/152/148 74/122/118
f 78/149/145 79/153/149 197/147/143
f 197/147/143 79/153/149 80/154/150
f 197/147/143 80/154/150 81/155/151
f 82/156/152 193/157/153 81/155/151
f 81/155/151 193/157/153 194/158/154
f 81/155/151 194/158/154 195/159/155
f 83/160/156 191/161/157 82/156/152
f 82/156/152 191/161/157 192/162/158
f 82/156/152 192/162/158 193/157/153
f 84/151/147 187/119/115 83/160/156
f 83/160/156 187/119/115 188/163/159
f 83/160/156 188/163/159 189/164/160
f 86/165/161 97/166/162 85/167/163
f 85/167/163 97/166/162 232/168/164
f 85/167/163 232/168/164 233/169/165
f 97/166/162 86/165/161 108/170/166
f 108/170/166 86/165/161 87/171/167
f 108/170/166 87/171/167 107/172/168
f 107/172/168 87/171/167 88/173/169
f 107/172/168 88/173/169 106/174/170
f 106/174/170 88/173/169 105/175/171
f 105/175/171 88/173/169 89/176/172
f 105/175/171 89/176/172 104/177/173
f 104/177/173 89/176/172 90/178/174
f 104/177/173 90/178/174 103/179/175
f 103/179/175 90/178/174 91/180/176
f 103/179/175 91/180/176 221/181/177
f 221/181/177 91/180/176 92/182/178
f 221/181/177 92/182/178 93/183/179
f 93/183/179 94/184/180 221/181/177
f 221/181/177 94/184/180 95/185/181
f 221/181/177 95/185/181 220/186/182
f 220/186/182 95/185/181 233/169/165
f 220/186/182 233/169/165 219/187/183
f 219/187/183 233/169/165 218/188/184
f 218/188/184 233/169/165 217/189/185
f 217/189/185 233/169/165 216/190/186
f 216/190/186 233/169/165 215/191/187
f 215/191/187 233/169/165 142/192/188
f 215/191/187 142/192/188 214/193/189
f 214/193/189 142/192/188 143/194/190
f 214/193/189 143/194/190 213/195/191
f 213/195/191 143/194/190 144/196/192
f 213/195/191 144/196/192 212/197/193
f 212/197/193 144/196/192 145/198/194
f 212/197/193 145/198/194 211/199/195
f 211/199/195 145/198/194 146/200/196
f 211/199/195 146/200/196 210/201/197
f 210/201/197 146/200/196 147/202/198
f 210/201/197 147/202/198 148/203/199
f 95/185/181 96/204/200 233/169/165
f 233/169/165 96/204/200 85/167/163
f 97/166/162 98/205/201 232/168/164
f 232/168/164 98/205/201 120/206/202
f 232/168/164 120/206/202 109/207/203
f 98/205/201 99/208/204 120/206/202
f 120/206/202 99/208/204 119/209/205
f 119/209/205 99/208/204 100/210/206
f 119/209/205 100/210/206 118/211/207
f 118/211/207 100/210/206 117/212/208
f 117/212/208 100/210/206 101/213/209
f 117/212/208 101/213/209 116/214/210
f 116/214/210 101/213/209 102/215/211
f 116/214/210 102/215/211 222/216/212
f 222/216/212 102/215/211 103/179/175
f 222/216/212 103/179/175 221/181/177
f 109/207/203 110/217/213 232/168/164
f 232/168/164 110/217/213 111/218/214
f 232/168/164 111/218/214 231/219/215
f 231/219/215 111/218/214 230/220/216
f 230/220/216 111/218/214 229/221/217
f 229/221/217 111/218/214 228/222/218
f 228/222/218 111/218/214 112/223/219
f 228/222/218 112/223/219 227/224/220
f 227/224/220 112/223/219 226/225/221
f 226/225/221 112/223/219 113/226/222
f 226/225/221 113/226/222 225/227/223
f 225/227/223 113/226/222 224/228/224
f 224/228/224 113/226/222 223/229/225
f 223/229/225 113/226/222 222/216/212
f 222/216/212 113/226/222 114/230/226
f 222/216/212 114/230/226 115/231/227
f 115/231/227 116/214/210 222/216/212
f 128/69/65 129/232/228 7/67/63
f 7/67/63 129/232/228 130/233/229
f 7/67/63 130/233/229 131/87/83
f 139/84/80 140/234/230 234/82/78
f 234/82/78 140/234/230 233/169/165
f 233/169/165 140/234/230 141/235/231
f 233/169/165 141/235/231 142/192/188
f 148/203/199 149/236/232 210/201/197
f 210/201/197 149/236/232 150/237/233
f 210/201/197 150/237/233 209/238/234
f 209/238/234 150/237/233 151/239/235
f 209/238/234 151/239/235 152/240/236
f 152/240/236 153/241/237 209/238/234
f 209/238/234 153/241/237 208/242/238
f 208/242/238 153/241/237 154/243/239
f 208/242/238 154/243/239 207/244/240
f 207/244/240 154/243/239 155/245/241
f 207/244/240 155/245/241 206/246/242
f 206/246/242 155/245/241 156/247/243
f 206/246/242 156/247/243 205/248/244
f 205/248/244 156/247/243 157/249/245
f 205/248/244 157/249/245 204/250/246
f 204/250/246 157/249/245 186/117/113
f 204/250/246 186/117/113 203/251/247
f 203/251/247 186/117/113 202/252/248
f 202/252/248 186/117/113 201/253/249
f 201/253/249 186/117/113 200/130/126
f 157/249/245 158/254/250 186/117/113
f 186/117/113 158/254/250 159/255/251
f 186/117/113 159/255/251 185/256/252
f 185/256/252 159/255/251 160/257/253
f 185/256/252 160/257/253 161/258/254
f 161/258/254 162/259/255 185/256/252
f 185/256/252 162/259/255 184/260/256
f 184/260/256 162/259/255 163/261/257
f 184/260/256 163/261/257 183/262/258
f 183/262/258 163/261/257 164/263/259
f 183/262/258 164/263/259 182/264/260
f 182/264/260 164/263/259 181/265/261
f 181/265/261 164/263/259 165/266/262
f 181/265/261 165/266/262 180/101/97
f 180/101/97 165/266/262 166/99/95
f 189/164/160 190/267/263 83/160/156
f 83/160/156 190/267/263 191/161/157
f 195/159/155 196/268/264 81/155/151
f 81/155/151 196/268/264 197/147/143
f 121/269/265 241/270/266 122/271/267
f 122/271/267 241/270/266 242/272/268
f 122/271/267 242/272/268 243/273/269
f 122/271/267 243/273/269 123/274/270
f 123/274/270 243/273/269 244/275/271
f 123/274/270 244/275/271 124/276/272
f 124/276/272 244/275/271 245/277/273
f 124/276/272 245/277/273 125/278/274
f 125/278/274 245/277/273 246/279/275
f 125/278/274 246/279/275 126/280/276
f 126/280/276 246/279/275 247/281/277
f 126/280/276 247/281/277 127/282/278
f 127/282/278 247/281/277 248/283/279
f 127/282/278 248/283/279 128/284/280
f 128/284/280 248/283/279 249/285/281
f 128/284/280 249/285/281 129/286/282
f 129/286/282 249/285/281 250/287/283
f 129/286/282 250/287/283 130/288/284
f 130/288/284 250/287/283 131/289/285
f 131/289/285 250/287/283 251/290/286
f 131/291/285 251/292/286 132/293/287
f 132/293/287 251/292/286 252/294/288
f 132/293/287 252/294/288 133/295/289
f 133/295/289 252/294/288 253/296/290
f 133/295/289 253/296/290 134/297/291
f 134/297/291 253/296/290 254/298/292
f 134/297/291 254/298/292 135/299/293
f 135/299/293 254/298/292 255/300/294
f 135/299/293 255/300/294 136/301/295
f 136/301/295 255/300/294 256/302/296
f 136/301/295 256/302/296 137/303/297
f 137/303/297 256/302/296 257/304/298
f 137/303/297 257/304/298 138/305/299
f 138/305/299 257/304/298 258/306/300
f 138/305/299 258/306/300 139/307/301
f 139/307/301 258/306/300 259/308/302
f 139/307/301 259/308/302 140/309/303
f 140/309/303 259/308/302 260/310/304
f 140/309/303 260/310/304 141/311/305
f 141/311/305 260/310/304 261/312/306
f 141/311/305 261/312/306 142/313/307
f 142/313/307 261/312/306 262/314/308
f 142/313/307 262/314/308 143/315/309
f 143/315/309 262/314/308 263/316/310
f 143/315/309 263/316/310 144/317/311
f 144/317/311 263/316/310 264/318/312
f 144/317/311 264/318/312 145/319/313
f 145/319/313 264/318/312 265/320/314
f 145/319/313 265/320/314 146/321/315
f 146/321/315 265/320/314 266/322/316
f 146/321/315 266/322/316 147/323/317
f 147/323/317 266/322/316 267/324/318
f 147/323/317 267/324/318 148/325/319
f 148/325/319 267/324/318 268/326/320
f 148/325/319 268/326/320 149/327/321
f 149/327/321 268/326/320 269/328/322
f 149/327/321 269/328/322 150/329/323
f 150/329/323 269/328/322 270/330/324
f 150/329/323 270/330/324 151/331/325
f 151/331/325 270/330/324 271/332/326
f 151/331/325 271/332/326 152/333/327
f 152/333/327 271/332/326 272/334/328
f 152/333/327 272/334/328 153/335/329
f 153/335/329 272/334/328 273/336/330
f 153/335/329 273/336/330 154/337/331
f 154/337/331 273/336/330 274/338/332
f 154/337/331 274/338/332 155/339/333
f 155/339/333 274/338/332 275/340/334
f 155/339/333 275/340/334 156/341/335
f 156/341/335 275/340/334 276/342/336
f 156/341/335 276/342/336 157/343/337
f 157/343/337 276/342/336 277/344/338
f 157/343/337 277/344/338 158/345/339
f 158/345/339 277/344/338 278/346/340
f 158/345/339 278/346/340 159/347/341
f 159/347/341 278/346/340 279/348/342
f 159/347/341 279/348/342 160/349/343
f 160/349/343 279/348/342 280/350/344
f 160/349/343 280/350/344 161/351/345
f 161/351/345 280/350/344 281/352/346
f 161/351/345 281/352/346 162/353/347
f 162/353/347 281/352/346 282/354/348
f 162/353/347 282/354/348 163/355/349
f 163/355/349 282/354/348 283/356/350
f 163/355/349 283/356/350 164/357/351
f 164/357/351 283/356/350 284/358/352
f 164/357/351 284/358/352 165/359/353
f 165/359/353 284/358/352 285/360/354
f 165/359/353 285/360/354 166/361/355
f 166/361/355 285/360/354 286/362/356
f 166/361/355 286/362/356 167/363/357
f 167/363/357 286/362/356 287/364/358
f 167/363/357 287/364/358 168/365/359
f 168/365/359 287/364/358 288/366/360
f 24/367/361 241/368/362 13/369/363
f 13/369/363 241/368/362 289/370/364
f 13/369/363 289/370/364 14/371/365
f 14/371/365 289/370/364 253/372/366
f 14/371/365 253/372/366 252/373/367
f 241/368/362 24/367/361 242/374/368
f 242/374/368 24/367/361 23/375/369
f 242/374/368 23/375/369 243/376/370
f 243/376/370 23/375/369 22/377/371
f 243/376/370 22/377/371 244/378/372
f 244/378/372 22/377/371 21/379/373
f 244/378/372 21/379/373 245/380/374
f 245/380/374 21/379/373 20/381/375
f 245/380/374 20/381/375 246/382/376
f 246/382/376 20/381/375 19/383/377
f 246/382/376 19/383/377 247/384/378
f 247/384/378 19/383/377 248/385/379
f 248/385/379 19/383/377 249/386/380
f 249/386/380 19/383/377 250/387/381
f 250/387/381 19/383/377 251/388/382
f 251/388/382 19/383/377 18/389/383
f 251/388/382 18/389/383 17/390/384
f 251/388/382 17/390/384 252/373/367
f 252/373/367 17/390/384 16/391/385
f 252/373/367 16/391/385 15/392/386
f 15/392/386 14/371/365 252/373/367
f 48/393/387 356/394/388 37/395/389
f 37/395/389 356/394/388 357/396/390
f 37/395/389 357/396/390 358/397/391
f 356/394/388 48/393/387 355/398/392
f 355/398/392 48/393/387 47/399/393
f 355/398/392 47/399/393 354/400/394
f 354/400/394 47/399/393 46/401/395
f 354/400/394 46/401/395 353/402/396
f 353/402/396 46/401/395 45/403/397
f 353/402/396 45/403/397 352/404/398
f 352/404/398 45/403/397 44/405/399
f 352/404/398 44/405/399 351/406/400
f 351/406/400 44/405/399 43/407/401
f 351/406/400 43/407/401 350/408/402
f 350/408/402 43/407/401 42/409/403
f 350/408/402 42/409/403 286/410/404
f 286/410/404 42/409/403 287/411/405
f 287/411/405 42/409/403 41/412/406
f 287/411/405 41/412/406 40/413/407
f 40/413/407 39/414/408 287/411/405
f 287/411/405 39/414/408 288/415/409
f 288/415/409 39/414/408 38/416/410
f 288/415/409 38/416/410 37/395/389
f 289/370/364 290/417/411 253/372/366
f 253/372/366 290/417/411 254/418/412
f 254/418/412 290/417/411 291/419/413
f 254/418/412 291/419/413 255/420/414
f 255/420/414 291/419/413 292/421/415
f 255/420/414 292/421/415 293/422/416
f 255/420/414 293/422/416 256/423/417
f 256/423/417 293/422/416 294/424/418
f 256/423/417 294/424/418 257/425/419
f 257/425/419 294/424/418 295/426/420
f 257/425/419 295/426/420 258/427/421
f 258/427/421 295/426/420 259/428/422
f 259/428/422 295/426/420 260/429/423
f 260/429/423 295/426/420 296/430/424
f 260/429/423 296/430/424 261/431/425
f 261/431/425 296/430/424 262/432/426
f 262/432/426 296/430/424 314/433/427
f 262/432/426 314/433/427 315/434/428
f 297/435/429 397/436/430 296/430/424
f 296/430/424 397/436/430 398/437/431
f 296/430/424 398/437/431 399/438/432
f 298/439/433 431/440/434 297/435/429
f 297/435/429 431/440/434 432/441/435
f 297/435/429 432/441/435 421/442/436
f 298/439/433 299/443/437 431/440/434
f 431/440/434 299/443/437 300/444/438
f 431/440/434 300/444/438 301/445/439
f 431/440/434 301/445/439 430/446/440
f 430/446/440 301/445/439 302/447/441
f 430/446/440 302/447/441 303/448/442
f 430/446/440 303/448/442 429/449/443
f 429/449/443 303/448/442 304/450/444
f 429/449/443 304/450/444 305/451/445
f 305/451/445 306/452/446 429/449/443
f 429/449/443 306/452/446 307/453/447
f 429/449/443 307/453/447 428/454/448
f 428/454/448 307/453/447 427/455/449
f 427/455/449 307/453/447 426/456/450
f 426/456/450 307/453/447 416/457/451
f 426/456/450 416/457/451 417/458/452
f 416/457/451 307/453/447 415/459/453
f 415/459/453 307/453/447 308/460/454
f 415/459/453 308/460/454 403/461/455
f 403/461/455 308/460/454 402/462/456
f 402/462/456 308/460/454 401/463/457
f 401/463/457 308/460/454 400/464/458
f 400/464/458 308/460/454 399/438/432
f 399/438/432 308/460/454 309/465/459
f 399/438/432 309/465/459 296/430/424
f 296/430/424 309/465/459 310/466/460
f 296/430/424 310/466/460 311/467/461
f 311/467/461 312/468/462 296/430/424
f 296/430/424 312/468/462 313/469/463
f 296/430/424 313/469/463 314/433/427
f 262/432/426 315/434/428 263/470/464
f 263/470/464 315/434/428 316/471/465
f 263/470/464 316/471/465 264/472/466
f 264/472/466 316/471/465 317/473/467
f 264/472/466 317/473/467 265/474/468
f 265/474/468 317/473/467 318/475/469
f 265/474/468 318/475/469 266/476/470
f 266/476/470 318/475/469 319/477/471
f 266/476/470 319/477/471 267/478/472
f 267/478/472 319/477/471 268/479/473
f 268/479/473 319/477/471 269/480/474
f 269/480/474 319/477/471 320/481/475
f 269/480/474 320/481/475 270/482/476
f 270/482/476 320/481/475 271/483/477
f 271/483/477 320/481/475 272/484/478
f 272/484/478 320/481/475 273/485/479
f 273/485/479 320/481/475 321/486/480
f 273/485/479 321/486/480 274/487/481
f 274/487/481 321/486/480 322/488/482
f 274/487/481 322/488/482 275/489/483
f 275/489/483 322/488/482 323/490/484
f 275/489/483 323/490/484 276/491/485
f 276/491/485 323/490/484 324/492/486
f 276/491/485 324/492/486 277/493/487
f 277/493/487 324/492/486 325/494/488
f 277/493/487 325/494/488 343/495/489
f 343/495/489 325/494/488 326/496/490
f 343/495/489 326/496/490 327/497/491
f 327/497/491 328/498/492 343/495/489
f 343/495/489 328/498/492 329/499/493
f 343/495/489 329/499/493 330/500/494
f 343/495/489 330/500/494 371/501/495
f 371/501/495 330/500/494 331/502/496
f 371/501/495 331/502/496 370/503/497
f 370/503/497 331/502/496 369/504/498
f 369/504/498 331/502/496 368/505/499
f 368/505/499 331/502/496 367/506/500
f 367/506/500 331/502/496 379/507/501
f 367/506/500 379/507/501 366/508/502
f 366/508/502 379/507/501 380/509/503
f 366/508/502 380/509/503 365/510/504
f 365/510/504 380/509/503 381/511/505
f 365/510/504 381/511/505 364/512/506
f 364/512/506 381/511/505 382/513/507
f 364/512/506 382/513/507 383/514/508
f 331/502/496 332/515/509 379/507/501
f 379/507/501 332/515/509 378/516/510
f 378/516/510 332/515/509 392/517/511
f 378/516/510 392/517/511 377/518/512
f 377/518/512 392/517/511 393/519/513
f 377/518/512 393/519/513 376/520/514
f 376/520/514 393/519/513 394/521/515
f 376/520/514 394/521/515 395/522/516
f 333/523/517 389/524/518 332/515/509
f 332/515/509 389/524/518 390/525/519
f 332/515/509 390/525/519 391/526/520
f 333/523/517 334/527/521 389/524/518
f 389/524/518 334/527/521 335/528/522
f 389/524/518 335/528/522 336/529/523
f 389/524/518 336/529/523 388/530/524
f 388/530/524 336/529/523 337/531/525
f 388/530/524 337/531/525 338/532/526
f 388/530/524 338/532/526 387/533/527
f 387/533/527 338/532/526 339/534/528
f 387/533/527 339/534/528 340/535/529
f 340/535/529 341/536/530 387/533/527
f 387/533/527 341/536/530 342/537/531
f 387/533/527 342/537/531 386/538/532
f 386/538/532 342/537/531 385/539/533
f 385/539/533 342/537/531 396/540/534
f 396/540/534 342/537/531 374/541/535
f 396/540/534 374/541/535 375/542/536
f 343/495/489 361/543/537 342/537/531
f 342/537/531 361/543/537 373/544/538
f 342/537/531 373/544/538 374/541/535
f 344/545/539 279/546/540 343/495/489
f 343/495/489 279/546/540 278/547/541
f 343/495/489 278/547/541 277/493/487
f 345/548/542 282/549/543 344/545/539
f 344/545/539 282/549/543 281/550/544
f 344/545/539 281/550/544 280/551/545
f 282/549/543 345/548/542 283/552/546
f 283/552/546 345/548/542 346/553/547
f 283/552/546 346/553/547 284/554/548
f 284/554/548 346/553/547 347/555/549
f 284/554/548 347/555/549 348/556/550
f 284/554/548 348/556/550 285/557/551
f 285/557/551 348/556/550 349/558/552
f 285/557/551 349/558/552 286/410/404
f 286/410/404 349/558/552 350/408/402
f 358/397/391 359/559/553 37/395/389
f 37/395/389 359/559/553 360/560/554
f 37/395/389 360/560/554 288/415/409
f 280/551/545 279/546/540 344/545/539
f 361/543/537 362/561/555 373/544/538
f 373/544/538 362/561/555 384/562/556
f 384/562/556 362/561/555 363/563/557
f 384/562/556 363/563/557 383/514/508
f 383/514/508 363/563/557 364/512/506
f 371/501/495 372/564/558 343/495/489
f 343/495/489 372/564/558 361/543/537
f 396/540/534 375/542/536 395/522/516
f 395/522/516 375/542/536 376/520/514
f 391/526/520 392/517/511 332/515/509
f 403/461/455 404/565/559 415/459/453
f 415/459/453 404/565/559 414/566/560
f 414/566/560 404/565/559 405/567/561
f 414/566/560 405/567/561 413/568/562
f 413/568/562 405/567/561 406/569/563
f 413/568/562 406/569/563 412/570/564
f 412/570/564 406/569/563 411/571/565
f 411/571/565 406/569/563 407/572/566
f 411/571/565 407/572/566 410/573/567
f 410/573/567 407/572/566 408/574/568
f 410/573/567 408/574/568 409/575/569
f 409/575/569 408/574/568 397/436/430
f 409/575/569 397/436/430 297/435/429
f 426/456/450 417/458/452 425/576/570
f 425/576/570 417/458/452 418/577/571
f 425/576/570 418/577/571 424/578/572
f 424/578/572 418/577/571 423/579/573
f 423/579/573 418/577/571 419/580/574
f 423/579/573 419/580/574 422/581/575
f 422/581/575 419/580/574 420/582/576
f 422/581/575 420/582/576 297/435/429
f 297/435/429 420/582/576 409/575/569
f 421/442/436 422/581/575 297/435/429
f 168/583/359 288/584/360 169/585/577
f 169/585/577 288/584/360 360/586/578
f 169/585/577 360/586/578 359/587/579
f 169/585/577 359/587/579 170/588/580
f 170/588/580 359/587/579 358/589/581
f 170/588/580 358/589/581 171/590/582
f 171/590/582 358/589/581 357/591/583
f 171/590/582 357/591/583 172/592/584
f 172/592/584 357/591/583 356/593/585
f 172/592/584 356/593/585 173/594/586
f 173/594/586 356/593/585 355/595/587
f 173/594/586 355/595/587 174/596/588
f 174/596/588 355/595/587 354/597/589
f 174/596/588 354/597/589 175/598/590
f 175/598/590 354/597/589 353/599/591
f 175/598/590 353/599/591 176/600/592
f 176/600/592 353/599/591 352/601/593
f 176/600/592 352/601/593 177/602/594
f 177/602/594 352/601/593 178/603/595
f 178/603/595 352/601/593 351/604/596
f 178/605/595 351/606/596 179/607/597
f 179/607/597 351/606/596 350/608/598
f 179/607/597 350/608/598 180/609/599
f 180/609/599 350/608/598 349/610/600
f 180/609/599 349/610/600 181/611/601
f 181/611/601 349/610/600 348/612/602
f 181/611/601 348/612/602 182/613/603
f 182/613/603 348/612/602 347/614/604
f 182/613/603 347/614/604 183/615/605
f 183/615/605 347/614/604 346/616/606
f 183/615/605 346/616/606 184/617/607
f 184/617/607 346/616/606 345/618/608
f 184/617/607 345/618/608 185/619/609
f 185/619/609 345/618/608 344/620/610
f 332/621/611 197/622/612 333/623/613
f 333/623/613 197/622/612 196/624/614
f 333/623/613 196/624/614 195/625/615
f 333/623/613 195/625/615 334/626/616
f 334/626/616 195/625/615 194/627/617
f 334/626/616 194/627/617 335/628/618
f 335/628/618 194/627/617 193/629/619
f 335/628/618 193/629/619 336/630/620
f 336/630/620 193/629/619 192/631/621
f 336/630/620 192/631/621 337/632/622
f 337/632/622 192/631/621 191/633/623
f 337/632/622 191/633/623 338/634/624
f 338/634/624 191/633/623 190/635/625
f 338/634/624 190/635/625 339/636/626
f 339/636/626 190/635/625 189/637/627
f 339/636/626 189/637/627 340/638/628
f 340/638/628 189/637/627 188/639/629
f 340/638/628 188/639/629 341/640/630
f 341/640/630 188/639/629 342/641/631
f 342/641/631 188/639/629 187/642/632
f 332/643/611 331/644/633 197/645/612
f 197/645/612 331/644/633 198/646/634
f 222/647/635 307/648/636 223/649/637
f 223/649/637 307/648/636 306/650/638
f 223/649/637 306/650/638 305/651/639
f 223/649/637 305/651/639 224/652/640
f 224/652/640 305/651/639 304/653/641
f 224/652/640 304/653/641 225/654/642
f 225/654/642 304/653/641 303/655/643
f 225/654/642 303/655/643 226/656/644
f 226/656/644 303/655/643 302/657/645
f 226/656/644 302/657/645 227/658/646
f 227/658/646 302/657/645 301/659/647
f 227/658/646 301/659/647 228/660/648
f 228/660/648 301/659/647 300/661/649
f 228/660/648 300/661/649 229/662/650
f 229/662/650 300/661/649 299/663/651
f 229/662/650 299/663/651 230/664/652
f 230/664/652 299/663/651 298/665/653
f 230/664/652 298/665/653 231/666/654
f 231/666/654 298/665/653 232/667/655
f 232/667/655 298/665/653 297/668/656
f 60/669/657 362/670/658 49/671/659
f 49/671/659 362/670/658 361/672/660
f 49/673/659 361/674/660 50/675/661
f 50/675/661 361/674/660 372/676/662
f 50/675/661 372/676/662 51/677/663
f 51/677/663 372/676/662 371/678/664
f 51/677/663 371/678/664 52/679/665
f 52/679/665 371/678/664 370/680/666
f 52/679/665 370/680/666 53/681/667
f 53/681/667 370/680/666 369/682/668
f 53/681/667 369/682/668 54/683/669
f 54/683/669 369/682/668 368/684/670
f 54/683/669 368/684/670 55/685/671
f 55/685/671 368/684/670 367/686/672
f 55/685/671 367/686/672 56/687/673
f 56/687/673 367/686/672 366/688/674
f 56/687/673 366/688/674 57/689/675
f 57/689/675 366/688/674 365/690/676
f 57/689/675 365/690/676 58/691/677
f 58/691/677 365/690/676 364/692/678
f 58/691/677 364/692/678 59/693/679
f 59/693/679 364/692/678 363/694/680
f 59/693/679 363/694/680 60/669/657
f 60/669/657 363/694/680 362/670/658
f 72/695/681 374/696/682 61/697/683
f 61/697/683 374/696/682 373/698/684
f 61/699/683 373/700/684 62/701/685
f 62/701/685 373/700/684 384/702/686
f 62/701/685 384/702/686 63/703/687
f 63/703/687 384/702/686 383/704/688
f 63/703/687 383/704/688 64/705/689
f 64/705/689 383/704/688 382/706/690
f 64/705/689 382/706/690 65/707/691
f 65/707/691 382/706/690 381/708/692
f 65/707/691 381/708/692 66/709/693
f 66/709/693 381/708/692 380/710/694
f 66/709/693 380/710/694 67/711/695
f 67/711/695 380/710/694 379/712/696
f 67/711/695 379/712/696 68/713/697
f 68/713/697 379/712/696 378/714/698
f 68/713/697 378/714/698 69/715/699
f 69/715/699 378/714/698 377/716/700
f 69/715/699 377/716/700 70/717/701
f 70/717/701 377/716/700 376/718/702
f 70/717/701 376/718/702 71/719/703
f 71/719/703 376/718/702 375/720/704
f 71/719/703 375/720/704 72/695/681
f 72/695/681 375/720/704 374/696/682
f 84/721/705 386/722/706 73/723/707
f 73/723/707 386/722/706 385/724/708
f 73/725/707 385/726/708 74/727/709
f 74/727/709 385/726/708 396/728/710
f 74/727/709 396/728/710 75/729/711
f 75/729/711 396/728/710 395/730/712
f 75/729/711 395/730/712 76/731/713
f 76/731/713 395/730/712 394/732/714
f 76/731/713 394/732/714 77/733/715
f 77/733/715 394/732/714 393/734/716
f 77/733/715 393/734/716 78/735/717
f 78/735/717 393/734/716 392/736/718
f 78/735/717 392/736/718 79/737/719
f 79/737/719 392/736/718 391/738/720
f 79/737/719 391/738/720 80/739/721
f 80/739/721 391/738/720 390/740/722
f 80/739/721 390/740/722 81/741/723
f 81/741/723 390/740/722 389/742/724
f 81/741/723 389/742/724 82/743/725
f 82/743/725 389/742/724 388/744/726
f 82/743/725 388/744/726 83/745/727
f 83/745/727 388/744/726 387/746/728
f 83/745/727 387/746/728 84/721/705
f 84/721/705 387/746/728 386/722/706
f 96/747/729 398/748/730 85/749/731
f 85/749/731 398/748/730 397/750/732
f 85/751/731 397/752/732 86/753/733
f 86/753/733 397/752/732 408/754/734
f 86/753/733 408/754/734 87/755/735
f 87/755/735 408/754/734 407/756/736
f 87/755/735 407/756/736 88/757/737
f 88/757/737 407/756/736 406/758/738
f 88/757/737 406/758/738 89/759/739
f 89/759/739 406/758/738 405/760/740
f 89/759/739 405/760/740 90/761/741
f 90/761/741 405/760/740 404/762/742
f 90/761/741 404/762/742 91/763/743
f 91/763/743 404/762/742 403/764/744
f 91/763/743 403/764/744 92/765/745
f 92/765/745 403/764/744 402/766/746
f 92/765/745 402/766/746 93/767/747
f 93/767/747 402/766/746 401/768/748
f 93/767/747 401/768/748 94/769/749
f 94/769/749 401/768/748 400/770/750
f 94/769/749 400/770/750 95/771/751
f 95/771/751 400/770/750 399/772/752
f 95/771/751 399/772/752 96/747/729
f 96/747/729 399/772/752 398/748/730
f 108/773/753 410/774/754 97/775/755
f 97/775/755 410/774/754 409/776/756
f 97/777/755 409/778/756 98/779/757
f 98/779/757 409/778/756 420/780/758
f 98/779/757 420/780/758 99/781/759
f 99/781/759 420/780/758 419/782/760
f 99/781/759 419/782/760 100/783/761
f 100/783/761 419/782/760 418/784/762
f 100/783/761 418/784/762 101/785/763
f 101/785/763 418/784/762 417/786/764
f 101/785/763 417/786/764 102/787/765
f 102/787/765 417/786/764 416/788/766
f 102/787/765 416/788/766 103/789/767
f 103/789/767 416/788/766 415/790/768
f 103/789/767 415/790/768 104/791/769
f 104/791/769 415/790/768 414/792/770
f 104/791/769 414/792/770 105/793/771
f 105/793/771 414/792/770 413/794/772
f 105/793/771 413/794/772 106/795/773
f 106/795/773 413/794/772 412/796/774
f 106/795/773 412/796/774 107/797/775
f 107/797/775 412/796/774 411/798/776
f 107/797/775 411/798/776 108/773/753
f 108/773/753 411/798/776 410/774/754
f 120/799/777 422/800/778 109/801/779
f 109/801/779 422/800/778 421/802/780
f 109/803/779 421/804/780 110/805/781
f 110/805/781 421/804/780 432/806/782
f 110/805/781 432/806/782 111/807/783
f 111/807/783 432/806/782 431/808/784
f 111/807/783 431/808/784 112/809/785
f 112/809/785 431/808/784 430/810/786
f 112/809/785 430/810/786 113/811/787
f 113/811/787 430/810/786 429/812/788
f 113/811/787 429/812/788 114/813/789
f 114/813/789 429/812/788 428/814/790
f 114/813/789 428/814/790 115/815/791
f 115/815/791 428/814/790 427/816/792
f 115/815/791 427/816/792 116/817/793
f 116/817/793 427/816/792 426/818/794
f 116/817/793 426/818/794 117/819/795
f 117/819/795 426/818/794 425/820/796
f 117/819/795 425/820/796 118/821/797
f 118/821/797 425/820/796 424/822/798
f 118/821/797 424/822/798 119/823/799
f 119/823/799 424/822/798 423/824/800
f 119/823/799 423/824/800 120/799/777
f 120/799/777 423/824/800 422/800/778
f 210/825/801 319/826/802 211/827/803
f 211/827/803 319/826/802 318/828/804
f 211/827/803 318/828/804 212/829/805
f 212/829/805 318/828/804 317/830/806
f 212/829/805 317/830/806 213/831/807
f 213/831/807 317/830/806 316/832/808
f 213/831/807 316/832/808 214/833/809
f 214/833/809 316/832/808 315/834/810
f 214/833/809 315/834/810 215/835/811
f 215/835/811 315/834/810 314/836/812
f 215/835/811 314/836/812 216/837/813
f 216/837/813 314/836/812 313/838/814
f 216/837/813 313/838/814 217/839/815
f 217/839/815 313/838/814 312/840/816
f 217/839/815 312/840/816 218/841/817
f 218/841/817 312/840/816 311/842/818
f 218/841/817 311/842/818 219/843/819
f 219/843/819 311/842/818 310/844/820
f 219/843/819 310/844/820 220/845/821
f 220/845/821 310/844/820 309/846/822
f 220/845/821 309/846/822 221/847/823
f 221/847/823 309/846/822 308/848/824
f 222/849/635 221/850/823 307/851/636
f 307/851/636 221/850/823 308/852/824
f 198/853/634 331/854/633 199/855/825
f 199/855/825 331/854/633 330/856/826
f 199/855/825 330/856/826 200/857/827
f 200/857/827 330/856/826 329/858/828
f 200/857/827 329/858/828 201/859/829
f 201/859/829 329/858/828 328/860/830
f 201/859/829 328/860/830 202/861/831
f 202/861/831 328/860/830 327/862/832
f 202/861/831 327/862/832 203/863/833
f 203/863/833 327/862/832 326/864/834
f 203/863/833 326/864/834 204/865/835
f 204/865/835 326/864/834 325/866/836
f 204/865/835 325/866/836 205/867/837
f 205/867/837 325/866/836 324/868/838
f 205/867/837 324/868/838 206/869/839
f 206/869/839 324/868/838 323/870/840
f 206/869/839 323/870/840 207/871/841
f 207/871/841 323/870/840 322/872/842
f 207/871/841 322/872/842 208/873/843
f 208/873/843 322/872/842 321/874/844
f 208/873/843 321/874/844 209/875/845
f 209/875/845 321/874/844 320/876/846
f 210/877/801 209/878/845 319/879/802
f 319/879/802 209/878/845 320/880/846
f 186/881/847 185/882/609 343/883/848
f 343/883/848 185/882/609 344/884/610
f 187/885/632 186/886/849 342/887/631
f 342/887/631 186/886/849 343/888/850
f 297/889/656 296/890/851 232/891/655
f 232/891/655 296/890/851 233/892/852
f 234/893/853 233/894/854 295/895/855
f 295/895/855 233/894/854 296/896/856
f 241/897/266 121/898/265 289/899/857
f 289/899/857 121/898/265 240/900/858
f 289/899/857 240/900/858 290/901/859
f 290/901/859 240/900/858 239/902/860
f 290/901/859 239/902/860 291/903/861
f 291/903/861 239/902/860 238/904/862
f 291/903/861 238/904/862 292/905/863
f 292/905/863 238/904/862 237/906/864
f 292/905/863 237/906/864 293/907/865
f 293/907/865 237/906/864 236/908/866
f 293/907/865 236/908/866 294/909/867
f 294/909/867 236/908/866 235/910/868
f 294/909/867 235/910/868 295/911/855
f 295/911/855 235/910/868 234/912/853
# 432 vertices
# 912 texture params
# 868 normals
# 892 facets

# 1 groups
