# WaveFront *.obj file (generated by Autodesk ATF)

mtllib narwhal_hull.mtl

g Body1

v 986.051904 -83.161630 -63.218246
v 989.922797 -77.923565 -68.982013
v 994.595109 -72.663478 -73.787259
v 999.871773 -67.619354 -77.598318
v 1005.626508 -63.008240 -80.416173
v 1011.749095 -59.110770 -82.221828
v 1018.248621 -56.187457 -82.982896
v 1025.214978 -54.602742 -82.552892
v 1032.122338 -54.783616 -80.807013
v 1038.468140 -56.617365 -77.869502
v 1043.995682 -59.631094 -73.966380
v 1048.794072 -63.510812 -69.082962
v 1052.674070 -67.868249 -63.353762
v 1055.450267 -72.335656 -57.015786
v 1057.042810 -76.701772 -50.198914
v 1057.349457 -80.841102 -43.038541
v 1056.255698 -84.647524 -35.744749
v 1053.683631 -88.046895 -28.609780
v 1049.626273 -91.016628 -21.969729
v 1044.198730 -93.569054 -16.207142
v 1037.559185 -95.775371 -11.619862
v 1030.010595 -97.682471 -8.511439
v 1021.890880 -99.332346 -7.081944
v 1013.575546 -100.705212 -7.449093
v 1005.485361 -101.727016 -9.639408
v 998.009250 -102.259300 -13.592599
v 991.580530 -102.124986 -19.114178
v 986.547763 -101.150677 -25.901785
v 983.175582 -99.220788 -33.519611
v 981.564966 -96.327477 -41.462520
v 981.640275 -92.572006 -49.266551
v 983.210029 -88.121013 -56.588839
v 1029.872991 54.523429 -81.528297
v 1022.878242 54.944611 -82.840757
v 1016.005986 57.046440 -82.848211
v 1009.664492 60.318867 -81.731764
v 1003.686967 64.462047 -79.599249
v 998.107773 69.214623 -76.474334
v 993.012522 74.347823 -72.344438
v 988.574551 79.632257 -67.222040
v 985.002861 84.815226 -61.151037
v 982.551895 89.627055 -54.285924
v 981.441563 93.871946 -46.780095
v 981.895976 97.367501 -38.879799
v 984.083872 99.958806 -30.972212
v 988.027064 101.572216 -23.558478
v 993.578014 102.254734 -17.121315
v 1000.437416 102.144961 -12.069625
v 1008.201324 101.423803 -8.687613
v 1016.454082 100.264398 -7.114546
v 1024.792774 98.780155 -7.384694
v 1032.787916 97.033514 -9.436642
v 1040.096256 95.009987 -13.130453
v 1046.353299 92.671435 -18.213486
v 1051.336761 89.940087 -24.407171
v 1054.857321 86.781423 -31.333284
v 1056.862764 83.185385 -38.632479
v 1057.387677 79.196979 -45.972641
v 1056.529454 74.904690 -53.087520
v 1054.402528 70.428396 -59.792677
v 1051.169613 66.004378 -65.849852
v 1047.081546 61.969849 -71.033277
v 1042.245972 58.523352 -75.364514
v 1036.479732 55.863377 -78.945203
v 876.900000 88.000000 60.304414
v 869.182667 87.208094 61.444048
v 862.054461 84.980108 64.490299
v 855.806995 81.608208 68.707385
v 850.650400 77.476389 73.334973
v 846.323895 72.563284 78.199694
v 842.816586 66.802208 83.174913
v 840.343038 60.371323 87.953718
v 839.063857 53.518353 92.283823
v 839.065538 46.463599 96.029446
v 840.519539 39.026870 99.284611
v 843.581887 31.728506 101.852162
v 848.130319 25.175679 103.666726
v 853.894081 19.756177 104.834579
v 860.957408 15.506349 105.547040
v 868.847351 12.863119 105.901685
v 876.900000 12.000000 106.002936
v 884.952649 12.863119 105.901685
v 892.842592 15.506349 105.547040
v 899.905919 19.756177 104.834579
v 905.669681 25.175679 103.666726
v 910.218113 31.728506 101.852162
v 913.280461 39.026870 99.284611
v 914.734462 46.463599 96.029446
v 914.736143 53.518353 92.283823
v 913.456962 60.371323 87.953718
v 910.983414 66.802208 83.174913
v 907.476105 72.563284 78.199694
v 903.149600 77.476389 73.334973
v 897.993005 81.608208 68.707385
v 891.745539 84.980108 64.490299
v 884.617333 87.208094 61.444048
v 876.900000 88.000000 -60.304414
v 884.617333 87.208094 -61.444048
v 891.745539 84.980108 -64.490299
v 897.993005 81.608208 -68.707385
v 903.149600 77.476389 -73.334973
v 907.476105 72.563284 -78.199694
v 910.983414 66.802208 -83.174913
v 913.456962 60.371323 -87.953718
v 914.736143 53.518353 -92.283823
v 914.734462 46.463599 -96.029446
v 913.280461 39.026870 -99.284611
v 910.218113 31.728506 -101.852162
v 905.669681 25.175679 -103.666726
v 899.905919 19.756177 -104.834579
v 892.842592 15.506349 -105.547040
v 884.952649 12.863119 -105.901685
v 876.900000 12.000000 -106.002936
v 868.847351 12.863119 -105.901685
v 860.957408 15.506349 -105.547040
v 853.894081 19.756177 -104.834579
v 848.130319 25.175679 -103.666726
v 843.581887 31.728506 -101.852162
v 840.519539 39.026870 -99.284611
v 839.065538 46.463599 -96.029446
v 839.063857 53.518353 -92.283823
v 840.343038 60.371323 -87.953718
v 842.816586 66.802208 -83.174913
v 846.323895 72.563284 -78.199694
v 850.650400 77.476389 -73.334973
v 855.806995 81.608208 -68.707385
v 862.054461 84.980108 -64.490299
v 869.182667 87.208094 -61.444048
v 876.900000 -12.000000 106.002936
v 868.847351 -12.863119 105.901685
v 860.957408 -15.506349 105.547040
v 853.894081 -19.756177 104.834579
v 848.130319 -25.175679 103.666726
v 843.581887 -31.728506 101.852162
v 840.519539 -39.026870 99.284611
v 839.065538 -46.463599 96.029446
v 839.063857 -53.518353 92.283823
v 840.343038 -60.371323 87.953718
v 842.816586 -66.802208 83.174913
v 846.323895 -72.563284 78.199694
v 850.650400 -77.476389 73.334973
v 855.806995 -81.608208 68.707385
v 862.054461 -84.980108 64.490299
v 869.182667 -87.208094 61.444048
v 876.900000 -88.000000 60.304414
v 884.617333 -87.208094 61.444048
v 891.745539 -84.980108 64.490299
v 897.993005 -81.608208 68.707385
v 903.149600 -77.476389 73.334973
v 907.476105 -72.563284 78.199694
v 910.983414 -66.802208 83.174913
v 913.456962 -60.371323 87.953718
v 914.736143 -53.518353 92.283823
v 914.734462 -46.463599 96.029446
v 913.280461 -39.026870 99.284611
v 910.218113 -31.728506 101.852162
v 905.669681 -25.175679 103.666726
v 899.905919 -19.756177 104.834579
v 892.842592 -15.506349 105.547040
v 884.952649 -12.863119 105.901685
v 876.900000 -12.000000 -106.002936
v 884.952649 -12.863119 -105.901685
v 892.842592 -15.506349 -105.547040
v 899.905919 -19.756177 -104.834579
v 905.669681 -25.175679 -103.666726
v 910.218113 -31.728506 -101.852162
v 913.280461 -39.026870 -99.284611
v 914.734462 -46.463599 -96.029446
v 914.736143 -53.518353 -92.283823
v 913.456962 -60.371323 -87.953718
v 910.983414 -66.802208 -83.174913
v 907.476105 -72.563284 -78.199694
v 903.149600 -77.476389 -73.334973
v 897.993005 -81.608208 -68.707385
v 891.745539 -84.980108 -64.490299
v 884.617333 -87.208094 -61.444048
v 876.900000 -88.000000 -60.304414
v 869.182667 -87.208094 -61.444048
v 862.054461 -84.980108 -64.490299
v 855.806995 -81.608208 -68.707385
v 850.650400 -77.476389 -73.334973
v 846.323895 -72.563284 -78.199694
v 842.816586 -66.802208 -83.174913
v 840.343038 -60.371323 -87.953718
v 839.063857 -53.518353 -92.283823
v 839.065538 -46.463599 -96.029446
v 840.519539 -39.026870 -99.284611
v 843.581887 -31.728506 -101.852162
v 848.130319 -25.175679 -103.666726
v 853.894081 -19.756177 -104.834579
v 860.957408 -15.506349 -105.547040
v 868.847351 -12.863119 -105.901685
v 939.400000 0.000000 106.680000
v 961.943942 0.000000 106.166307
v 984.270774 0.000000 104.630174
v 1006.165476 0.000000 102.086395
v 1027.417189 0.000000 98.559469
v 1047.821249 0.000000 94.083360
v 1067.181154 0.000000 88.701178
v 1085.310455 0.000000 82.464755
v 1102.034560 0.000000 75.434151
v 1117.192404 0.000000 67.677076
v 1130.638011 0.000000 59.268232
v 1142.241891 0.000000 50.288604
v 1151.892292 0.000000 40.824669
v 1159.496277 0.000000 30.967569
v 1164.980614 0.000000 20.812236
v 1168.292487 0.000000 10.456469
v 1169.400000 0.000000 -0.000000
v 939.400000 -20.812236 104.630174
v 939.400000 -40.824669 98.559469
v 939.400000 -59.268232 88.701178
v 939.400000 -75.434151 75.434151
v 939.400000 -88.701178 59.268232
v 939.400000 -98.559469 40.824669
v 939.400000 -104.630174 20.812236
v 939.400000 -106.680000 -0.000000
v 939.400000 -104.630174 -20.812236
v 939.400000 -98.559469 -40.824669
v 939.400000 -88.701178 -59.268232
v 939.400000 -75.434151 -75.434151
v 939.400000 -59.268232 -88.701178
v 939.400000 -40.824669 -98.559469
v 939.400000 -20.812236 -104.630174
v 939.400000 0.000000 -106.680000
v 939.400000 20.812236 -104.630174
v 939.400000 40.824669 -98.559469
v 939.400000 59.268232 -88.701178
v 939.400000 75.434151 -75.434151
v 939.400000 88.701178 -59.268232
v 939.400000 98.559469 -40.824669
v 939.400000 104.630174 -20.812236
v 939.400000 106.680000 0.000000
v 939.400000 104.630174 20.812236
v 939.400000 98.559469 40.824669
v 939.400000 88.701178 59.268232
v 939.400000 75.434151 75.434151
v 939.400000 59.268232 88.701178
v 939.400000 40.824669 98.559469
v 939.400000 20.812236 104.630174
v 1006.165476 -51.043198 -88.409411
v 961.943942 106.003790 -5.872069
v 961.943942 -53.083153 -91.942719
v 961.943942 -79.820056 -70.000310
v 984.270774 -78.665130 -68.987467
v 961.943942 -90.156659 -56.063013
v 961.943942 -98.084878 -40.628087
v 984.270774 -101.896918 -23.759029
v 961.943942 -103.392922 -24.107848
v 1168.292487 -10.434080 -0.683886
v 1164.980614 -20.767675 -1.361185
v 1159.496277 -30.901265 -2.025376
v 1151.892292 -40.737260 -2.670061
v 1142.241891 -50.180932 -3.289032
v 1130.638011 -59.141335 -3.876328
v 1117.192404 -67.532174 -4.426293
v 1102.034560 -75.272641 -4.933630
v 1085.310455 -82.288192 -5.393453
v 1067.181154 -88.511262 -5.801335
v 1047.821249 -93.881921 -6.153346
v 1027.417189 -98.348445 -6.446098
v 1006.165476 -101.867820 -6.676770
v 984.270774 -104.406152 -6.843141
v 961.943942 -105.938996 -6.943609
v 1067.181154 -86.384036 -20.141932
v 1085.310455 -80.310527 -18.725788
v 1102.034560 -73.463584 -17.129305
v 1117.192404 -65.909146 -15.367857
v 1130.638011 -57.719967 -13.458409
v 1142.241891 -48.974914 -11.419348
v 1151.892292 -39.758205 -9.270313
v 1159.496277 -30.158603 -7.032000
v 1164.980614 -20.268557 -4.725965
v 1168.292487 -10.183314 -2.374416
v 1067.181154 -81.949203 -33.944471
v 1085.310455 -76.187499 -31.557896
v 1102.034560 -69.692069 -28.867400
v 1117.192404 -62.525465 -25.898896
v 1130.638011 -54.756707 -22.680971
v 1142.241891 -46.460612 -19.244616
v 1151.892292 -37.717076 -15.622924
v 1159.496277 -28.610304 -11.850776
v 1164.980614 -19.227998 -7.964498
v 1168.292487 -9.660517 -4.001517
v 1067.181154 -75.325234 -46.840241
v 1085.310455 -70.029250 -43.546986
v 1102.034560 -64.058846 -39.834350
v 1117.192404 -57.471520 -35.738088
v 1130.638011 -50.330712 -31.297648
v 1142.241891 -42.705192 -26.555795
v 1151.892292 -34.668398 -21.558195
v 1159.496277 -26.297727 -16.352978
v 1164.980614 -17.673796 -10.990272
v 1168.292487 -8.879656 -5.521725
v 1067.181154 -66.689077 -58.484751
v 1085.310455 -62.000286 -54.372791
v 1102.034560 -56.714398 -49.737192
v 1117.192404 -50.882319 -44.622597
v 1130.638011 -44.560216 -39.078261
v 1142.241891 -37.808974 -33.157581
v 1151.892292 -30.693611 -26.917574
v 1159.496277 -23.282651 -20.418337
v 1164.980614 -15.647467 -13.722460
v 1168.292487 -7.861589 -6.894429
v 1047.821249 -59.685852 -72.727421
v 1067.181154 -56.271432 -68.566938
v 1085.310455 -52.315087 -63.746118
v 1102.034560 -47.854919 -58.311388
v 1117.192404 -42.933882 -52.315087
v 1130.638011 -37.599369 -45.814963
v 1142.241891 -31.902753 -38.873616
v 1151.892292 -25.898896 -31.557896
v 1159.496277 -19.645618 -23.938255
v 1164.980614 -13.203142 -16.088076
v 1168.292487 -6.633513 -8.082959
v 984.270774 -52.315087 -90.612388
v 1027.417189 -49.279734 -85.355004
v 1047.821249 -47.041680 -81.478580
v 1067.181154 -44.350589 -76.817474
v 1085.310455 -41.232378 -71.416573
v 1102.034560 -37.717076 -65.327891
v 1117.192404 -33.838538 -58.610067
v 1130.638011 -29.634116 -51.327795
v 1142.241891 -25.144302 -43.551208
v 1151.892292 -20.412334 -35.355200
v 1159.496277 -15.483785 -26.818702
v 1164.980614 -10.406118 -18.023925
v 1168.292487 -5.228234 -9.055567
v 1006.165476 -55.124103 -85.924184
v 984.270774 -55.116787 -88.936005
v 961.943942 -54.511205 -91.103310
v 984.270774 -66.376680 -80.880218
v 961.943942 -67.351192 -82.067665
v 1168.292487 4.624778 -9.378122
v 1164.980614 9.205016 -18.665927
v 1159.496277 13.696606 -27.773969
v 1151.892292 18.056289 -36.614532
v 1142.241891 22.242081 -45.102478
v 1130.638011 26.213669 -53.156062
v 1117.192404 29.932805 -60.697724
v 1102.034560 33.363672 -67.654834
v 1085.310455 36.473229 -73.960391
v 1067.181154 39.231528 -79.553669
v 1047.821249 41.612006 -84.380801
v 1027.417189 43.591738 -88.395301
v 1006.165476 45.151658 -91.558505
v 984.270774 46.276742 -93.839951
v 961.943942 46.956157 -95.217666
v 961.943942 61.839506 -86.296930
v 984.270774 60.944743 -85.048290
v 1006.165476 59.463048 -82.980588
v 1047.821249 54.801459 -76.475348
v 1067.181154 51.666458 -72.100459
v 1085.310455 48.033881 -67.031203
v 1102.034560 43.938711 -61.316400
v 1117.192404 39.420387 -55.011086
v 1130.638011 34.522424 -48.175986
v 1142.241891 29.291990 -40.876925
v 1151.892292 23.779459 -33.184196
v 1159.496277 18.037918 -25.171886
v 1164.980614 12.122663 -16.917157
v 1168.292487 6.090660 -8.499506
v 1067.181154 62.789034 -62.653302
v 1085.310455 58.368145 -58.254575
v 1102.034560 53.386152 -53.293808
v 1117.192404 47.891151 -47.818659
v 1130.638011 41.936168 -41.881752
v 1142.241891 35.578646 -35.540170
v 1151.892292 28.879891 -28.854903
v 1159.496277 21.904485 -21.890269
v 1164.980614 14.719657 -14.713288
v 1168.292487 7.394640 -7.393040
v 1067.181154 71.245454 -52.839230
v 1085.310455 66.236312 -49.124197
v 1102.034560 60.589279 -44.936072
v 1117.192404 54.358737 -40.315187
v 1130.638011 47.604691 -35.306045
v 1142.241891 40.392185 -29.956886
v 1151.892292 32.790681 -24.319227
v 1159.496277 24.873385 -18.447360
v 1164.980614 16.716544 -12.397834
v 1168.292487 8.398714 -6.228911
v 1067.181154 78.227455 -41.813446
v 1085.310455 72.727421 -38.873616
v 1102.034560 66.526982 -35.559413
v 1117.192404 59.685852 -31.902753
v 1130.638011 52.269915 -27.938851
v 1142.241891 44.350589 -23.705884
v 1151.892292 36.004143 -19.244616
v 1159.496277 27.310958 -14.598011
v 1164.980614 18.354753 -9.810820
v 1168.292487 9.221782 -4.929145
v 1067.181154 83.516068 -29.882527
v 1085.310455 77.644201 -27.781539
v 1102.034560 71.024578 -25.413000
v 1117.192404 63.720949 -22.799720
v 1130.638011 55.803653 -19.966866
v 1142.241891 47.348937 -16.941720
v 1151.892292 38.438224 -13.753417
v 1159.496277 29.157331 -10.432660
v 1164.980614 19.595637 -7.011431
v 1168.292487 9.845226 -3.522678
v 1047.821249 92.275575 -18.354753
v 1067.181154 86.996810 -17.304741
v 1085.310455 80.880218 -16.088076
v 1102.034560 73.984705 -14.716473
v 1117.192404 66.376680 -13.203142
v 1130.638011 58.129410 -11.562659
v 1142.241891 49.322322 -9.810820
v 1151.892292 40.040234 -7.964498
v 1159.496277 30.372536 -6.041473
v 1164.980614 20.412334 -4.060266
v 1168.292487 10.255550 -2.039956
v 961.943942 106.038425 -5.209334
v 984.270774 104.504142 -5.133959
v 1006.165476 101.963427 -5.009142
v 1027.417189 98.440749 -4.836084
v 1047.821249 93.970033 -4.616452
v 1067.181154 88.594334 -4.352361
v 1085.310455 82.365423 -4.046354
v 1102.034560 75.343288 -3.701378
v 1117.192404 67.595556 -3.320757
v 1130.638011 59.196841 -2.908154
v 1142.241891 50.228029 -2.467545
v 1151.892292 40.775493 -2.003172
v 1159.496277 30.930268 -1.519507
v 1164.980614 20.787166 -1.021208
v 1168.292487 10.443873 -0.513075
v 1006.165476 101.851569 -6.920256
v 984.270774 104.431793 -6.440026
v 984.270774 102.619734 -20.412334
v 961.943942 104.126351 -20.712019
v 961.943942 99.960256 -35.766351
v 961.943942 93.630323 -50.046451
v 984.270774 84.039744 -62.328122
v 961.943942 85.273577 -63.243195
v 984.270774 73.984705 -73.984705
v 961.943942 75.070915 -75.070915
v 1168.292487 1.534283 10.343293
v 1164.980614 3.053789 20.586975
v 1159.496277 4.543886 30.632392
v 1151.892292 5.990223 40.382803
v 1142.241891 7.378871 49.744306
v 1130.638011 8.696456 58.626743
v 1117.192404 9.930289 66.944573
v 1102.034560 11.068489 74.617691
v 1085.310455 12.100093 81.572199
v 1067.181154 13.015166 87.741122
v 1047.821249 13.804896 93.065050
v 1027.417189 14.461678 97.492711
v 1006.165476 14.979185 100.981464
v 984.270774 15.352435 103.497710
v 961.943942 15.577833 105.017217
v 961.943942 -17.294011 104.748279
v 984.270774 -17.043782 103.232663
v 1006.165476 -16.629412 100.722861
v 1027.417189 -16.054891 97.243042
v 1047.821249 -15.325754 92.826720
v 1067.181154 -14.449020 87.516426
v 1085.310455 -13.433135 81.363301
v 1102.034560 -12.287882 74.426603
v 1117.192404 -11.024289 66.773135
v 1130.638011 -9.654527 58.476606
v 1142.241891 -8.191786 49.616916
v 1151.892292 -6.650154 40.279387
v 1159.496277 -5.044477 30.553946
v 1164.980614 -3.390219 20.534253
v 1168.292487 -1.703311 10.316805
v 961.943942 -34.126041 100.532074
v 984.270774 -33.632267 99.077464
v 1006.165476 -32.814596 96.668683
v 1027.417189 -31.680903 93.328930
v 1047.821249 -30.242105 89.090369
v 1067.181154 -28.512059 83.993818
v 1085.310455 -26.507427 78.088361
v 1102.034560 -24.247513 71.430871
v 1117.192404 -21.754083 64.085462
v 1130.638011 -19.051149 56.122875
v 1142.241891 -16.164742 47.619794
v 1151.892292 -13.122660 38.658109
v 1159.496277 -9.954199 29.324124
v 1164.980614 -6.689874 19.707733
v 1168.292487 -3.361122 9.901545
v 961.943942 -50.046451 93.630323
v 984.270774 -49.322322 92.275575
v 1006.165476 -48.123193 90.032163
v 1027.417189 -46.460612 86.921691
v 1047.821249 -44.350589 82.974116
v 1067.181154 -41.813446 78.227455
v 1085.310455 -38.873616 72.727421
v 1102.034560 -35.559413 66.526982
v 1117.192404 -31.902753 59.685852
v 1130.638011 -27.938851 52.269915
v 1142.241891 -23.705884 44.350589
v 1151.892292 -19.244616 36.004143
v 1159.496277 -14.598011 27.310958
v 1164.980614 -9.810820 18.354753
v 1168.292487 -4.929145 9.221782
v 961.943942 -64.629953 84.227394
v 984.270774 -63.694814 83.008698
v 1006.165476 -62.146260 80.990582
v 1027.417189 -59.999203 78.192484
v 1047.821249 -57.274321 74.641348
v 1067.181154 -53.997856 70.371376
v 1085.310455 -50.201362 65.423689
v 1102.034560 -45.921402 59.845936
v 1117.192404 -41.199193 53.691834
v 1130.638011 -36.080214 47.020650
v 1142.241891 -30.613762 39.896632
v 1151.892292 -24.852484 32.388387
v 1159.496277 -18.851862 24.568225
v 1164.980614 -12.669686 16.511457
v 1168.292487 -6.365495 8.295674
v 961.943942 -77.486973 72.574470
v 984.270774 -76.365805 71.524381
v 1006.165476 -74.509192 69.785474
v 1027.417189 -71.935015 67.374494
v 1047.821249 -68.668065 64.314661
v 1067.181154 -64.739803 60.635443
v 1085.310455 -60.188062 56.372272
v 1102.034560 -55.056677 51.566205
v 1117.192404 -49.395066 46.263528
v 1130.638011 -43.257754 40.515307
v 1142.241891 -36.703845 34.376902
v 1151.892292 -29.796459 27.907429
v 1159.496277 -22.602116 21.169192
v 1164.980614 -15.190103 14.227084
v 1168.292487 -7.631801 7.147961
v 961.943942 -96.703048 43.815581
v 984.270774 -95.303840 43.181608
v 1006.165476 -92.986804 42.131773
v 1027.417189 -89.774254 40.676186
v 1047.821249 -85.697130 38.828864
v 1067.181154 -80.794694 36.607600
v 1085.310455 -75.114162 34.033784
v 1102.034560 -68.710240 31.132205
v 1117.192404 -61.644600 27.930805
v 1130.638011 -53.985289 24.460416
v 1142.241891 -45.806070 20.754460
v 1151.892292 -37.185714 16.848628
v 1159.496277 -28.207239 12.780534
v 1164.980614 -18.957112 8.589356
v 1168.292487 -9.524419 4.315458
v 1168.292487 -8.694236 5.809303
v 1164.980614 -17.304741 11.562659
v 1159.496277 -25.748593 17.204660
v 1151.892292 -33.944471 22.680971
v 1142.241891 -41.813446 27.938851
v 1130.638011 -49.279734 32.927666
v 1117.192404 -56.271432 37.599369
v 1102.034560 -62.721205 41.908969
v 1085.310455 -68.566938 45.814963
v 1067.181154 -73.752334 49.279734
v 1047.821249 -78.227455 52.269915
v 1027.417189 -81.949203 54.756707
v 1006.165476 -84.881735 56.716162
v 984.270774 -86.996810 58.129410
v 961.943942 -88.274058 58.982840
v 961.943942 -102.548777 27.477862
v 984.270774 -101.064987 27.080282
v 1006.165476 -98.607885 26.421903
v 1027.417189 -95.201136 25.509068
v 1047.821249 -90.877548 24.350566
v 1067.181154 -85.678759 22.957554
v 1085.310455 -79.654837 21.343449
v 1102.034560 -72.863795 19.523795
v 1117.192404 -65.371035 17.516116
v 1130.638011 -57.248716 15.339747
v 1142.241891 -48.575061 13.015648
v 1151.892292 -39.433602 10.566202
v 1159.496277 -29.912375 8.014997
v 1164.980614 -20.103076 5.386603
v 1168.292487 -10.100173 2.706333
v 961.943942 -105.655087 10.406118
v 984.270774 -104.126351 10.255550
v 1006.165476 -101.594821 10.006217
v 1027.417189 -98.084878 9.660517
v 1047.821249 -93.630323 9.221782
v 1067.181154 -88.274058 8.694236
v 1085.310455 -82.067665 8.082959
v 1102.034560 -75.070915 7.393840
v 1117.192404 -67.351192 6.633513
v 1130.638011 -58.982840 5.809303
v 1142.241891 -50.046451 4.929145
v 1151.892292 -40.628087 4.001517
v 1159.496277 -30.818452 3.035353
v 1164.980614 -20.712019 2.039956
v 1168.292487 -10.406118 1.024913
v 961.943942 -37.397087 -99.361676
v 984.270774 -36.855984 -97.924000
v 1006.165476 -35.959938 -95.543262
v 1027.417189 -34.717578 -92.242391
v 1047.821249 -33.140868 -88.053175
v 1067.181154 -31.244994 -83.015958
v 1085.310455 -29.048214 -77.179253
v 1102.034560 -26.571683 -70.599269
v 1117.192404 -23.839253 -63.339376
v 1130.638011 -20.877238 -55.469490
v 1142.241891 -17.714163 -47.065402
v 1151.892292 -14.380491 -38.208049
v 1159.496277 -10.908328 -28.982732
v 1164.980614 -7.331111 -19.478295
v 1168.292487 -3.683292 -9.786271
v 961.943942 -3.473664 -106.109464
v 984.270774 -3.423403 -104.574153
v 1006.165476 -3.340173 -102.031737
v 1027.417189 -3.224775 -98.506699
v 1047.821249 -3.078321 -94.032987
v 1067.181154 -2.902221 -88.653687
v 1085.310455 -2.698171 -82.420603
v 1102.034560 -2.468136 -75.393763
v 1117.192404 -2.214332 -67.640840
v 1130.638011 -1.939202 -59.236500
v 1142.241891 -1.645397 -50.261679
v 1151.892292 -1.335746 -40.802811
v 1159.496277 -1.013230 -30.950989
v 1164.980614 -0.680957 -20.801092
v 1168.292487 -0.342126 -10.450870
v 1168.292487 -2.039956 -10.255550
v 1164.980614 -4.060266 -20.412334
v 1159.496277 -6.041473 -30.372536
v 1151.892292 -7.964498 -40.040234
v 1142.241891 -9.810820 -49.322322
v 1130.638011 -11.562659 -58.129410
v 1117.192404 -13.203142 -66.376680
v 1102.034560 -14.716473 -73.984705
v 1085.310455 -16.088076 -80.880218
v 1067.181154 -17.304741 -86.996810
v 1047.821249 -18.354753 -92.275575
v 1027.417189 -19.227998 -96.665676
v 1006.165476 -19.916068 -100.124834
v 984.270774 -20.412334 -102.619734
v 961.943942 -20.712019 -104.126351
v 961.943942 13.857484 -105.258039
v 984.270774 13.656978 -103.735048
v 1006.165476 13.324948 -101.213032
v 1027.417189 12.864592 -97.716279
v 1047.821249 12.280343 -93.278464
v 1067.181154 11.577827 -87.942327
v 1085.310455 10.763810 -81.759258
v 1102.034560 9.846133 -74.788802
v 1117.192404 8.833631 -67.098089
v 1130.638011 7.736057 -58.761185
v 1142.241891 6.563980 -49.858378
v 1151.892292 5.328689 -40.475408
v 1159.496277 4.042079 -30.702638
v 1164.980614 2.716542 -20.634184
v 1168.292487 1.364843 -10.367012
v 961.943942 30.818452 -101.594821
v 984.270774 30.372536 -100.124834
v 1006.165476 29.634116 -97.690589
v 1027.417189 28.610304 -94.315531
v 1047.821249 27.310958 -90.032163
v 1067.181154 25.748593 -84.881735
v 1085.310455 23.938255 -78.913850
v 1102.034560 21.897378 -72.185982
v 1117.192404 19.645618 -64.762923
v 1130.638011 17.204660 -56.716162
v 1142.241891 14.598011 -48.123193
v 1151.892292 11.850776 -39.066772
v 1159.496277 8.989411 -29.634116
v 1164.980614 6.041473 -19.916068
v 1168.292487 3.035353 -10.006217
v 961.943942 105.655087 10.406118
v 984.270774 104.126351 10.255550
v 1006.165476 101.594821 10.006217
v 1027.417189 98.084878 9.660517
v 1047.821249 93.630323 9.221782
v 1067.181154 88.274058 8.694236
v 1085.310455 82.067665 8.082959
v 1102.034560 75.070915 7.393840
v 1117.192404 67.351192 6.633513
v 1130.638011 58.982840 5.809303
v 1142.241891 50.046451 4.929145
v 1151.892292 40.628087 4.001517
v 1159.496277 30.818452 3.035353
v 1164.980614 20.712019 2.039956
v 1168.292487 10.406118 1.024913
v 961.943942 102.984635 25.796308
v 984.270774 101.494539 25.423058
v 1006.165476 99.026994 24.804971
v 1027.417189 95.605765 23.947997
v 1047.821249 91.263800 22.860392
v 1067.181154 86.042915 21.552628
v 1085.310455 79.993390 20.037301
v 1102.034560 73.173484 18.329004
v 1117.192404 65.648878 16.444188
v 1130.638011 57.492038 14.401006
v 1142.241891 48.781517 12.219134
v 1151.892292 39.601204 9.919585
v 1159.496277 30.039510 7.524506
v 1164.980614 20.188519 5.056961
v 1168.292487 10.143101 2.540715
v 961.943942 91.061879 54.580390
v 984.270774 89.744293 53.790659
v 1006.165476 87.562422 52.482896
v 1027.417189 84.537276 50.669693
v 1047.821249 80.697990 48.368514
v 1067.181154 76.081538 45.601519
v 1085.310455 70.732380 42.395357
v 1102.034560 64.702030 38.780904
v 1117.192404 58.048564 34.792970
v 1130.638011 50.836059 30.469961
v 1142.241891 43.133974 25.853509
v 1151.892292 35.016486 20.988074
v 1159.496277 26.561770 15.920512
v 1164.980614 17.851250 10.699627
v 1168.292487 8.968812 5.375699
v 1168.292487 9.660517 4.001517
v 1164.980614 19.227998 7.964498
v 1159.496277 28.610304 11.850776
v 1151.892292 37.717076 15.622924
v 1142.241891 46.460612 19.244616
v 1130.638011 54.756707 22.680971
v 1117.192404 62.525465 25.898896
v 1102.034560 69.692069 28.867400
v 1085.310455 76.187499 31.557896
v 1067.181154 81.949203 33.944471
v 1047.821249 86.921691 36.004143
v 1027.417189 91.057076 37.717076
v 1006.165476 94.315531 39.066772
v 984.270774 96.665676 40.040234
v 961.943942 98.084878 40.628087
v 961.943942 82.067665 67.351192
v 984.270774 80.880218 66.376680
v 1006.165476 78.913850 64.762923
v 1027.417189 76.187499 62.525465
v 1047.821249 72.727421 59.685852
v 1067.181154 68.566938 56.271432
v 1085.310455 63.746118 52.315087
v 1102.034560 58.311388 47.854919
v 1117.192404 52.315087 42.933882
v 1130.638011 45.814963 37.599369
v 1142.241891 38.873616 31.902753
v 1151.892292 31.557896 25.898896
v 1159.496277 23.938255 19.645618
v 1164.980614 16.088076 13.203142
v 1168.292487 8.082959 6.633513
v 961.943942 71.296934 78.664044
v 984.270774 70.265330 77.525845
v 1006.165476 68.557033 75.641029
v 1027.417189 66.188494 73.027749
v 1047.821249 63.182523 69.711172
v 1067.181154 59.568071 65.723238
v 1085.310455 55.379945 61.102353
v 1102.034560 50.658480 55.893019
v 1117.192404 45.449146 50.145405
v 1130.638011 39.802112 43.914864
v 1142.241891 33.771762 37.261398
v 1151.892292 27.416172 30.249084
v 1159.496277 20.796549 22.945455
v 1164.980614 13.976643 15.420849
v 1168.292487 7.022135 7.747732
v 961.943942 45.391945 95.973204
v 984.270774 44.735164 94.584557
v 1006.165476 43.647558 92.285008
v 1027.417189 42.139603 89.096704
v 1047.821249 40.225820 85.050351
v 1067.181154 37.924641 80.184915
v 1085.310455 35.258226 74.547256
v 1102.034560 32.252256 68.191665
v 1117.192404 28.935678 61.179352
v 1130.638011 25.340435 53.577848
v 1142.241891 21.501149 45.460359
v 1151.892292 17.454795 36.905063
v 1159.496277 13.240342 27.994351
v 1164.980614 8.898377 18.814038
v 1168.292487 4.470716 9.452536
v 1168.292487 5.809303 8.694236
v 1164.980614 11.562659 17.304741
v 1159.496277 17.204660 25.748593
v 1151.892292 22.680971 33.944471
v 1142.241891 27.938851 41.813446
v 1130.638011 32.927666 49.279734
v 1117.192404 37.599369 56.271432
v 1102.034560 41.908969 62.721205
v 1085.310455 45.814963 68.566938
v 1067.181154 49.279734 73.752334
v 1047.821249 52.269915 78.227455
v 1027.417189 54.756707 81.949203
v 1006.165476 56.716162 84.881735
v 984.270774 58.129410 86.996810
v 961.943942 58.982840 88.274058
v 961.943942 30.818452 101.594821
v 984.270774 30.372536 100.124834
v 1006.165476 29.634116 97.690589
v 1027.417189 28.610304 94.315531
v 1047.821249 27.310958 90.032163
v 1067.181154 25.748593 84.881735
v 1085.310455 23.938255 78.913850
v 1102.034560 21.897378 72.185982
v 1117.192404 19.645618 64.762923
v 1130.638011 17.204660 56.716162
v 1142.241891 14.598011 48.123193
v 1151.892292 11.850776 39.066772
v 1159.496277 8.989411 29.634116
v 1164.980614 6.041473 19.916068
v 1168.292487 3.035353 10.006217
v -0.000000 0.000000 106.680000
v -0.000000 -20.812236 104.630174
v -0.000000 -40.824669 98.559469
v -0.000000 -59.268232 88.701178
v -0.000000 -75.434151 75.434151
v -0.000000 -88.701178 59.268232
v -0.000000 -98.559469 40.824669
v -0.000000 -104.630174 20.812236
v -0.000000 -106.680000 -0.000000
v -0.000000 -104.630174 -20.812236
v -0.000000 -98.559469 -40.824669
v -0.000000 -88.701178 -59.268232
v -0.000000 -75.434151 -75.434151
v -0.000000 -59.268232 -88.701178
v -0.000000 -40.824669 -98.559469
v -0.000000 -20.812236 -104.630174
v -0.000000 0.000000 -106.680000
v -0.000000 20.812236 -104.630174
v -0.000000 40.824669 -98.559469
v -0.000000 59.268232 -88.701178
v -0.000000 75.434151 -75.434151
v -0.000000 88.701178 -59.268232
v -0.000000 98.559469 -40.824669
v -0.000000 104.630174 -20.812236
v -0.000000 106.680000 0.000000
v -0.000000 104.630174 20.812236
v -0.000000 98.559469 40.824669
v -0.000000 88.701178 59.268232
v -0.000000 75.434151 75.434151
v -0.000000 59.268232 88.701178
v -0.000000 40.824669 98.559469
v -0.000000 20.812236 104.630174
v 469.700000 0.000000 -106.680000
v 469.700000 88.701178 59.268232
v 469.700000 75.434151 75.434151
v 469.700000 0.000000 106.680000
v 469.700000 20.812236 104.630174
v 469.700000 40.824669 98.559469
v 469.700000 59.268232 88.701178
v 469.700000 88.701178 -59.268232
v 469.700000 75.434151 -75.434151
v 469.700000 59.268232 -88.701178
v 469.700000 40.824669 -98.559469
v 469.700000 20.812236 -104.630174
v 469.700000 -20.812236 104.630174
v 469.700000 -88.701178 59.268232
v 469.700000 -75.434151 75.434151
v 469.700000 -59.268232 88.701178
v 469.700000 -40.824669 98.559469
v 469.700000 -20.812236 -104.630174
v 469.700000 -40.824669 -98.559469
v 469.700000 -59.268232 -88.701178
v 469.700000 -75.434151 -75.434151
v 469.700000 -88.701178 -59.268232
v 469.700000 98.559469 40.824669
v 469.700000 104.630174 20.812236
v 469.700000 106.680000 0.000000
v 469.700000 104.630174 -20.812236
v 469.700000 98.559469 -40.824669
v 469.700000 -98.559469 -40.824669
v 469.700000 -104.630174 -20.812236
v 469.700000 -106.680000 -0.000000
v 469.700000 -104.630174 20.812236
v 469.700000 -98.559469 40.824669
v -106.680000 0.000000 0.000000
v -20.812236 104.630174 0.000000
v -40.824669 98.559469 0.000000
v -59.268232 88.701178 0.000000
v -75.434151 75.434151 0.000000
v -88.701178 59.268232 0.000000
v -98.559469 40.824669 0.000000
v -104.630174 20.812236 0.000000
v -20.812236 20.412334 102.619734
v -40.824669 19.227998 96.665676
v -59.268232 17.304741 86.996810
v -75.434151 14.716473 73.984705
v -88.701178 11.562659 58.129410
v -98.559469 7.964498 40.040234
v -104.630174 4.060266 20.412334
v -104.630174 -0.000000 20.812236
v -98.559469 -0.000000 40.824669
v -88.701178 -0.000000 59.268232
v -75.434151 -0.000000 75.434151
v -59.268232 -0.000000 88.701178
v -40.824669 -0.000000 98.559469
v -20.812236 -0.000000 104.630174
v -20.812236 40.040234 96.665676
v -40.824669 37.717076 91.057076
v -59.268232 33.944471 81.949203
v -75.434151 28.867400 69.692069
v -88.701178 22.680971 54.756707
v -98.559469 15.622924 37.717076
v -104.630174 7.964498 19.227998
v -20.812236 58.129410 86.996810
v -40.824669 54.756707 81.949203
v -59.268232 49.279734 73.752334
v -75.434151 41.908969 62.721205
v -88.701178 32.927666 49.279734
v -98.559469 22.680971 33.944471
v -104.630174 11.562659 17.304741
v -20.812236 73.984705 73.984705
v -40.824669 69.692069 69.692069
v -59.268232 62.721205 62.721205
v -75.434151 53.340000 53.340000
v -88.701178 41.908969 41.908969
v -98.559469 28.867400 28.867400
v -104.630174 14.716473 14.716473
v -20.812236 86.996810 58.129410
v -40.824669 81.949203 54.756707
v -59.268232 73.752334 49.279734
v -75.434151 62.721205 41.908969
v -88.701178 49.279734 32.927666
v -98.559469 33.944471 22.680971
v -104.630174 17.304741 11.562659
v -20.812236 96.665676 40.040234
v -40.824669 91.057076 37.717076
v -59.268232 81.949203 33.944471
v -75.434151 69.692069 28.867400
v -88.701178 54.756707 22.680971
v -98.559469 37.717076 15.622924
v -104.630174 19.227998 7.964498
v -20.812236 102.619734 20.412334
v -40.824669 96.665676 19.227998
v -59.268232 86.996810 17.304741
v -75.434151 73.984705 14.716473
v -88.701178 58.129410 11.562659
v -98.559469 40.040234 7.964498
v -104.630174 20.412334 4.060266
v -20.812236 102.619734 -20.412334
v -40.824669 96.665676 -19.227998
v -59.268232 86.996810 -17.304741
v -75.434151 73.984705 -14.716473
v -88.701178 58.129410 -11.562659
v -98.559469 40.040234 -7.964498
v -104.630174 20.412334 -4.060266
v -20.812236 96.665676 -40.040234
v -40.824669 91.057076 -37.717076
v -59.268232 81.949203 -33.944471
v -75.434151 69.692069 -28.867400
v -88.701178 54.756707 -22.680971
v -98.559469 37.717076 -15.622924
v -104.630174 19.227998 -7.964498
v -20.812236 86.996810 -58.129410
v -40.824669 81.949203 -54.756707
v -59.268232 73.752334 -49.279734
v -75.434151 62.721205 -41.908969
v -88.701178 49.279734 -32.927666
v -98.559469 33.944471 -22.680971
v -104.630174 17.304741 -11.562659
v -20.812236 73.984705 -73.984705
v -40.824669 69.692069 -69.692069
v -59.268232 62.721205 -62.721205
v -75.434151 53.340000 -53.340000
v -88.701178 41.908969 -41.908969
v -98.559469 28.867400 -28.867400
v -104.630174 14.716473 -14.716473
v -20.812236 58.129410 -86.996810
v -40.824669 54.756707 -81.949203
v -59.268232 49.279734 -73.752334
v -75.434151 41.908969 -62.721205
v -88.701178 32.927666 -49.279734
v -98.559469 22.680971 -33.944471
v -104.630174 11.562659 -17.304741
v -20.812236 40.040234 -96.665676
v -40.824669 37.717076 -91.057076
v -59.268232 33.944471 -81.949203
v -75.434151 28.867400 -69.692069
v -88.701178 22.680971 -54.756707
v -98.559469 15.622924 -37.717076
v -104.630174 7.964498 -19.227998
v -20.812236 20.412334 -102.619734
v -40.824669 19.227998 -96.665676
v -59.268232 17.304741 -86.996810
v -75.434151 14.716473 -73.984705
v -88.701178 11.562659 -58.129410
v -98.559469 7.964498 -40.040234
v -104.630174 4.060266 -20.412334
v -20.812236 0.000000 -104.630174
v -40.824669 0.000000 -98.559469
v -59.268232 0.000000 -88.701178
v -75.434151 0.000000 -75.434151
v -88.701178 0.000000 -59.268232
v -98.559469 0.000000 -40.824669
v -104.630174 -0.000000 -20.812236
v -20.812236 -20.412334 -102.619734
v -40.824669 -19.227998 -96.665676
v -59.268232 -17.304741 -86.996810
v -75.434151 -14.716473 -73.984705
v -88.701178 -11.562659 -58.129410
v -98.559469 -7.964498 -40.040234
v -104.630174 -4.060266 -20.412334
v -20.812236 -40.040234 -96.665676
v -40.824669 -37.717076 -91.057076
v -59.268232 -33.944471 -81.949203
v -75.434151 -28.867400 -69.692069
v -88.701178 -22.680971 -54.756707
v -98.559469 -15.622924 -37.717076
v -104.630174 -7.964498 -19.227998
v -20.812236 -58.129410 -86.996810
v -40.824669 -54.756707 -81.949203
v -59.268232 -49.279734 -73.752334
v -75.434151 -41.908969 -62.721205
v -88.701178 -32.927666 -49.279734
v -98.559469 -22.680971 -33.944471
v -104.630174 -11.562659 -17.304741
v -20.812236 -73.984705 -73.984705
v -40.824669 -69.692069 -69.692069
v -59.268232 -62.721205 -62.721205
v -75.434151 -53.340000 -53.340000
v -88.701178 -41.908969 -41.908969
v -98.559469 -28.867400 -28.867400
v -104.630174 -14.716473 -14.716473
v -20.812236 -86.996810 -58.129410
v -40.824669 -81.949203 -54.756707
v -59.268232 -73.752334 -49.279734
v -75.434151 -62.721205 -41.908969
v -88.701178 -49.279734 -32.927666
v -98.559469 -33.944471 -22.680971
v -104.630174 -17.304741 -11.562659
v -20.812236 -96.665676 -40.040234
v -40.824669 -91.057076 -37.717076
v -59.268232 -81.949203 -33.944471
v -75.434151 -69.692069 -28.867400
v -88.701178 -54.756707 -22.680971
v -98.559469 -37.717076 -15.622924
v -104.630174 -19.227998 -7.964498
v -20.812236 -102.619734 -20.412334
v -40.824669 -96.665676 -19.227998
v -59.268232 -86.996810 -17.304741
v -75.434151 -73.984705 -14.716473
v -88.701178 -58.129410 -11.562659
v -98.559469 -40.040234 -7.964498
v -104.630174 -20.412334 -4.060266
v -20.812236 -104.630174 -0.000000
v -40.824669 -98.559469 -0.000000
v -59.268232 -88.701178 -0.000000
v -75.434151 -75.434151 -0.000000
v -88.701178 -59.268232 -0.000000
v -98.559469 -40.824669 -0.000000
v -104.630174 -20.812236 -0.000000
v -20.812236 -102.619734 20.412334
v -40.824669 -96.665676 19.227998
v -59.268232 -86.996810 17.304741
v -75.434151 -73.984705 14.716473
v -88.701178 -58.129410 11.562659
v -98.559469 -40.040234 7.964498
v -104.630174 -20.412334 4.060266
v -20.812236 -96.665676 40.040234
v -40.824669 -91.057076 37.717076
v -59.268232 -81.949203 33.944471
v -75.434151 -69.692069 28.867400
v -88.701178 -54.756707 22.680971
v -98.559469 -37.717076 15.622924
v -104.630174 -19.227998 7.964498
v -20.812236 -86.996810 58.129410
v -40.824669 -81.949203 54.756707
v -59.268232 -73.752334 49.279734
v -75.434151 -62.721205 41.908969
v -88.701178 -49.279734 32.927666
v -98.559469 -33.944471 22.680971
v -104.630174 -17.304741 11.562659
v -20.812236 -73.984705 73.984705
v -40.824669 -69.692069 69.692069
v -59.268232 -62.721205 62.721205
v -75.434151 -53.340000 53.340000
v -88.701178 -41.908969 41.908969
v -98.559469 -28.867400 28.867400
v -104.630174 -14.716473 14.716473
v -20.812236 -58.129410 86.996810
v -40.824669 -54.756707 81.949203
v -59.268232 -49.279734 73.752334
v -75.434151 -41.908969 62.721205
v -88.701178 -32.927666 49.279734
v -98.559469 -22.680971 33.944471
v -104.630174 -11.562659 17.304741
v -20.812236 -40.040234 96.665676
v -40.824669 -37.717076 91.057076
v -59.268232 -33.944471 81.949203
v -75.434151 -28.867400 69.692069
v -88.701178 -22.680971 54.756707
v -98.559469 -15.622924 37.717076
v -104.630174 -7.964498 19.227998
v -20.812236 -20.412334 102.619734
v -40.824669 -19.227998 96.665676
v -59.268232 -17.304741 86.996810
v -75.434151 -14.716473 73.984705
v -88.701178 -11.562659 58.129410
v -98.559469 -7.964498 40.040234
v -104.630174 -4.060266 20.412334
vt -7.792356 9.342782 0.000000
vt 7.963226 9.564515 0.000000
vt -8.316163 10.038044 0.000000
vt 8.481523 10.269894 0.000000
vt -8.812101 10.760414 0.000000
vt 8.962705 10.999964 0.000000
vt -9.257201 11.510495 0.000000
vt 9.387195 11.759978 0.000000
vt -9.257201 -12.365609 0.000000
vt 9.387195 -12.116126 0.000000
vt -9.632748 -11.583792 0.000000
vt 9.736750 -11.323357 0.000000
vt -9.922079 -10.771793 0.000000
vt 9.995881 -10.501288 0.000000
vt -10.115068 -9.937035 0.000000
vt 10.157222 -9.659856 0.000000
vt -10.212499 -9.090298 0.000000
vt 10.225473 -8.808073 0.000000
vt -10.225930 -8.241086 0.000000
vt 10.214496 -7.954391 0.000000
vt -10.172702 -7.393632 0.000000
vt 10.142380 -7.105772 0.000000
vt -10.070521 -6.553778 0.000000
vt 10.026440 -6.263915 0.000000
vt -9.933235 -5.719758 0.000000
vt 9.878015 -5.427921 0.000000
vt -9.768247 -4.893671 0.000000
vt 9.703351 -4.600861 0.000000
vt -9.577537 -4.075737 0.000000
vt 9.500999 -3.780389 0.000000
vt -9.356905 -3.267201 0.000000
vt 9.267144 -2.972719 0.000000
vt -9.101663 -2.474150 0.000000
vt 8.994009 -2.176302 0.000000
vt -8.804690 -1.694633 0.000000
vt 8.678142 -1.397994 0.000000
vt -8.464752 -0.934928 0.000000
vt 8.318539 -0.639769 0.000000
vt -8.084110 -0.196232 0.000000
vt 7.919698 0.097274 0.000000
vt -7.670177 0.521525 0.000000
vt 7.490469 0.814984 0.000000
vt -7.233566 1.222560 0.000000
vt 7.042840 1.519433 0.000000
vt -6.786825 1.915450 0.000000
vt 6.600438 2.206961 0.000000
vt -6.351081 2.608347 0.000000
vt 6.196985 2.867944 0.000000
vt -5.963109 3.293910 0.000000
vt 5.852335 3.517915 0.000000
vt -5.661737 3.971476 0.000000
vt 5.586338 4.197583 0.000000
vt -5.478362 4.671739 0.000000
vt 5.452343 4.907994 0.000000
vt -5.460274 5.385241 0.000000
vt 5.494461 5.620717 0.000000
vt -5.618746 6.084180 0.000000
vt 5.704644 6.308880 0.000000
vt -5.911077 6.739382 0.000000
vt 6.031887 6.953554 0.000000
vt -6.300824 7.378463 0.000000
vt 6.446205 7.588945 0.000000
vt -6.761935 8.019982 0.000000
vt 6.921462 8.229175 0.000000
vt -7.266348 8.671684 0.000000
vt 7.434782 8.885869 0.000000
vt 6.144405 6.746165 0.000000
vt -6.144405 6.746165 0.000000
vt 6.030441 5.969026 0.000000
vt -6.030441 5.969026 0.000000
vt -6.144405 5.191887 0.000000
vt 6.449030 7.494201 0.000000
vt -6.449030 7.494201 0.000000
vt 6.870738 8.205172 0.000000
vt -6.870738 8.205172 0.000000
vt -7.333497 8.866784 0.000000
vt 7.333497 8.866784 0.000000
vt 7.819969 9.522252 0.000000
vt 8.317491 10.197613 0.000000
vt -8.317491 10.197613 0.000000
vt -7.819969 9.522252 0.000000
vt 8.795372 10.887583 0.000000
vt -8.795372 10.887583 0.000000
vt -9.228382 11.585706 0.000000
vt 9.228382 11.585706 0.000000
vt 9.602945 12.292210 0.000000
vt 9.928461 -10.824866 0.000000
vt -9.928461 -10.824866 0.000000
vt 9.602945 -11.583894 0.000000
vt -9.602945 -11.583894 0.000000
vt -9.602945 12.292210 0.000000
vt 10.185216 -10.031933 0.000000
vt -10.185216 -10.031933 0.000000
vt 10.366673 -9.232775 0.000000
vt -10.366673 -9.232775 0.000000
vt -10.483458 -8.440175 0.000000
vt 10.483458 -8.440175 0.000000
vt 10.554704 -7.614214 0.000000
vt -10.554704 -7.614214 0.000000
vt 10.590168 -6.780445 0.000000
vt -10.590168 -6.780445 0.000000
vt -10.600294 -5.969026 0.000000
vt 10.600294 -5.969026 0.000000
vt 10.590168 -5.157607 0.000000
vt -10.590168 -5.157607 0.000000
vt 10.554704 -4.323839 0.000000
vt -10.554704 -4.323839 0.000000
vt -10.483458 -3.497877 0.000000
vt 10.483458 -3.497877 0.000000
vt 10.366673 -2.705277 0.000000
vt 10.185216 -1.906119 0.000000
vt -10.185216 -1.906119 0.000000
vt -10.366673 -2.705277 0.000000
vt 9.928461 -1.113186 0.000000
vt -9.928461 -1.113186 0.000000
vt 9.602945 -0.354158 0.000000
vt -9.602945 -0.354158 0.000000
vt -9.228382 0.352346 0.000000
vt 9.228382 0.352346 0.000000
vt 8.795372 1.050469 0.000000
vt 8.317491 1.740439 0.000000
vt -8.317491 1.740439 0.000000
vt -8.795372 1.050469 0.000000
vt 7.819969 2.415800 0.000000
vt -7.819969 2.415800 0.000000
vt -7.333497 3.071268 0.000000
vt 7.333497 3.071268 0.000000
vt 6.870738 3.732880 0.000000
vt -6.870738 3.732880 0.000000
vt 6.449030 4.443851 0.000000
vt -6.449030 4.443851 0.000000
vt 6.144405 5.191887 0.000000
vt 10.590168 6.780445 0.000000
vt -10.590168 6.780445 0.000000
vt 10.600294 5.969026 0.000000
vt -10.600294 5.969026 0.000000
vt -10.590168 5.157607 0.000000
vt 10.554704 7.614214 0.000000
vt -10.554704 7.614214 0.000000
vt 10.483458 8.440175 0.000000
vt -10.483458 8.440175 0.000000
vt -10.366673 9.232775 0.000000
vt 10.366673 9.232775 0.000000
vt 10.185216 10.031933 0.000000
vt -10.185216 10.031933 0.000000
vt 9.928461 10.824866 0.000000
vt -9.928461 10.824866 0.000000
vt -9.602945 11.583894 0.000000
vt 9.602945 11.583894 0.000000
vt 9.228382 12.290398 0.000000
vt 8.795372 -10.887583 0.000000
vt -8.795372 -10.887583 0.000000
vt 9.228382 -11.585706 0.000000
vt -9.228382 -11.585706 0.000000
vt -9.228382 12.290398 0.000000
vt 8.317491 -10.197613 0.000000
vt -8.317491 -10.197613 0.000000
vt -7.819969 -9.522252 0.000000
vt 7.819969 -9.522252 0.000000
vt 7.333497 -8.866784 0.000000
vt 6.870738 -8.205172 0.000000
vt -6.870738 -8.205172 0.000000
vt -7.333497 -8.866784 0.000000
vt 6.449030 -7.494201 0.000000
vt -6.449030 -7.494201 0.000000
vt 6.144405 -6.746165 0.000000
vt -6.144405 -6.746165 0.000000
vt -6.030441 -5.969026 0.000000
vt 6.030441 -5.969026 0.000000
vt 6.144405 -5.191887 0.000000
vt 6.449030 -4.443851 0.000000
vt -6.449030 -4.443851 0.000000
vt -6.144405 -5.191887 0.000000
vt 6.870738 -3.732880 0.000000
vt -6.870738 -3.732880 0.000000
vt 7.333497 -3.071268 0.000000
vt -7.333497 -3.071268 0.000000
vt -7.819969 -2.415800 0.000000
vt 7.819969 -2.415800 0.000000
vt 8.317491 -1.740439 0.000000
vt 8.795372 -1.050469 0.000000
vt -8.795372 -1.050469 0.000000
vt -8.317491 -1.740439 0.000000
vt 9.228382 -0.352346 0.000000
vt -9.228382 -0.352346 0.000000
vt -9.602945 0.354158 0.000000
vt 9.602945 0.354158 0.000000
vt 9.928461 1.113186 0.000000
vt -9.928461 1.113186 0.000000
vt 10.185216 1.906119 0.000000
vt -10.185216 1.906119 0.000000
vt -10.366673 2.705277 0.000000
vt 10.366673 2.705277 0.000000
vt 10.483458 3.497877 0.000000
vt 10.554704 4.323839 0.000000
vt -10.554704 4.323839 0.000000
vt -10.483458 3.497877 0.000000
vt 10.590168 5.157607 0.000000
vt -24.724156 31.241329 0.000000
vt -26.399893 30.116637 0.000000
vt -24.498239 30.644378 0.000000
vt -24.639900 30.116637 0.000000
vt -24.189520 30.081494 0.000000
vt -23.815322 29.565039 0.000000
vt -24.639900 28.882349 0.000000
vt -23.390400 29.105373 0.000000
vt -22.923777 28.711807 0.000000
vt -24.639900 27.883459 0.000000
vt -22.879907 28.001158 0.000000
vt -22.879907 27.648061 0.000000
vt -21.886876 28.188094 0.000000
vt -21.119914 27.648061 0.000000
vt -21.305321 28.106458 0.000000
vt -20.721089 28.192537 0.000000
vt -19.359921 27.648061 0.000000
vt -20.176883 28.440659 0.000000
vt -19.696347 28.816583 0.000000
vt -19.359921 28.882349 0.000000
vt -19.273831 29.306102 0.000000
vt -17.599929 28.882349 0.000000
vt -18.928159 29.882339 0.000000
vt -17.599929 30.116637 0.000000
vt -18.678585 30.512192 0.000000
vt -18.534461 31.176020 0.000000
vt -17.599929 31.350926 0.000000
vt -18.506639 31.857130 0.000000
vt -17.599929 32.585214 0.000000
vt -18.605785 32.533441 0.000000
vt -18.837662 33.177548 0.000000
vt -17.599929 33.819503 0.000000
vt -19.200002 33.760842 0.000000
vt -19.678581 34.253744 0.000000
vt -19.359921 35.053791 0.000000
vt -20.255322 34.636759 0.000000
vt -21.119914 35.053791 0.000000
vt -20.900558 34.891876 0.000000
vt -21.583742 35.010604 0.000000
vt -22.879907 35.053791 0.000000
vt -22.273121 34.990540 0.000000
vt -22.935290 34.834838 0.000000
vt -23.540703 34.550658 0.000000
vt -24.639900 35.053791 0.000000
vt -24.639900 33.819503 0.000000
vt -26.399893 35.053791 0.000000
vt -26.399893 33.819503 0.000000
vt -28.159886 34.066360 0.000000
vt -28.159886 32.585214 0.000000
vt -26.399893 31.350926 0.000000
vt -24.848712 31.858231 0.000000
vt -26.399893 32.585214 0.000000
vt -24.854682 32.481384 0.000000
vt -24.726894 33.089932 0.000000
vt -24.458759 33.656488 0.000000
vt -28.159886 31.104068 0.000000
vt -28.159886 29.622922 0.000000
vt -26.399893 28.882349 0.000000
vt -28.159886 28.141776 0.000000
vt -26.399893 27.765760 0.000000
vt -26.399893 27.648061 0.000000
vt -24.639900 27.648061 0.000000
vt -24.639900 26.413772 0.000000
vt -22.879907 26.413772 0.000000
vt -22.879907 25.179484 0.000000
vt -21.119914 25.179484 0.000000
vt -21.119914 23.945195 0.000000
vt -19.359921 23.945195 0.000000
vt -19.359921 22.710907 0.000000
vt -17.599929 22.710907 0.000000
vt -17.599929 21.476618 0.000000
vt -15.839936 21.476618 0.000000
vt -15.839936 20.242330 0.000000
vt -14.079943 20.242330 0.000000
vt -14.079943 19.008042 0.000000
vt -12.319950 19.008042 0.000000
vt -12.319950 17.768040 0.000000
vt -10.559957 17.768856 0.000000
vt -10.559957 16.662894 0.000000
vt -8.799964 16.662894 0.000000
vt -8.799964 15.552034 0.000000
vt -7.039971 15.552034 0.000000
vt -7.039971 14.441174 0.000000
vt -5.279979 14.441174 0.000000
vt -5.279979 13.330315 0.000000
vt -3.519986 13.330315 0.000000
vt -3.519986 12.219455 0.000000
vt -1.759993 12.219455 0.000000
vt -1.759993 11.108596 0.000000
vt 0.000000 11.108596 0.000000
vt -24.056999 34.151794 0.000000
vt -22.423300 28.400226 0.000000
vt -20.348224 19.052927 0.000000
vt -19.359921 19.008042 0.000000
vt -20.912225 19.251832 0.000000
vt -19.359921 20.242330 0.000000
vt -21.119914 20.242330 0.000000
vt -21.119914 21.476618 0.000000
vt -22.879907 21.476618 0.000000
vt -22.879907 22.710907 0.000000
vt -24.639900 22.710907 0.000000
vt -24.639900 23.945195 0.000000
vt -26.399893 23.945195 0.000000
vt -26.399893 25.179484 0.000000
vt -28.159886 25.179484 0.000000
vt -26.399893 26.413772 0.000000
vt -28.159886 26.660630 0.000000
vt -19.849128 18.717649 0.000000
vt -19.425224 18.287002 0.000000
vt -17.599929 19.008042 0.000000
vt -19.062630 17.764913 0.000000
vt -17.599929 17.765591 0.000000
vt -18.773027 17.159014 0.000000
vt -17.599929 16.662894 0.000000
vt -18.580987 16.500166 0.000000
vt -18.503167 15.816601 0.000000
vt -17.599929 15.552034 0.000000
vt -18.550798 15.128864 0.000000
vt -17.599929 14.441174 0.000000
vt -18.732070 14.462913 0.000000
vt -19.047742 13.848096 0.000000
vt -19.489413 13.313080 0.000000
vt -19.359921 13.330315 0.000000
vt -17.599929 13.330315 0.000000
vt -15.839936 13.330315 0.000000
vt -15.839936 14.441174 0.000000
vt -14.079943 13.330315 0.000000
vt -14.079943 14.441174 0.000000
vt -12.319950 13.330315 0.000000
vt -12.319950 14.441174 0.000000
vt -10.559957 13.330315 0.000000
vt -10.559957 14.441174 0.000000
vt -8.799964 13.330315 0.000000
vt -8.799964 14.441174 0.000000
vt -7.039971 13.330315 0.000000
vt -20.036011 12.885112 0.000000
vt -19.359921 12.219455 0.000000
vt -17.599929 12.219455 0.000000
vt -17.599929 11.108596 0.000000
vt -15.839936 11.108596 0.000000
vt -15.839936 9.997736 0.000000
vt -14.079943 9.997736 0.000000
vt -14.079943 8.886877 0.000000
vt -12.319950 8.886877 0.000000
vt -12.319950 7.776017 0.000000
vt -10.559957 7.776017 0.000000
vt -10.559957 6.665157 0.000000
vt -8.799964 6.665157 0.000000
vt -8.799964 5.554298 0.000000
vt -7.039971 5.554298 0.000000
vt -7.039971 4.443438 0.000000
vt -5.279979 4.443438 0.000000
vt -5.279979 3.332579 0.000000
vt -3.519986 3.332579 0.000000
vt -3.519986 2.221719 0.000000
vt -1.759993 2.221719 0.000000
vt -1.759993 1.110860 0.000000
vt 0.000000 1.110860 0.000000
vt -20.664377 12.580476 0.000000
vt -21.119914 12.219455 0.000000
vt -19.359921 11.108596 0.000000
vt -21.119914 11.108596 0.000000
vt -19.359921 9.997736 0.000000
vt -21.119914 9.997736 0.000000
vt -19.359921 8.886877 0.000000
vt -21.119914 8.886877 0.000000
vt -19.359921 7.776017 0.000000
vt -21.119914 7.776017 0.000000
vt -19.359921 6.665157 0.000000
vt -21.119914 6.665157 0.000000
vt -19.359921 5.554298 0.000000
vt -21.119914 5.554298 0.000000
vt -19.359921 4.443438 0.000000
vt -21.119914 4.443438 0.000000
vt -19.359921 3.332579 0.000000
vt -21.119914 3.332579 0.000000
vt -19.359921 2.221719 0.000000
vt -21.119914 2.221719 0.000000
vt -19.359921 1.110860 0.000000
vt -21.119914 1.110860 0.000000
vt -19.359921 0.000000 0.000000
vt -21.119914 0.000000 0.000000
vt -22.879907 1.110860 0.000000
vt -22.879907 0.000000 0.000000
vt -24.639900 1.110860 0.000000
vt -24.639900 0.000000 0.000000
vt -26.399893 1.110860 0.000000
vt -26.399893 0.000000 0.000000
vt -28.159886 0.000000 0.000000
vt -28.159886 1.481146 0.000000
vt -26.399893 2.221719 0.000000
vt -28.159886 2.962292 0.000000
vt -26.399893 3.332579 0.000000
vt -28.159886 4.443438 0.000000
vt -26.399893 4.443438 0.000000
vt -26.399893 5.554298 0.000000
vt -24.639900 4.443438 0.000000
vt -24.639900 5.554298 0.000000
vt -22.879907 4.443438 0.000000
vt -22.879907 5.554298 0.000000
vt -21.340781 12.412059 0.000000
vt -22.035561 12.383538 0.000000
vt -22.879907 12.219455 0.000000
vt -22.879907 12.360916 0.000000
vt -23.344697 12.736398 0.000000
vt -22.713849 12.493738 0.000000
vt -23.896970 13.100613 0.000000
vt -24.639900 12.313762 0.000000
vt -24.639900 12.219455 0.000000
vt -22.879907 11.108596 0.000000
vt -24.639900 13.330315 0.000000
vt -24.340874 13.568377 0.000000
vt -24.654751 14.115728 0.000000
vt -24.828433 14.714997 0.000000
vt -26.399893 14.441174 0.000000
vt -26.399893 13.330315 0.000000
vt -24.864465 15.336628 0.000000
vt -26.399893 15.552034 0.000000
vt -28.159886 14.811461 0.000000
vt -28.159886 16.292607 0.000000
vt -26.399893 16.662894 0.000000
vt -28.159886 17.773753 0.000000
vt -26.399893 17.773753 0.000000
vt -26.399893 19.008042 0.000000
vt -24.639900 17.773753 0.000000
vt -24.639900 19.008042 0.000000
vt -23.532750 18.149332 0.000000
vt -23.081440 18.563478 0.000000
vt -24.776397 15.957241 0.000000
vt -24.581696 16.561356 0.000000
vt -24.639900 16.662894 0.000000
vt -24.297190 17.137793 0.000000
vt -23.942268 17.670739 0.000000
vt -22.879907 19.008042 0.000000
vt -22.594203 18.902360 0.000000
vt -22.072599 19.149578 0.000000
vt -21.501202 19.280631 0.000000
vt -22.879907 20.242330 0.000000
vt -24.639900 20.242330 0.000000
vt -24.639900 21.476618 0.000000
vt -26.399893 21.476618 0.000000
vt -26.399893 22.710907 0.000000
vt -28.159886 22.217191 0.000000
vt -28.159886 23.698338 0.000000
vt -17.599929 0.000000 0.000000
vt -17.599929 1.110860 0.000000
vt -17.599929 2.221719 0.000000
vt -17.599929 3.332579 0.000000
vt -17.599929 4.443438 0.000000
vt -17.599929 5.554298 0.000000
vt -17.599929 6.665157 0.000000
vt -17.599929 7.776017 0.000000
vt -17.599929 8.886877 0.000000
vt -17.599929 9.997736 0.000000
vt -15.839936 0.000000 0.000000
vt -15.839936 1.110860 0.000000
vt -15.839936 2.221719 0.000000
vt -15.839936 3.332579 0.000000
vt -15.839936 4.443438 0.000000
vt -15.839936 5.554298 0.000000
vt -15.839936 6.665157 0.000000
vt -15.839936 7.776017 0.000000
vt -15.839936 8.886877 0.000000
vt -14.079943 0.000000 0.000000
vt -14.079943 1.110860 0.000000
vt -14.079943 2.221719 0.000000
vt -14.079943 3.332579 0.000000
vt -14.079943 4.443438 0.000000
vt -14.079943 5.554298 0.000000
vt -14.079943 6.665157 0.000000
vt -14.079943 7.776017 0.000000
vt -12.319950 0.000000 0.000000
vt -12.319950 1.110860 0.000000
vt -12.319950 2.221719 0.000000
vt -12.319950 3.332579 0.000000
vt -12.319950 4.443438 0.000000
vt -12.319950 5.554298 0.000000
vt -12.319950 6.665157 0.000000
vt -10.559957 0.000000 0.000000
vt -10.559957 1.110860 0.000000
vt -10.559957 2.221719 0.000000
vt -10.559957 3.332579 0.000000
vt -10.559957 4.443438 0.000000
vt -10.559957 5.554298 0.000000
vt -8.799964 0.000000 0.000000
vt -8.799964 1.110860 0.000000
vt -8.799964 2.221719 0.000000
vt -8.799964 3.332579 0.000000
vt -8.799964 4.443438 0.000000
vt -7.039971 0.000000 0.000000
vt -7.039971 1.110860 0.000000
vt -7.039971 2.221719 0.000000
vt -7.039971 3.332579 0.000000
vt -5.279979 0.000000 0.000000
vt -5.279979 1.110860 0.000000
vt -5.279979 2.221719 0.000000
vt -3.519986 0.000000 0.000000
vt -3.519986 1.110860 0.000000
vt -1.759993 0.000000 0.000000
vt 0.000000 0.000000 0.000000
vt 0.000000 46.162387 0.000000
vt -1.759993 47.396675 0.000000
vt -1.759993 46.162387 0.000000
vt -3.519986 47.396675 0.000000
vt -3.519986 46.162387 0.000000
vt -5.279979 47.396675 0.000000
vt -5.279979 46.162387 0.000000
vt -7.039971 47.396675 0.000000
vt -7.039971 46.162387 0.000000
vt -8.799964 47.396675 0.000000
vt -8.799964 46.162387 0.000000
vt -10.559957 47.396675 0.000000
vt -10.559957 46.162387 0.000000
vt -12.319950 47.396675 0.000000
vt -12.319950 46.162387 0.000000
vt -14.079943 47.396675 0.000000
vt -14.079943 46.162387 0.000000
vt -15.839936 47.396675 0.000000
vt -15.839936 46.162387 0.000000
vt -17.599929 47.396675 0.000000
vt -17.599929 46.162387 0.000000
vt -19.359921 47.396675 0.000000
vt -19.359921 46.162387 0.000000
vt -21.119914 47.396675 0.000000
vt -21.119914 46.162387 0.000000
vt -22.879907 47.396675 0.000000
vt -22.879907 46.162387 0.000000
vt -24.639900 47.396675 0.000000
vt -24.639900 46.162387 0.000000
vt -26.399893 47.396675 0.000000
vt -26.399893 46.162387 0.000000
vt -28.159886 47.396675 0.000000
vt -28.159886 45.915529 0.000000
vt -26.399893 44.928098 0.000000
vt -28.159886 44.434383 0.000000
vt -26.399893 43.693810 0.000000
vt -28.159886 42.953237 0.000000
vt -26.399893 42.459522 0.000000
vt -28.159886 41.472091 0.000000
vt -26.399893 41.225233 0.000000
vt -28.159886 39.990945 0.000000
vt -26.399893 39.990945 0.000000
vt -26.399893 38.756656 0.000000
vt -24.639900 38.756656 0.000000
vt -24.639900 37.522368 0.000000
vt -22.879907 37.522368 0.000000
vt -22.879907 36.288079 0.000000
vt -21.119914 36.288079 0.000000
vt -28.159886 38.509799 0.000000
vt -26.399893 37.522368 0.000000
vt -24.639900 36.288079 0.000000
vt -28.159886 37.028652 0.000000
vt -26.399893 36.288079 0.000000
vt -28.159886 35.547506 0.000000
vt -28.159886 20.736045 0.000000
vt -26.399893 20.242330 0.000000
vt -28.159886 19.254899 0.000000
vt -28.159886 13.330315 0.000000
vt -26.399893 12.266609 0.000000
vt -28.159886 11.849169 0.000000
vt -26.399893 12.219455 0.000000
vt -26.399893 11.108596 0.000000
vt -24.639900 11.108596 0.000000
vt -24.639900 9.997736 0.000000
vt -22.879907 9.997736 0.000000
vt -22.879907 8.886877 0.000000
vt -28.159886 10.368023 0.000000
vt -26.399893 9.997736 0.000000
vt -24.639900 8.886877 0.000000
vt -22.879907 7.776017 0.000000
vt -28.159886 8.886877 0.000000
vt -26.399893 8.886877 0.000000
vt -24.639900 7.776017 0.000000
vt -22.879907 6.665157 0.000000
vt -26.399893 7.776017 0.000000
vt -28.159886 7.405730 0.000000
vt -26.399893 6.665157 0.000000
vt -28.159886 5.924584 0.000000
vt 0.000000 2.221719 0.000000
vt -1.759993 3.332579 0.000000
vt 0.000000 3.332579 0.000000
vt -1.759993 4.443438 0.000000
vt 0.000000 4.443438 0.000000
vt -1.759993 5.554298 0.000000
vt 0.000000 5.554298 0.000000
vt -1.759993 6.665157 0.000000
vt 0.000000 6.665157 0.000000
vt -1.759993 7.776017 0.000000
vt 0.000000 7.776017 0.000000
vt -1.759993 8.886877 0.000000
vt 0.000000 8.886877 0.000000
vt -1.759993 9.997736 0.000000
vt 0.000000 9.997736 0.000000
vt 0.000000 12.219455 0.000000
vt -1.759993 13.330315 0.000000
vt 0.000000 13.330315 0.000000
vt -1.759993 14.441174 0.000000
vt 0.000000 14.441174 0.000000
vt -1.759993 15.552034 0.000000
vt -1.759993 16.662894 0.000000
vt 0.000000 16.662894 0.000000
vt -1.759993 17.772937 0.000000
vt 0.000000 17.773753 0.000000
vt -1.759993 19.008042 0.000000
vt 0.000000 19.008042 0.000000
vt -1.759993 20.242330 0.000000
vt 0.000000 20.242330 0.000000
vt -1.759993 21.476618 0.000000
vt 0.000000 21.476618 0.000000
vt -1.759993 22.710907 0.000000
vt 0.000000 22.710907 0.000000
vt -1.759993 23.945195 0.000000
vt 0.000000 23.945195 0.000000
vt -1.759993 25.179484 0.000000
vt 0.000000 25.179484 0.000000
vt -1.759993 26.413772 0.000000
vt 0.000000 26.413772 0.000000
vt -1.759993 27.648061 0.000000
vt 0.000000 27.648061 0.000000
vt -1.759993 28.882349 0.000000
vt 0.000000 28.882349 0.000000
vt -1.759993 30.116637 0.000000
vt 0.000000 30.116637 0.000000
vt -1.759993 31.350926 0.000000
vt -1.759993 32.585214 0.000000
vt 0.000000 32.585214 0.000000
vt -1.759993 33.819503 0.000000
vt 0.000000 33.819503 0.000000
vt -1.759993 35.053791 0.000000
vt 0.000000 35.053791 0.000000
vt -1.759993 36.288079 0.000000
vt 0.000000 36.288079 0.000000
vt -1.759993 37.522368 0.000000
vt 0.000000 37.522368 0.000000
vt -1.759993 38.756656 0.000000
vt 0.000000 38.756656 0.000000
vt -1.759993 39.990945 0.000000
vt 0.000000 39.990945 0.000000
vt -1.759993 41.225233 0.000000
vt 0.000000 41.225233 0.000000
vt -1.759993 42.459522 0.000000
vt 0.000000 42.459522 0.000000
vt -1.759993 43.693810 0.000000
vt 0.000000 43.693810 0.000000
vt -1.759993 44.928098 0.000000
vt 0.000000 44.928098 0.000000
vt 0.000000 15.798892 0.000000
vt 0.000000 31.597783 0.000000
vt -3.519986 35.053791 0.000000
vt -3.519986 33.819503 0.000000
vt -3.519986 32.585214 0.000000
vt -3.519986 31.350926 0.000000
vt -3.519986 30.116637 0.000000
vt -3.519986 28.882349 0.000000
vt -3.519986 27.648061 0.000000
vt -3.519986 26.413772 0.000000
vt -3.519986 25.179484 0.000000
vt -3.519986 23.945195 0.000000
vt -3.519986 22.710907 0.000000
vt -3.519986 21.476618 0.000000
vt -3.519986 20.242330 0.000000
vt -3.519986 19.008042 0.000000
vt -3.519986 17.772121 0.000000
vt -3.519986 16.662894 0.000000
vt -3.519986 15.552034 0.000000
vt -3.519986 14.441174 0.000000
vt -5.279979 35.053791 0.000000
vt -5.279979 33.819503 0.000000
vt -5.279979 32.585214 0.000000
vt -5.279979 31.350926 0.000000
vt -5.279979 30.116637 0.000000
vt -5.279979 28.882349 0.000000
vt -5.279979 27.648061 0.000000
vt -5.279979 26.413772 0.000000
vt -5.279979 25.179484 0.000000
vt -5.279979 23.945195 0.000000
vt -5.279979 22.710907 0.000000
vt -5.279979 21.476618 0.000000
vt -5.279979 20.242330 0.000000
vt -5.279979 19.008042 0.000000
vt -5.279979 17.771305 0.000000
vt -5.279979 16.662894 0.000000
vt -5.279979 15.552034 0.000000
vt -3.519986 36.288079 0.000000
vt -3.519986 37.522368 0.000000
vt -3.519986 38.756656 0.000000
vt -3.519986 39.990945 0.000000
vt -3.519986 41.225233 0.000000
vt -3.519986 42.459522 0.000000
vt -3.519986 43.693810 0.000000
vt -3.519986 44.928098 0.000000
vt -7.039971 35.053791 0.000000
vt -7.039971 33.819503 0.000000
vt -7.039971 32.585214 0.000000
vt -7.039971 31.350926 0.000000
vt -7.039971 30.116637 0.000000
vt -7.039971 28.882349 0.000000
vt -7.039971 27.648061 0.000000
vt -7.039971 26.413772 0.000000
vt -7.039971 25.179484 0.000000
vt -7.039971 23.945195 0.000000
vt -7.039971 22.710907 0.000000
vt -7.039971 21.476618 0.000000
vt -7.039971 20.242330 0.000000
vt -7.039971 19.008042 0.000000
vt -7.039971 17.770488 0.000000
vt -7.039971 16.662894 0.000000
vt -5.279979 36.288079 0.000000
vt -5.279979 37.522368 0.000000
vt -5.279979 38.756656 0.000000
vt -5.279979 39.990945 0.000000
vt -5.279979 41.225233 0.000000
vt -5.279979 42.459522 0.000000
vt -5.279979 43.693810 0.000000
vt -5.279979 44.928098 0.000000
vt -8.799964 35.053791 0.000000
vt -8.799964 33.819503 0.000000
vt -8.799964 32.585214 0.000000
vt -8.799964 31.350926 0.000000
vt -8.799964 30.116637 0.000000
vt -8.799964 28.882349 0.000000
vt -8.799964 27.648061 0.000000
vt -8.799964 26.413772 0.000000
vt -8.799964 25.179484 0.000000
vt -8.799964 23.945195 0.000000
vt -8.799964 22.710907 0.000000
vt -8.799964 21.476618 0.000000
vt -8.799964 20.242330 0.000000
vt -8.799964 19.008042 0.000000
vt -8.799964 17.769672 0.000000
vt -7.039971 36.288079 0.000000
vt -7.039971 37.522368 0.000000
vt -7.039971 38.756656 0.000000
vt -7.039971 39.990945 0.000000
vt -7.039971 41.225233 0.000000
vt -7.039971 42.459522 0.000000
vt -7.039971 43.693810 0.000000
vt -7.039971 44.928098 0.000000
vt -10.559957 35.053791 0.000000
vt -10.559957 33.819503 0.000000
vt -10.559957 32.585214 0.000000
vt -10.559957 31.350926 0.000000
vt -10.559957 30.116637 0.000000
vt -10.559957 28.882349 0.000000
vt -10.559957 27.648061 0.000000
vt -10.559957 26.413772 0.000000
vt -10.559957 25.179484 0.000000
vt -10.559957 23.945195 0.000000
vt -10.559957 22.710907 0.000000
vt -10.559957 21.476618 0.000000
vt -10.559957 20.242330 0.000000
vt -10.559957 19.008042 0.000000
vt -8.799964 36.288079 0.000000
vt -8.799964 37.522368 0.000000
vt -8.799964 38.756656 0.000000
vt -8.799964 39.990945 0.000000
vt -8.799964 41.225233 0.000000
vt -8.799964 42.459522 0.000000
vt -8.799964 43.693810 0.000000
vt -8.799964 44.928098 0.000000
vt -12.319950 35.053791 0.000000
vt -12.319950 33.819503 0.000000
vt -12.319950 32.585214 0.000000
vt -12.319950 31.350926 0.000000
vt -12.319950 30.116637 0.000000
vt -12.319950 28.882349 0.000000
vt -12.319950 27.648061 0.000000
vt -12.319950 26.413772 0.000000
vt -12.319950 25.179484 0.000000
vt -12.319950 23.945195 0.000000
vt -12.319950 22.710907 0.000000
vt -12.319950 21.476618 0.000000
vt -12.319950 20.242330 0.000000
vt -10.559957 36.288079 0.000000
vt -10.559957 37.522368 0.000000
vt -10.559957 38.756656 0.000000
vt -10.559957 39.990945 0.000000
vt -10.559957 41.225233 0.000000
vt -10.559957 42.459522 0.000000
vt -10.559957 43.693810 0.000000
vt -10.559957 44.928098 0.000000
vt -14.079943 35.053791 0.000000
vt -14.079943 33.819503 0.000000
vt -14.079943 32.585214 0.000000
vt -14.079943 31.350926 0.000000
vt -14.079943 30.116637 0.000000
vt -14.079943 28.882349 0.000000
vt -14.079943 27.648061 0.000000
vt -14.079943 26.413772 0.000000
vt -14.079943 25.179484 0.000000
vt -14.079943 23.945195 0.000000
vt -14.079943 22.710907 0.000000
vt -14.079943 21.476618 0.000000
vt -12.319950 36.288079 0.000000
vt -12.319950 37.522368 0.000000
vt -12.319950 38.756656 0.000000
vt -12.319950 39.990945 0.000000
vt -12.319950 41.225233 0.000000
vt -12.319950 42.459522 0.000000
vt -12.319950 43.693810 0.000000
vt -12.319950 44.928098 0.000000
vt -15.839936 35.053791 0.000000
vt -15.839936 33.819503 0.000000
vt -15.839936 32.585214 0.000000
vt -15.839936 31.350926 0.000000
vt -15.839936 30.116637 0.000000
vt -15.839936 28.882349 0.000000
vt -15.839936 27.648061 0.000000
vt -15.839936 26.413772 0.000000
vt -15.839936 25.179484 0.000000
vt -15.839936 23.945195 0.000000
vt -15.839936 22.710907 0.000000
vt -14.079943 36.288079 0.000000
vt -14.079943 37.522368 0.000000
vt -14.079943 38.756656 0.000000
vt -14.079943 39.990945 0.000000
vt -14.079943 41.225233 0.000000
vt -14.079943 42.459522 0.000000
vt -14.079943 43.693810 0.000000
vt -14.079943 44.928098 0.000000
vt -17.599929 35.053791 0.000000
vt -17.599929 27.648061 0.000000
vt -17.599929 26.413772 0.000000
vt -17.599929 25.179484 0.000000
vt -17.599929 23.945195 0.000000
vt -15.839936 36.288079 0.000000
vt -15.839936 37.522368 0.000000
vt -15.839936 38.756656 0.000000
vt -15.839936 39.990945 0.000000
vt -15.839936 41.225233 0.000000
vt -15.839936 42.459522 0.000000
vt -15.839936 43.693810 0.000000
vt -15.839936 44.928098 0.000000
vt -19.359921 36.288079 0.000000
vt -21.119914 37.522368 0.000000
vt -22.879907 38.756656 0.000000
vt -24.639900 39.990945 0.000000
vt -17.599929 36.288079 0.000000
vt -17.599929 37.522368 0.000000
vt -17.599929 38.756656 0.000000
vt -17.599929 39.990945 0.000000
vt -17.599929 41.225233 0.000000
vt -17.599929 42.459522 0.000000
vt -17.599929 43.693810 0.000000
vt -17.599929 44.928098 0.000000
vt -21.119914 26.413772 0.000000
vt -19.359921 26.413772 0.000000
vt -17.599929 20.242330 0.000000
vt -15.839936 19.008042 0.000000
vt -15.839936 17.766407 0.000000
vt -15.839936 16.662894 0.000000
vt -15.839936 15.552034 0.000000
vt -19.359921 21.476618 0.000000
vt -14.079943 17.767223 0.000000
vt -12.319950 16.662894 0.000000
vt -10.559957 15.552034 0.000000
vt -14.079943 16.662894 0.000000
vt -14.079943 15.552034 0.000000
vt -12.319950 15.552034 0.000000
vt -15.839936 12.219455 0.000000
vt -14.079943 12.219455 0.000000
vt -12.319950 12.219455 0.000000
vt -10.559957 12.219455 0.000000
vt -8.799964 12.219455 0.000000
vt -7.039971 12.219455 0.000000
vt -5.279979 12.219455 0.000000
vt -14.079943 11.108596 0.000000
vt -12.319950 11.108596 0.000000
vt -10.559957 11.108596 0.000000
vt -8.799964 11.108596 0.000000
vt -7.039971 11.108596 0.000000
vt -5.279979 11.108596 0.000000
vt -3.519986 11.108596 0.000000
vt -22.879907 2.221719 0.000000
vt -22.879907 3.332579 0.000000
vt -24.639900 2.221719 0.000000
vt -24.639900 3.332579 0.000000
vt -24.639900 44.928098 0.000000
vt -24.639900 43.693810 0.000000
vt -24.639900 42.459522 0.000000
vt -24.639900 41.225233 0.000000
vt -22.879907 44.928098 0.000000
vt -22.879907 43.693810 0.000000
vt -22.879907 42.459522 0.000000
vt -22.879907 41.225233 0.000000
vt -22.879907 39.990945 0.000000
vt -21.119914 44.928098 0.000000
vt -21.119914 43.693810 0.000000
vt -21.119914 42.459522 0.000000
vt -21.119914 41.225233 0.000000
vt -21.119914 39.990945 0.000000
vt -21.119914 38.756656 0.000000
vt -19.359921 44.928098 0.000000
vt -19.359921 43.693810 0.000000
vt -19.359921 42.459522 0.000000
vt -19.359921 41.225233 0.000000
vt -19.359921 39.990945 0.000000
vt -19.359921 38.756656 0.000000
vt -19.359921 37.522368 0.000000
vt -24.639900 25.179484 0.000000
vt -22.879907 23.945195 0.000000
vt -21.119914 22.710907 0.000000
vt -19.359921 25.179484 0.000000
vt -12.319950 9.997736 0.000000
vt -10.559957 9.997736 0.000000
vt -8.799964 9.997736 0.000000
vt -7.039971 9.997736 0.000000
vt -5.279979 9.997736 0.000000
vt -3.519986 9.997736 0.000000
vt -10.559957 8.886877 0.000000
vt -8.799964 8.886877 0.000000
vt -7.039971 8.886877 0.000000
vt -5.279979 8.886877 0.000000
vt -3.519986 8.886877 0.000000
vt -24.639900 6.665157 0.000000
vt -8.799964 7.776017 0.000000
vt -7.039971 7.776017 0.000000
vt -7.039971 6.665157 0.000000
vt -5.279979 7.776017 0.000000
vt -5.279979 6.665157 0.000000
vt -5.279979 5.554298 0.000000
vt -3.519986 7.776017 0.000000
vt -3.519986 6.665157 0.000000
vt -3.519986 5.554298 0.000000
vt -3.519986 4.443438 0.000000
vt 41.491733 10.209394 0.000000
vt 46.970000 10.473285 0.000000
vt 40.720000 10.348171 0.000000
vt 0.000000 10.473285 0.000000
vt 39.948267 10.209394 0.000000
vt 39.235446 9.831968 0.000000
vt 38.610699 9.291970 0.000000
vt 0.000000 8.378628 0.000000
vt 38.095040 8.671507 0.000000
vt 37.662389 7.979980 0.000000
vt 37.311659 7.218617 0.000000
vt 0.000000 6.283971 0.000000
vt 37.064304 6.417220 0.000000
vt 36.936386 5.606386 0.000000
vt 0.000000 4.189314 0.000000
vt 36.936554 4.807451 0.000000
vt 37.081954 3.995457 0.000000
vt 37.388189 3.221603 0.000000
vt 0.000000 2.094657 0.000000
vt 37.843032 2.541544 0.000000
vt 38.419408 1.987091 0.000000
vt 39.125741 1.556148 0.000000
vt 39.914735 1.289449 0.000000
vt 0.000000 0.000000 0.000000
vt 40.720000 1.202545 0.000000
vt 46.970000 0.000000 0.000000
vt 41.525265 1.289449 0.000000
vt 46.970000 2.094657 0.000000
vt 42.314259 1.556148 0.000000
vt 43.020592 1.987091 0.000000
vt 43.596968 2.541544 0.000000
vt 44.051811 3.221603 0.000000
vt 46.970000 4.189314 0.000000
vt 44.358046 3.995457 0.000000
vt 44.503446 4.807451 0.000000
vt 44.503614 5.606386 0.000000
vt 46.970000 6.283971 0.000000
vt 44.375696 6.417220 0.000000
vt 44.128341 7.218617 0.000000
vt 46.970000 8.378628 0.000000
vt 43.777611 7.979980 0.000000
vt 43.344960 8.671507 0.000000
vt 42.829301 9.291970 0.000000
vt 42.204554 9.831968 0.000000
vt 39.948267 23.305117 0.000000
vt 0.000000 23.041226 0.000000
vt 40.720000 23.166340 0.000000
vt 46.970000 23.041226 0.000000
vt 41.491733 23.305117 0.000000
vt 42.204554 23.682543 0.000000
vt 42.829301 24.222541 0.000000
vt 46.970000 25.135883 0.000000
vt 43.344960 24.843004 0.000000
vt 43.777611 25.534530 0.000000
vt 44.128341 26.295894 0.000000
vt 46.970000 27.230540 0.000000
vt 44.375696 27.097291 0.000000
vt 44.503614 27.908124 0.000000
vt 46.970000 29.325197 0.000000
vt 44.503446 28.707059 0.000000
vt 44.358046 29.519053 0.000000
vt 44.051811 30.292908 0.000000
vt 46.970000 31.419854 0.000000
vt 43.596968 30.972966 0.000000
vt 43.020592 31.527420 0.000000
vt 42.314259 31.958363 0.000000
vt 41.525265 32.225061 0.000000
vt 46.970000 33.514510 0.000000
vt 40.720000 32.311965 0.000000
vt 0.000000 33.514510 0.000000
vt 0.000000 31.419854 0.000000
vt -46.970000 33.514510 0.000000
vt -46.970000 31.419854 0.000000
vt 39.235446 23.682543 0.000000
vt 38.610699 24.222541 0.000000
vt 0.000000 25.135883 0.000000
vt 38.095040 24.843004 0.000000
vt 37.662389 25.534530 0.000000
vt 37.311659 26.295894 0.000000
vt 0.000000 27.230540 0.000000
vt -46.970000 27.230540 0.000000
vt -46.970000 29.325197 0.000000
vt 0.000000 29.325197 0.000000
vt 37.064304 27.097291 0.000000
vt 36.936386 27.908124 0.000000
vt 36.936554 28.707059 0.000000
vt 37.081954 29.519053 0.000000
vt 37.388189 30.292908 0.000000
vt 37.843032 30.972966 0.000000
vt 38.419408 31.527420 0.000000
vt 39.125741 31.958363 0.000000
vt 39.914735 32.225061 0.000000
vt 41.525265 -1.289449 0.000000
vt 40.720000 -1.202545 0.000000
vt 0.000000 -2.094657 0.000000
vt -46.970000 0.000000 0.000000
vt -46.970000 -2.094657 0.000000
vt 46.970000 -2.094657 0.000000
vt 42.314259 -1.556148 0.000000
vt 43.020592 -1.987091 0.000000
vt 43.596968 -2.541544 0.000000
vt 44.051811 -3.221603 0.000000
vt 46.970000 -4.189314 0.000000
vt 44.358046 -3.995457 0.000000
vt 44.503446 -4.807451 0.000000
vt 44.503614 -5.606386 0.000000
vt 46.970000 -6.283971 0.000000
vt 44.375696 -6.417220 0.000000
vt 44.128341 -7.218617 0.000000
vt 46.970000 -8.378628 0.000000
vt 43.777611 -7.979980 0.000000
vt 43.344960 -8.671507 0.000000
vt 42.829301 -9.291970 0.000000
vt 46.970000 -10.473285 0.000000
vt 42.204554 -9.831968 0.000000
vt 41.491733 -10.209394 0.000000
vt 40.720000 -10.348171 0.000000
vt 0.000000 -10.473285 0.000000
vt 46.970000 -12.567941 0.000000
vt 0.000000 -12.567941 0.000000
vt 46.970000 -14.662598 0.000000
vt 0.000000 -14.662598 0.000000
vt 46.970000 -16.757255 0.000000
vt 0.000000 -16.757255 0.000000
vt 46.970000 -18.851912 0.000000
vt 0.000000 -18.851912 0.000000
vt 46.970000 -20.946569 0.000000
vt 0.000000 -20.946569 0.000000
vt 46.970000 -23.041226 0.000000
vt 0.000000 -23.041226 0.000000
vt 40.720000 -23.166340 0.000000
vt 39.948267 -23.305117 0.000000
vt 39.235446 -23.682543 0.000000
vt 38.610699 -24.222541 0.000000
vt 0.000000 -25.135883 0.000000
vt 38.095040 -24.843004 0.000000
vt 37.662389 -25.534530 0.000000
vt 37.311659 -26.295894 0.000000
vt 0.000000 -27.230540 0.000000
vt 37.064304 -27.097291 0.000000
vt 36.936386 -27.908124 0.000000
vt 0.000000 -29.325197 0.000000
vt 36.936554 -28.707059 0.000000
vt 37.081954 -29.519053 0.000000
vt 37.388189 -30.292908 0.000000
vt 0.000000 -31.419854 0.000000
vt 37.843032 -30.972966 0.000000
vt 38.419408 -31.527420 0.000000
vt 39.125741 -31.958363 0.000000
vt 39.914735 -32.225061 0.000000
vt 0.000000 -33.514510 0.000000
vt 40.720000 -32.311965 0.000000
vt 46.970000 -33.514510 0.000000
vt 41.525265 -32.225061 0.000000
vt 46.970000 -31.419854 0.000000
vt 42.314259 -31.958363 0.000000
vt 43.020592 -31.527420 0.000000
vt 43.596968 -30.972966 0.000000
vt 44.051811 -30.292908 0.000000
vt 46.970000 -29.325197 0.000000
vt 44.358046 -29.519053 0.000000
vt 44.503446 -28.707059 0.000000
vt 44.503614 -27.908124 0.000000
vt 46.970000 -27.230540 0.000000
vt 44.375696 -27.097291 0.000000
vt 44.128341 -26.295894 0.000000
vt 46.970000 -25.135883 0.000000
vt 43.777611 -25.534530 0.000000
vt 43.344960 -24.843004 0.000000
vt 42.829301 -24.222541 0.000000
vt 42.204554 -23.682543 0.000000
vt 41.491733 -23.305117 0.000000
vt 39.948267 -10.209394 0.000000
vt 39.235446 -9.831968 0.000000
vt 38.610699 -9.291970 0.000000
vt 0.000000 -8.378628 0.000000
vt 38.095040 -8.671507 0.000000
vt 37.662389 -7.979980 0.000000
vt 37.311659 -7.218617 0.000000
vt 0.000000 -6.283971 0.000000
vt -46.970000 -6.283971 0.000000
vt -46.970000 -4.189314 0.000000
vt 0.000000 -4.189314 0.000000
vt 37.064304 -6.417220 0.000000
vt 36.936386 -5.606386 0.000000
vt 36.936554 -4.807451 0.000000
vt 37.081954 -3.995457 0.000000
vt 37.388189 -3.221603 0.000000
vt 37.843032 -2.541544 0.000000
vt 38.419408 -1.987091 0.000000
vt 39.125741 -1.556148 0.000000
vt 39.914735 -1.289449 0.000000
vt 0.000000 12.567941 0.000000
vt 46.970000 12.567941 0.000000
vt 0.000000 14.662598 0.000000
vt 46.970000 14.662598 0.000000
vt 0.000000 16.757255 0.000000
vt 46.970000 16.757255 0.000000
vt 0.000000 18.851912 0.000000
vt 46.970000 18.851912 0.000000
vt 0.000000 20.946569 0.000000
vt 46.970000 20.946569 0.000000
vt -46.970000 -8.378628 0.000000
vt -46.970000 -10.473285 0.000000
vt -46.970000 -12.567941 0.000000
vt -46.970000 -14.662598 0.000000
vt -46.970000 -16.757255 0.000000
vt -46.970000 -18.851912 0.000000
vt -46.970000 -20.946569 0.000000
vt -46.970000 -23.041226 0.000000
vt -46.970000 -25.135883 0.000000
vt -46.970000 -27.230540 0.000000
vt -46.970000 -29.325197 0.000000
vt -46.970000 -31.419854 0.000000
vt -46.970000 -33.514510 0.000000
vt -46.970000 25.135883 0.000000
vt -46.970000 23.041226 0.000000
vt -46.970000 20.946569 0.000000
vt -46.970000 18.851912 0.000000
vt -46.970000 16.757255 0.000000
vt -46.970000 14.662598 0.000000
vt -46.970000 12.567941 0.000000
vt -46.970000 10.473285 0.000000
vt -46.970000 8.378628 0.000000
vt -46.970000 6.283971 0.000000
vt -46.970000 4.189314 0.000000
vt -46.970000 2.094657 0.000000
vt 0.000000 -13.330315 0.000000
vt 2.094657 -13.330315 0.000000
vt 0.000000 -11.849169 0.000000
vt 2.094657 -11.849169 0.000000
vt 0.000000 -10.368023 0.000000
vt 2.094657 -10.368023 0.000000
vt 0.000000 -8.886877 0.000000
vt 2.094657 -8.886877 0.000000
vt 0.000000 -7.405730 0.000000
vt 2.094657 -7.405730 0.000000
vt 0.000000 -5.924584 0.000000
vt 2.094657 -5.924584 0.000000
vt 0.000000 -4.443438 0.000000
vt 2.094657 -4.443438 0.000000
vt 0.000000 -2.962292 0.000000
vt 2.094657 -2.962292 0.000000
vt 0.000000 -1.481146 0.000000
vt 2.094657 -1.481146 0.000000
vt 0.000000 0.000000 0.000000
vt 2.094657 0.000000 0.000000
vt 0.000000 1.481146 0.000000
vt 2.094657 1.481146 0.000000
vt 0.000000 2.962292 0.000000
vt 2.094657 2.962292 0.000000
vt 0.000000 4.443438 0.000000
vt 2.094657 4.443438 0.000000
vt 0.000000 5.924584 0.000000
vt 2.094657 5.924584 0.000000
vt 0.000000 7.405730 0.000000
vt 2.094657 7.405730 0.000000
vt 0.000000 8.886877 0.000000
vt 2.094657 8.886877 0.000000
vt 0.000000 10.368023 0.000000
vt 2.094657 10.368023 0.000000
vt 0.000000 11.849169 0.000000
vt 2.094657 11.849169 0.000000
vt 0.000000 13.330315 0.000000
vt 2.094657 13.330315 0.000000
vt 0.000000 14.811461 0.000000
vt 2.094657 14.811461 0.000000
vt 0.000000 16.292607 0.000000
vt 2.094657 16.292607 0.000000
vt 0.000000 17.773753 0.000000
vt 2.094657 17.773753 0.000000
vt 0.000000 19.254899 0.000000
vt 2.094657 19.254899 0.000000
vt 0.000000 20.736045 0.000000
vt 2.094657 20.736045 0.000000
vt 0.000000 22.217191 0.000000
vt 2.094657 22.217191 0.000000
vt 0.000000 23.698338 0.000000
vt 2.094657 23.698338 0.000000
vt 0.000000 -23.698338 0.000000
vt 2.094657 -23.698338 0.000000
vt 0.000000 -22.217191 0.000000
vt 2.094657 -22.217191 0.000000
vt 0.000000 -20.736045 0.000000
vt 2.094657 -20.736045 0.000000
vt 0.000000 -19.254899 0.000000
vt 2.094657 -19.254899 0.000000
vt 0.000000 -17.773753 0.000000
vt 2.094657 -17.773753 0.000000
vt 0.000000 -16.292607 0.000000
vt 2.094657 -16.292607 0.000000
vt 0.000000 -14.811461 0.000000
vt 2.094657 -14.811461 0.000000
vt 14.662598 -23.698338 0.000000
vt 16.757255 -23.698338 0.000000
vt 14.662598 -22.217191 0.000000
vt 16.757255 -22.217191 0.000000
vt 14.662598 -20.736045 0.000000
vt 16.757255 -20.736045 0.000000
vt 14.662598 -19.254899 0.000000
vt 16.757255 -19.254899 0.000000
vt 14.662598 -17.773753 0.000000
vt 16.757255 -17.773753 0.000000
vt 14.662598 -16.292607 0.000000
vt 16.757255 -16.292607 0.000000
vt 14.662598 -14.811461 0.000000
vt 16.757255 -14.811461 0.000000
vt 14.662598 -13.330315 0.000000
vt 16.757255 -13.330315 0.000000
vt 14.662598 -11.849169 0.000000
vt 16.757255 -11.849169 0.000000
vt 14.662598 -10.368023 0.000000
vt 16.757255 -10.368023 0.000000
vt 14.662598 -8.886877 0.000000
vt 14.662598 -7.405730 0.000000
vt 16.757255 -7.405730 0.000000
vt 14.662598 -5.924584 0.000000
vt 16.757255 -5.924584 0.000000
vt 14.662598 -4.443438 0.000000
vt 16.757255 -4.443438 0.000000
vt 14.662598 -2.962292 0.000000
vt 16.757255 -2.962292 0.000000
vt 14.662598 -1.481146 0.000000
vt 16.757255 -1.481146 0.000000
vt 14.662598 0.000000 0.000000
vt 16.757255 0.000000 0.000000
vt 14.662598 1.481146 0.000000
vt 16.757255 1.481146 0.000000
vt 14.662598 2.962292 0.000000
vt 16.757255 2.962292 0.000000
vt 14.662598 4.443438 0.000000
vt 16.757255 4.443438 0.000000
vt 14.662598 5.924584 0.000000
vt 16.757255 5.924584 0.000000
vt 14.662598 7.405730 0.000000
vt 14.662598 8.886877 0.000000
vt 16.757255 8.886877 0.000000
vt 14.662598 10.368023 0.000000
vt 16.757255 10.368023 0.000000
vt 14.662598 11.849169 0.000000
vt 16.757255 11.849169 0.000000
vt 14.662598 13.330315 0.000000
vt 16.757255 13.330315 0.000000
vt 14.662598 14.811461 0.000000
vt 16.757255 14.811461 0.000000
vt 14.662598 16.292607 0.000000
vt 16.757255 16.292607 0.000000
vt 14.662598 17.773753 0.000000
vt 16.757255 17.773753 0.000000
vt 14.662598 19.254899 0.000000
vt 16.757255 19.254899 0.000000
vt 14.662598 20.736045 0.000000
vt 16.757255 20.736045 0.000000
vt 14.662598 22.217191 0.000000
vt 16.757255 22.217191 0.000000
vt 14.662598 23.698338 0.000000
vt 4.189314 -23.698338 0.000000
vt 4.189314 -22.217191 0.000000
vt 4.189314 -20.736045 0.000000
vt 4.189314 -19.254899 0.000000
vt 4.189314 -17.773753 0.000000
vt 4.189314 -16.292607 0.000000
vt 4.189314 -14.811461 0.000000
vt 4.189314 -13.330315 0.000000
vt 4.189314 -11.849169 0.000000
vt 4.189314 -10.368023 0.000000
vt 4.189314 -8.886877 0.000000
vt 4.189314 -7.405730 0.000000
vt 4.189314 -5.924584 0.000000
vt 4.189314 -4.443438 0.000000
vt 4.189314 -2.962292 0.000000
vt 4.189314 -1.481146 0.000000
vt 4.189314 0.000000 0.000000
vt 4.189314 1.481146 0.000000
vt 4.189314 2.962292 0.000000
vt 4.189314 4.443438 0.000000
vt 4.189314 5.924584 0.000000
vt 4.189314 7.405730 0.000000
vt 4.189314 8.886877 0.000000
vt 4.189314 10.368023 0.000000
vt 4.189314 11.849169 0.000000
vt 4.189314 13.330315 0.000000
vt 4.189314 14.811461 0.000000
vt 4.189314 16.292607 0.000000
vt 4.189314 17.773753 0.000000
vt 4.189314 19.254899 0.000000
vt 4.189314 20.736045 0.000000
vt 4.189314 22.217191 0.000000
vt 4.189314 23.698338 0.000000
vt 6.283971 -23.698338 0.000000
vt 6.283971 -22.217191 0.000000
vt 6.283971 -20.736045 0.000000
vt 6.283971 -19.254899 0.000000
vt 6.283971 -17.773753 0.000000
vt 6.283971 -16.292607 0.000000
vt 6.283971 -14.811461 0.000000
vt 6.283971 -13.330315 0.000000
vt 6.283971 -11.849169 0.000000
vt 6.283971 -10.368023 0.000000
vt 6.283971 -8.886877 0.000000
vt 6.283971 -7.405730 0.000000
vt 6.283971 -5.924584 0.000000
vt 6.283971 -4.443438 0.000000
vt 6.283971 -2.962292 0.000000
vt 6.283971 -1.481146 0.000000
vt 6.283971 0.000000 0.000000
vt 6.283971 1.481146 0.000000
vt 6.283971 2.962292 0.000000
vt 6.283971 4.443438 0.000000
vt 6.283971 5.924584 0.000000
vt 6.283971 7.405730 0.000000
vt 6.283971 8.886877 0.000000
vt 6.283971 10.368023 0.000000
vt 6.283971 11.849169 0.000000
vt 6.283971 13.330315 0.000000
vt 6.283971 14.811461 0.000000
vt 6.283971 16.292607 0.000000
vt 6.283971 17.773753 0.000000
vt 6.283971 19.254899 0.000000
vt 6.283971 20.736045 0.000000
vt 6.283971 22.217191 0.000000
vt 6.283971 23.698338 0.000000
vt 8.378628 -23.698338 0.000000
vt 8.378628 -22.217191 0.000000
vt 8.378628 -20.736045 0.000000
vt 8.378628 -19.254899 0.000000
vt 8.378628 -17.773753 0.000000
vt 8.378628 -16.292607 0.000000
vt 8.378628 -14.811461 0.000000
vt 8.378628 -13.330315 0.000000
vt 8.378628 -11.849169 0.000000
vt 8.378628 -10.368023 0.000000
vt 8.378628 -8.886877 0.000000
vt 8.378628 -7.405730 0.000000
vt 8.378628 -5.924584 0.000000
vt 8.378628 -4.443438 0.000000
vt 8.378628 -2.962292 0.000000
vt 8.378628 -1.481146 0.000000
vt 8.378628 0.000000 0.000000
vt 8.378628 1.481146 0.000000
vt 8.378628 2.962292 0.000000
vt 8.378628 4.443438 0.000000
vt 8.378628 5.924584 0.000000
vt 8.378628 7.405730 0.000000
vt 8.378628 8.886877 0.000000
vt 8.378628 10.368023 0.000000
vt 8.378628 11.849169 0.000000
vt 8.378628 13.330315 0.000000
vt 8.378628 14.811461 0.000000
vt 8.378628 16.292607 0.000000
vt 8.378628 17.773753 0.000000
vt 8.378628 19.254899 0.000000
vt 8.378628 20.736045 0.000000
vt 8.378628 22.217191 0.000000
vt 8.378628 23.698338 0.000000
vt 10.473285 -23.698338 0.000000
vt 10.473285 -22.217191 0.000000
vt 10.473285 -20.736045 0.000000
vt 10.473285 -19.254899 0.000000
vt 10.473285 -17.773753 0.000000
vt 10.473285 -16.292607 0.000000
vt 10.473285 -14.811461 0.000000
vt 10.473285 -13.330315 0.000000
vt 10.473285 -11.849169 0.000000
vt 10.473285 -10.368023 0.000000
vt 10.473285 -8.886877 0.000000
vt 10.473285 -7.405730 0.000000
vt 10.473285 -5.924584 0.000000
vt 10.473285 -4.443438 0.000000
vt 10.473285 -2.962292 0.000000
vt 10.473285 -1.481146 0.000000
vt 10.473285 0.000000 0.000000
vt 10.473285 1.481146 0.000000
vt 10.473285 2.962292 0.000000
vt 10.473285 4.443438 0.000000
vt 10.473285 5.924584 0.000000
vt 10.473285 7.405730 0.000000
vt 10.473285 8.886877 0.000000
vt 10.473285 10.368023 0.000000
vt 10.473285 11.849169 0.000000
vt 10.473285 13.330315 0.000000
vt 10.473285 14.811461 0.000000
vt 10.473285 16.292607 0.000000
vt 10.473285 17.773753 0.000000
vt 10.473285 19.254899 0.000000
vt 10.473285 20.736045 0.000000
vt 10.473285 22.217191 0.000000
vt 10.473285 23.698338 0.000000
vt 12.567941 -23.698338 0.000000
vt 12.567941 -22.217191 0.000000
vt 12.567941 -20.736045 0.000000
vt 12.567941 -19.254899 0.000000
vt 12.567941 -17.773753 0.000000
vt 12.567941 -16.292607 0.000000
vt 12.567941 -14.811461 0.000000
vt 12.567941 -13.330315 0.000000
vt 12.567941 -11.849169 0.000000
vt 12.567941 -10.368023 0.000000
vt 12.567941 -8.886877 0.000000
vt 12.567941 -7.405730 0.000000
vt 12.567941 -5.924584 0.000000
vt 12.567941 -4.443438 0.000000
vt 12.567941 -2.962292 0.000000
vt 12.567941 -1.481146 0.000000
vt 12.567941 0.000000 0.000000
vt 12.567941 1.481146 0.000000
vt 12.567941 2.962292 0.000000
vt 12.567941 4.443438 0.000000
vt 12.567941 5.924584 0.000000
vt 12.567941 7.405730 0.000000
vt 12.567941 8.886877 0.000000
vt 12.567941 10.368023 0.000000
vt 12.567941 11.849169 0.000000
vt 12.567941 13.330315 0.000000
vt 12.567941 14.811461 0.000000
vt 12.567941 16.292607 0.000000
vt 12.567941 17.773753 0.000000
vt 12.567941 19.254899 0.000000
vt 12.567941 20.736045 0.000000
vt 12.567941 22.217191 0.000000
vt 12.567941 23.698338 0.000000
vt 16.757255 -7.899446 0.000000
vt 16.757255 7.899446 0.000000
vn 0.077570 -0.000000 0.063110
vn 0.081119 -0.000000 0.058478
vn 0.087758 -0.000000 0.047943
vn 0.090518 -0.000000 0.042502
vn 0.095236 -0.000000 0.030497
vn 0.096968 -0.000000 0.024437
vn 0.099368 -0.000000 0.011228
vn 0.099890 -0.000000 0.004684
vn 0.099566 0.000000 -0.009309
vn 0.098695 0.000000 -0.016106
vn 0.095327 0.000000 -0.030211
vn 0.092937 0.000000 -0.036915
vn 0.086453 0.000000 -0.050258
vn 0.082560 0.000000 -0.056425
vn 0.073209 0.000000 -0.068121
vn 0.067953 0.000000 -0.073365
vn 0.056292 0.000000 -0.082651
vn 0.049902 0.000000 -0.086659
vn 0.036618 0.000000 -0.093055
vn 0.029470 0.000000 -0.095559
vn 0.015328 0.000000 -0.098818
vn 0.007752 0.000000 -0.099699
vn -0.006555 0.000000 -0.099785
vn -0.014192 0.000000 -0.098988
vn -0.027923 0.000000 -0.096023
vn -0.035231 0.000000 -0.093588
vn -0.047788 0.000000 -0.087843
vn -0.054464 0.000000 -0.083867
vn -0.065260 0.000000 -0.075771
vn -0.070930 0.000000 -0.070491
vn -0.079542 0.000000 -0.060606
vn -0.084043 0.000000 -0.054191
vn -0.090220 0.000000 -0.043132
vn -0.093309 0.000000 -0.035965
vn -0.096989 0.000000 -0.024356
vn -0.098586 0.000000 -0.016757
vn -0.099867 0.000000 -0.005162
vn -0.099967 0.000000 0.002560
vn -0.099060 0.000000 0.013681
vn -0.097709 0.000000 0.021283
vn -0.094869 0.000000 0.031620
vn -0.092112 0.000000 0.038928
vn -0.087563 0.000000 0.048299
vn -0.083604 0.000000 0.054868
vn -0.077353 0.000000 0.063376
vn -0.072846 0.000000 0.068509
vn -0.064726 0.000000 0.076227
vn -0.060122 0.000000 0.079908
vn -0.050179 0.000000 0.086499
vn -0.044947 0.000000 0.089330
vn -0.033480 0.000000 0.094229
vn -0.027561 0.000000 0.096127
vn -0.015302 0.000000 0.098822
vn -0.009153 0.000000 0.099580
vn 0.003030 -0.000000 0.099954
vn 0.008932 -0.000000 0.099600
vn 0.020134 -0.000000 0.097952
vn 0.025620 -0.000000 0.096662
vn 0.036246 -0.000000 0.093200
vn 0.041350 -0.000000 0.091050
vn 0.051390 -0.000000 0.085785
vn 0.056032 -0.000000 0.082827
vn 0.065276 -0.000000 0.075756
vn 0.069440 -0.000000 0.071959
vn 0.020309 -0.097916 0.000000
vn 0.020309 -0.097916 0.000000
vn -0.000000 -0.100000 0.000000
vn 0.000000 -0.100000 0.000000
vn -0.020309 -0.097916 0.000000
vn 0.039067 -0.092053 0.000000
vn 0.039067 -0.092053 0.000000
vn 0.055508 -0.083180 0.000000
vn 0.055508 -0.083180 0.000000
vn 0.069078 -0.072306 0.000000
vn 0.069078 -0.072306 0.000000
vn 0.080463 -0.059377 0.000000
vn 0.089693 -0.044216 0.000000
vn 0.089693 -0.044216 0.000000
vn 0.080463 -0.059377 0.000000
vn 0.096203 -0.027293 0.000000
vn 0.096203 -0.027293 0.000000
vn 0.099570 -0.009259 0.000000
vn 0.099570 -0.009259 0.000000
vn 0.099566 0.009306 0.000000
vn 0.095740 0.028877 0.000000
vn 0.095740 0.028877 0.000000
vn 0.099566 0.009306 0.000000
vn 0.087681 0.048084 0.000000
vn 0.087681 0.048084 0.000000
vn 0.075711 0.065328 0.000000
vn 0.075711 0.065328 0.000000
vn 0.060543 0.079590 0.000000
vn 0.060543 0.079590 0.000000
vn 0.041955 0.090773 0.000000
vn 0.041955 0.090773 0.000000
vn 0.021191 0.097729 0.000000
vn 0.021191 0.097729 0.000000
vn -0.000000 0.100000 0.000000
vn -0.000000 0.100000 0.000000
vn -0.021191 0.097729 0.000000
vn -0.021191 0.097729 0.000000
vn -0.041955 0.090773 0.000000
vn -0.041955 0.090773 0.000000
vn -0.060543 0.079590 0.000000
vn -0.060543 0.079590 0.000000
vn -0.075711 0.065328 0.000000
vn -0.087681 0.048084 0.000000
vn -0.087681 0.048084 0.000000
vn -0.075711 0.065328 0.000000
vn -0.095740 0.028877 0.000000
vn -0.095740 0.028877 0.000000
vn -0.099566 0.009306 0.000000
vn -0.099566 0.009306 0.000000
vn -0.099570 -0.009259 0.000000
vn -0.099570 -0.009259 0.000000
vn -0.096203 -0.027293 0.000000
vn -0.089693 -0.044216 0.000000
vn -0.089693 -0.044216 0.000000
vn -0.096203 -0.027293 0.000000
vn -0.080463 -0.059377 0.000000
vn -0.080463 -0.059377 0.000000
vn -0.069078 -0.072306 0.000000
vn -0.069078 -0.072306 0.000000
vn -0.055508 -0.083180 0.000000
vn -0.055508 -0.083180 0.000000
vn -0.039067 -0.092053 0.000000
vn -0.039067 -0.092053 0.000000
vn -0.020309 -0.097916 0.000000
vn 0.021191 -0.097729 0.000000
vn 0.021191 -0.097729 0.000000
vn 0.000000 -0.100000 0.000000
vn -0.000000 -0.100000 0.000000
vn -0.021191 -0.097729 0.000000
vn 0.041955 -0.090773 0.000000
vn 0.041955 -0.090773 0.000000
vn 0.060543 -0.079590 0.000000
vn 0.060543 -0.079590 0.000000
vn 0.075711 -0.065328 0.000000
vn 0.075711 -0.065328 0.000000
vn 0.087681 -0.048084 0.000000
vn 0.087681 -0.048084 0.000000
vn 0.095740 -0.028877 0.000000
vn 0.095740 -0.028877 0.000000
vn 0.099566 -0.009306 0.000000
vn 0.099566 -0.009306 0.000000
vn 0.099570 0.009259 0.000000
vn 0.096203 0.027293 0.000000
vn 0.096203 0.027293 0.000000
vn 0.099570 0.009259 0.000000
vn 0.089693 0.044216 0.000000
vn 0.089693 0.044216 0.000000
vn 0.080463 0.059377 0.000000
vn 0.080463 0.059377 0.000000
vn 0.069078 0.072306 0.000000
vn 0.055508 0.083180 0.000000
vn 0.055508 0.083180 0.000000
vn 0.069078 0.072306 0.000000
vn 0.039067 0.092053 0.000000
vn 0.039067 0.092053 0.000000
vn 0.020309 0.097916 0.000000
vn 0.020309 0.097916 0.000000
vn -0.000000 0.100000 0.000000
vn -0.000000 0.100000 0.000000
vn -0.020309 0.097916 0.000000
vn -0.039067 0.092053 0.000000
vn -0.039067 0.092053 0.000000
vn -0.020309 0.097916 0.000000
vn -0.055508 0.083180 0.000000
vn -0.055508 0.083180 0.000000
vn -0.069078 0.072306 0.000000
vn -0.069078 0.072306 0.000000
vn -0.080463 0.059377 0.000000
vn -0.080463 0.059377 0.000000
vn -0.089693 0.044216 0.000000
vn -0.096203 0.027293 0.000000
vn -0.096203 0.027293 0.000000
vn -0.089693 0.044216 0.000000
vn -0.099570 0.009259 0.000000
vn -0.099570 0.009259 0.000000
vn -0.099566 -0.009306 0.000000
vn -0.099566 -0.009306 0.000000
vn -0.095740 -0.028877 0.000000
vn -0.095740 -0.028877 0.000000
vn -0.087681 -0.048084 0.000000
vn -0.087681 -0.048084 0.000000
vn -0.075711 -0.065328 0.000000
vn -0.075711 -0.065328 0.000000
vn -0.060543 -0.079590 0.000000
vn -0.041955 -0.090773 0.000000
vn -0.041955 -0.090773 0.000000
vn -0.060543 -0.079590 0.000000
vn -0.021191 -0.097729 0.000000
vn 0.008963 -0.083805 -0.053817
vn 0.004564 -0.075106 -0.065866
vn 0.009564 -0.079244 -0.060240
vn 0.009187 -0.074866 -0.065656
vn 0.010387 -0.074471 -0.065926
vn 0.011391 -0.069709 -0.070787
vn 0.009187 -0.063171 -0.076974
vn 0.012540 -0.065178 -0.074797
vn 0.013812 -0.061084 -0.077961
vn 0.009187 -0.052455 -0.084641
vn 0.013933 -0.053471 -0.083347
vn 0.013933 -0.049512 -0.085758
vn 0.016689 -0.055280 -0.081643
vn 0.018867 -0.049102 -0.085047
vn 0.018336 -0.054232 -0.081992
vn 0.020019 -0.054979 -0.081096
vn 0.024064 -0.048531 -0.084058
vn 0.021614 -0.057417 -0.078969
vn 0.023046 -0.061073 -0.075756
vn 0.024064 -0.061575 -0.075030
vn 0.024326 -0.065646 -0.071406
vn 0.029603 -0.060596 -0.073836
vn 0.025387 -0.070705 -0.066002
vn 0.029603 -0.071814 -0.062979
vn 0.026162 -0.075801 -0.059747
vn 0.026614 -0.080655 -0.052786
vn 0.029603 -0.081114 -0.050440
vn 0.026701 -0.085065 -0.045287
vn 0.029603 -0.088247 -0.036553
vn 0.026390 -0.088857 -0.037522
vn 0.025668 -0.091919 -0.029868
vn 0.029603 -0.093023 -0.021690
vn 0.024551 -0.094233 -0.022746
vn 0.023100 -0.095868 -0.016605
vn 0.024064 -0.096854 -0.006348
vn 0.021382 -0.096976 -0.011766
vn 0.018867 -0.097994 -0.006423
vn 0.019499 -0.097710 -0.008514
vn 0.017545 -0.098200 -0.007001
vn 0.013933 -0.098813 -0.006477
vn 0.015609 -0.098505 -0.007286
vn 0.013781 -0.098604 -0.009343
vn 0.012133 -0.098396 -0.013079
vn 0.009187 -0.099364 -0.006513
vn 0.009187 -0.096976 -0.022612
vn 0.004564 -0.099682 -0.006533
vn 0.004564 -0.097286 -0.022684
vn 0.000000 -0.098079 -0.019509
vn 0.000000 -0.092388 -0.038268
vn 0.004564 -0.084832 -0.052752
vn 0.008633 -0.087947 -0.046805
vn 0.004564 -0.092292 -0.038228
vn 0.008618 -0.091511 -0.039389
vn 0.008956 -0.094359 -0.031877
vn 0.009669 -0.096420 -0.024690
vn 0.000000 -0.083147 -0.055557
vn 0.000000 -0.070711 -0.070711
vn 0.004564 -0.063373 -0.077221
vn 0.000000 -0.055557 -0.083147
vn 0.004564 -0.051292 -0.085722
vn 0.004564 -0.049948 -0.086512
vn 0.009187 -0.049789 -0.086236
vn 0.009187 -0.035076 -0.093195
vn 0.013933 -0.034881 -0.092678
vn 0.013933 -0.019319 -0.097122
vn 0.018867 -0.019159 -0.096317
vn 0.018867 -0.003213 -0.098151
vn 0.024064 -0.003176 -0.097010
vn 0.024064 0.012669 -0.096231
vn 0.029603 0.012468 -0.094701
vn 0.029603 0.027727 -0.091405
vn 0.035575 0.027129 -0.089434
vn 0.035575 0.041335 -0.083820
vn 0.042077 0.040123 -0.081361
vn 0.042077 0.052841 -0.073739
vn 0.049203 0.050709 -0.070765
vn 0.049203 0.061606 -0.061513
vn 0.057024 0.058125 -0.058050
vn 0.057024 0.065982 -0.048935
vn 0.065540 0.060665 -0.044992
vn 0.065540 0.066610 -0.035604
vn 0.074587 0.058744 -0.031399
vn 0.074587 0.062715 -0.022440
vn 0.083691 0.051535 -0.018440
vn 0.083691 0.053683 -0.010678
vn 0.091905 0.038656 -0.007689
vn 0.091905 0.039366 -0.001934
vn 0.097819 0.020746 -0.001019
vn 0.097819 0.020671 0.002036
vn 0.100000 -0.000000 -0.000000
vn 0.010742 -0.097724 -0.018291
vn 0.015192 -0.057695 -0.080253
vn 0.021109 0.056461 -0.079790
vn 0.024064 0.056536 -0.078896
vn 0.019465 0.054527 -0.081534
vn 0.024064 0.042929 -0.087052
vn 0.018867 0.043435 -0.088076
vn 0.018867 0.028507 -0.093975
vn 0.013933 0.028745 -0.094761
vn 0.013933 0.012925 -0.098177
vn 0.009187 0.012997 -0.098725
vn 0.009187 -0.003258 -0.099524
vn 0.004564 -0.003268 -0.099842
vn 0.004564 -0.019489 -0.097976
vn 0.000000 -0.019509 -0.098079
vn 0.004564 -0.035188 -0.093493
vn 0.000000 -0.038268 -0.092388
vn 0.022588 0.059748 -0.076941
vn 0.023865 0.063840 -0.073177
vn 0.029603 0.055637 -0.077641
vn 0.024973 0.068550 -0.068390
vn 0.029603 0.067614 -0.067468
vn 0.025868 0.073637 -0.062517
vn 0.029603 0.076721 -0.056900
vn 0.026468 0.078677 -0.055761
vn 0.026712 0.083342 -0.048379
vn 0.029603 0.084239 -0.045027
vn 0.026562 0.087438 -0.040608
vn 0.029603 0.089934 -0.032179
vn 0.025996 0.090823 -0.032793
vn 0.025019 0.093440 -0.025357
vn 0.023671 0.095334 -0.018737
vn 0.024064 0.095197 -0.018936
vn 0.029603 0.093683 -0.018635
vn 0.035575 0.091662 -0.018233
vn 0.035575 0.087995 -0.031485
vn 0.042077 0.088974 -0.017698
vn 0.042077 0.085414 -0.030562
vn 0.049203 0.085385 -0.016984
vn 0.049203 0.081969 -0.029329
vn 0.057024 0.080569 -0.016026
vn 0.057024 0.077346 -0.027675
vn 0.065540 0.074077 -0.014735
vn 0.065540 0.071113 -0.025445
vn 0.074587 0.065329 -0.012995
vn 0.022031 0.096625 -0.013354
vn 0.024064 0.096945 -0.004763
vn 0.029603 0.095403 -0.004687
vn 0.029603 0.095058 0.009362
vn 0.035575 0.093008 0.009160
vn 0.035575 0.090657 0.022708
vn 0.042077 0.087998 0.022042
vn 0.042077 0.083811 0.034716
vn 0.049203 0.080431 0.033316
vn 0.049203 0.074672 0.044757
vn 0.057024 0.070460 0.042232
vn 0.057024 0.063501 0.052114
vn 0.065540 0.058384 0.047915
vn 0.065540 0.050722 0.055963
vn 0.074587 0.044732 0.049354
vn 0.074587 0.037006 0.055383
vn 0.083691 0.030409 0.045510
vn 0.083691 0.023402 0.049479
vn 0.091905 0.016852 0.035630
vn 0.091905 0.011441 0.037717
vn 0.097819 0.006030 0.019877
vn 0.097819 0.003048 0.020547
vn 0.020184 0.097482 -0.009480
vn 0.018867 0.098086 -0.004819
vn 0.024064 0.096594 0.009514
vn 0.018867 0.097731 0.009626
vn 0.024064 0.094153 0.023584
vn 0.018867 0.095261 0.023862
vn 0.024064 0.089673 0.037144
vn 0.018867 0.090729 0.037581
vn 0.024064 0.083252 0.049900
vn 0.018867 0.084232 0.050487
vn 0.024064 0.075030 0.061575
vn 0.018867 0.075913 0.062300
vn 0.024064 0.065183 0.071918
vn 0.018867 0.065950 0.072764
vn 0.024064 0.053925 0.080704
vn 0.018867 0.054559 0.081654
vn 0.024064 0.041499 0.087743
vn 0.018867 0.041988 0.088775
vn 0.024064 0.028175 0.092882
vn 0.018867 0.028507 0.093975
vn 0.024064 0.014242 0.096011
vn 0.018867 0.014410 0.097141
vn 0.024064 -0.000000 0.097062
vn 0.018867 -0.000000 0.098204
vn 0.013933 0.014530 0.097953
vn 0.013933 -0.000000 0.099025
vn 0.009187 0.014611 0.098499
vn 0.009187 -0.000000 0.099577
vn 0.004564 0.014658 0.098815
vn 0.004564 -0.000000 0.099896
vn 0.000000 -0.000000 0.100000
vn 0.000000 0.019509 0.098079
vn 0.004564 0.028998 0.095594
vn 0.000000 0.038268 0.092388
vn 0.004564 0.042711 0.090305
vn 0.000000 0.055557 0.083147
vn 0.004564 0.055499 0.083060
vn 0.004564 0.067086 0.074018
vn 0.009187 0.055322 0.082795
vn 0.009187 0.066872 0.073782
vn 0.013933 0.055015 0.082336
vn 0.013933 0.066501 0.073372
vn 0.018235 0.098050 -0.007330
vn 0.016272 0.098420 -0.006984
vn 0.013933 0.098905 -0.004859
vn 0.013933 0.098797 -0.006713
vn 0.012664 0.098510 -0.011640
vn 0.014389 0.098598 -0.008446
vn 0.011172 0.098010 -0.016411
vn 0.009187 0.099388 -0.006129
vn 0.009187 0.099457 -0.004886
vn 0.013933 0.098548 0.009706
vn 0.009187 0.097664 -0.019427
vn 0.009983 0.096927 -0.022481
vn 0.009148 0.095119 -0.029473
vn 0.008687 0.092519 -0.036944
vn 0.004564 0.094056 -0.033654
vn 0.004564 0.097976 -0.019489
vn 0.008592 0.089171 -0.044437
vn 0.004564 0.088100 -0.047091
vn 0.000000 0.092388 -0.038268
vn 0.000000 0.083147 -0.055557
vn 0.004564 0.080237 -0.059508
vn 0.000000 0.070711 -0.070711
vn 0.004564 0.070637 -0.070637
vn 0.004564 0.058187 -0.081200
vn 0.009187 0.070412 -0.070412
vn 0.009187 0.058001 -0.080941
vn 0.012154 0.066606 -0.073593
vn 0.013381 0.062368 -0.077014
vn 0.008825 0.085200 -0.051605
vn 0.009342 0.080761 -0.058228
vn 0.009187 0.079981 -0.059318
vn 0.010100 0.076023 -0.064175
vn 0.011050 0.071231 -0.069311
vn 0.013933 0.057680 -0.080492
vn 0.014719 0.058734 -0.079584
vn 0.016169 0.055966 -0.081279
vn 0.017779 0.054393 -0.082008
vn 0.013933 0.043797 -0.088812
vn 0.009187 0.044042 -0.089308
vn 0.009187 0.028906 -0.095289
vn 0.004564 0.028998 -0.095594
vn 0.004564 0.013039 -0.099041
vn 0.000000 0.019509 -0.098079
vn 0.000000 0.000000 -0.100000
vn 0.029603 -0.000000 0.095518
vn 0.029603 0.014015 0.094484
vn 0.029603 0.027727 0.091405
vn 0.029603 0.040839 0.086347
vn 0.029603 0.053067 0.079420
vn 0.029603 0.064146 0.070774
vn 0.029603 0.073836 0.060596
vn 0.029603 0.081928 0.049106
vn 0.029603 0.088247 0.036553
vn 0.029603 0.092655 0.023209
vn 0.035575 -0.000000 0.093458
vn 0.035575 0.013713 0.092447
vn 0.035575 0.027129 0.089434
vn 0.035575 0.039958 0.084485
vn 0.035575 0.051923 0.077708
vn 0.035575 0.062763 0.069248
vn 0.035575 0.072244 0.059289
vn 0.035575 0.080162 0.048047
vn 0.035575 0.086344 0.035765
vn 0.042077 -0.000000 0.090717
vn 0.042077 0.013311 0.089735
vn 0.042077 0.026334 0.086811
vn 0.042077 0.038786 0.082007
vn 0.042077 0.050400 0.075428
vn 0.042077 0.060922 0.067217
vn 0.042077 0.070125 0.057550
vn 0.042077 0.077810 0.046638
vn 0.049203 -0.000000 0.087058
vn 0.049203 0.012774 0.086116
vn 0.049203 0.025272 0.083309
vn 0.049203 0.037222 0.078699
vn 0.049203 0.048367 0.072386
vn 0.049203 0.058465 0.064506
vn 0.049203 0.067297 0.055229
vn 0.057024 -0.000000 0.082148
vn 0.057024 0.012054 0.081259
vn 0.057024 0.023846 0.078611
vn 0.057024 0.035123 0.074261
vn 0.057024 0.045639 0.068303
vn 0.057024 0.055167 0.060867
vn 0.065540 -0.000000 0.075528
vn 0.065540 0.011082 0.074711
vn 0.065540 0.021925 0.072276
vn 0.065540 0.032292 0.068277
vn 0.065540 0.041961 0.062799
vn 0.074587 -0.000000 0.066609
vn 0.074587 0.009774 0.065888
vn 0.074587 0.019336 0.063741
vn 0.074587 0.028479 0.060214
vn 0.083691 -0.000000 0.054735
vn 0.083691 0.008031 0.054142
vn 0.083691 0.015889 0.052378
vn 0.091905 -0.000000 0.039414
vn 0.091905 0.005783 0.038987
vn 0.097819 -0.000000 0.020771
vn 0.097819 -0.003384 0.020494
vn 0.091905 -0.006420 0.038887
vn 0.083691 -0.008916 0.054003
vn 0.074587 -0.010850 0.065719
vn 0.065540 -0.012303 0.074519
vn 0.057024 -0.013381 0.081051
vn 0.049203 -0.014181 0.085895
vn 0.042077 -0.014777 0.089505
vn 0.035575 -0.015224 0.092210
vn 0.029603 -0.015559 0.094242
vn 0.024064 -0.015811 0.095765
vn 0.018867 -0.015997 0.096892
vn 0.013933 -0.016131 0.097702
vn 0.009187 -0.016221 0.098247
vn 0.004564 -0.016273 0.098562
vn 0.000000 -0.019509 0.098079
vn 0.004564 -0.032110 0.094594
vn 0.000000 -0.038268 0.092388
vn 0.004564 -0.047091 0.088100
vn 0.000000 -0.055557 0.083147
vn 0.004564 -0.060813 0.079253
vn 0.000000 -0.070711 0.070711
vn 0.004564 -0.072910 0.068288
vn 0.000000 -0.083147 0.055557
vn 0.004564 -0.083060 0.055499
vn 0.004564 -0.090991 0.041228
vn 0.009187 -0.090701 0.041096
vn 0.009187 -0.096184 0.025772
vn 0.013933 -0.095650 0.025629
vn 0.013933 -0.098548 0.009706
vn 0.018867 -0.097731 0.009626
vn 0.000000 -0.092388 0.038268
vn 0.004564 -0.096492 0.025855
vn 0.009187 -0.099098 0.009760
vn 0.000000 -0.098079 0.019509
vn 0.004564 -0.099415 0.009792
vn 0.000000 -0.100000 -0.000000
vn 0.000000 0.038268 -0.092388
vn 0.004564 0.044183 -0.089594
vn 0.000000 0.055557 -0.083147
vn 0.000000 0.098079 -0.019509
vn 0.004564 0.099743 -0.005525
vn 0.000000 0.100000 0.000000
vn 0.004564 0.099775 -0.004902
vn 0.004564 0.099415 0.009792
vn 0.009187 0.099098 0.009760
vn 0.009187 0.096593 0.024195
vn 0.013933 0.096057 0.024061
vn 0.013933 0.091487 0.037895
vn 0.000000 0.098079 0.019509
vn 0.004564 0.096902 0.024273
vn 0.009187 0.091997 0.038107
vn 0.013933 0.084936 0.050909
vn 0.000000 0.092388 0.038268
vn 0.004564 0.092292 0.038228
vn 0.009187 0.085410 0.051193
vn 0.013933 0.076547 0.062821
vn 0.004564 0.085684 0.051357
vn 0.000000 0.083147 0.055557
vn 0.004564 0.077221 0.063373
vn 0.000000 0.070711 0.070711
vn 0.097819 0.008881 0.018777
vn 0.097819 0.011540 0.017271
vn 0.097819 0.013949 0.015391
vn 0.097819 0.016057 0.013177
vn 0.097819 0.017816 0.010679
vn 0.097819 0.019190 0.007949
vn 0.097819 0.020149 0.005047
vn 0.097819 0.020372 -0.004052
vn 0.097819 0.019557 -0.006998
vn 0.097819 0.018319 -0.009792
vn 0.097819 0.016684 -0.012374
vn 0.097819 0.014689 -0.014686
vn 0.097819 0.012099 -0.016884
vn 0.097819 0.009187 -0.018629
vn 0.097819 0.006030 -0.019877
vn 0.097819 0.002711 -0.020594
vn 0.097819 -0.000680 -0.020760
vn 0.097819 -0.004052 -0.020372
vn 0.097819 -0.007317 -0.019440
vn 0.097819 -0.010386 -0.017989
vn 0.097819 -0.013177 -0.016057
vn 0.097819 -0.015617 -0.013696
vn 0.097819 -0.017639 -0.010969
vn 0.097819 -0.019190 -0.007949
vn 0.097819 -0.020229 -0.004717
vn 0.097819 -0.020727 -0.001359
vn 0.097819 -0.020671 0.002036
vn 0.097819 -0.020064 0.005376
vn 0.097819 -0.018920 0.008573
vn 0.097819 -0.017271 0.011540
vn 0.097819 -0.015160 0.014199
vn 0.097819 -0.012645 0.016479
vn 0.097819 -0.009792 0.018319
vn 0.097819 -0.006677 0.019669
vn 0.091905 -0.039329 -0.002578
vn 0.091905 -0.038384 -0.008950
vn 0.091905 -0.036413 -0.015083
vn 0.091905 -0.033470 -0.020813
vn 0.091905 -0.029633 -0.025987
vn 0.091905 -0.025004 -0.030467
vn 0.091905 -0.019707 -0.034133
vn 0.091905 -0.013883 -0.036887
vn 0.091905 -0.007689 -0.038656
vn 0.091905 -0.001290 -0.039393
vn 0.091905 0.005145 -0.039076
vn 0.091905 0.011441 -0.037717
vn 0.091905 0.017432 -0.035349
vn 0.091905 0.022958 -0.032037
vn 0.091905 0.027876 -0.027864
vn 0.091905 0.031657 -0.023479
vn 0.091905 0.034760 -0.018579
vn 0.091905 0.037110 -0.013278
vn 0.083691 -0.054617 -0.003580
vn 0.083691 -0.053305 -0.012429
vn 0.083691 -0.050568 -0.020946
vn 0.083691 -0.046481 -0.028904
vn 0.083691 -0.041152 -0.036089
vn 0.083691 -0.034723 -0.042310
vn 0.083691 -0.027367 -0.047401
vn 0.083691 -0.019280 -0.051226
vn 0.083691 -0.010678 -0.053683
vn 0.083691 -0.001791 -0.054705
vn 0.083691 0.007144 -0.054266
vn 0.083691 0.015889 -0.052378
vn 0.083691 0.024208 -0.049090
vn 0.083691 0.031882 -0.044491
vn 0.083691 0.038716 -0.038691
vn 0.083691 0.043963 -0.032605
vn 0.083691 0.048272 -0.025802
vn 0.091905 -0.039224 0.003863
vn 0.091905 -0.038071 0.010201
vn 0.091905 -0.035900 0.016266
vn 0.091905 -0.032771 0.021897
vn 0.091905 -0.028767 0.026943
vn 0.091905 -0.023994 0.031269
vn 0.091905 -0.018579 0.034760
vn 0.091905 -0.012669 0.037322
vn 0.074587 -0.066466 -0.004356
vn 0.074587 -0.064869 -0.015125
vn 0.074587 -0.061539 -0.025490
vn 0.074587 -0.056565 -0.035174
vn 0.074587 -0.050079 -0.043918
vn 0.074587 -0.042256 -0.051489
vn 0.074587 -0.033305 -0.057685
vn 0.074587 -0.023463 -0.062340
vn 0.074587 -0.012995 -0.065329
vn 0.074587 -0.002179 -0.066573
vn 0.074587 0.008694 -0.066039
vn 0.074587 0.019336 -0.063741
vn 0.074587 0.029460 -0.059740
vn 0.074587 0.038798 -0.054143
vn 0.074587 0.047120 -0.047079
vn 0.074587 0.053501 -0.039679
vn 0.083691 -0.054471 0.005365
vn 0.083691 -0.052869 0.014166
vn 0.083691 -0.049856 0.022589
vn 0.083691 -0.045510 0.030409
vn 0.083691 -0.039949 0.037416
vn 0.083691 -0.033320 0.043424
vn 0.083691 -0.025802 0.048272
vn 0.083691 -0.017594 0.051830
vn 0.065540 -0.075366 -0.004940
vn 0.065540 -0.073555 -0.017151
vn 0.065540 -0.069779 -0.028903
vn 0.065540 -0.064139 -0.039884
vn 0.065540 -0.056785 -0.049799
vn 0.065540 -0.047915 -0.058384
vn 0.065540 -0.037764 -0.065409
vn 0.065540 -0.026605 -0.070687
vn 0.065540 -0.014735 -0.074077
vn 0.065540 -0.002471 -0.075488
vn 0.065540 0.009858 -0.074882
vn 0.065540 0.021925 -0.072276
vn 0.065540 0.033405 -0.067739
vn 0.065540 0.043993 -0.061393
vn 0.065540 0.053435 -0.053378
vn 0.074587 -0.066288 0.006529
vn 0.074587 -0.064339 0.017240
vn 0.074587 -0.060672 0.027490
vn 0.074587 -0.055383 0.037006
vn 0.074587 -0.048616 0.045533
vn 0.074587 -0.040549 0.052844
vn 0.074587 -0.031399 0.058744
vn 0.074587 -0.021411 0.063074
vn 0.057024 -0.081972 -0.005373
vn 0.057024 -0.080002 -0.018654
vn 0.057024 -0.075895 -0.031437
vn 0.057024 -0.069760 -0.043380
vn 0.057024 -0.061762 -0.054164
vn 0.057024 -0.052114 -0.063501
vn 0.057024 -0.041074 -0.071142
vn 0.057024 -0.028937 -0.076883
vn 0.057024 -0.016026 -0.080569
vn 0.057024 -0.002688 -0.082104
vn 0.057024 0.010722 -0.081445
vn 0.057024 0.023846 -0.078611
vn 0.057024 0.036333 -0.073676
vn 0.057024 0.047849 -0.066774
vn 0.065540 -0.075164 0.007403
vn 0.065540 -0.072955 0.019548
vn 0.065540 -0.068796 0.031171
vn 0.065540 -0.062799 0.041961
vn 0.065540 -0.055125 0.051630
vn 0.065540 -0.045979 0.059920
vn 0.065540 -0.035604 0.066610
vn 0.065540 -0.024278 0.071520
vn 0.049203 -0.086872 -0.005694
vn 0.049203 -0.084784 -0.019769
vn 0.049203 -0.080431 -0.033316
vn 0.049203 -0.073930 -0.045972
vn 0.049203 -0.065454 -0.057401
vn 0.049203 -0.055229 -0.067297
vn 0.049203 -0.043529 -0.075394
vn 0.049203 -0.030666 -0.081478
vn 0.049203 -0.016984 -0.085385
vn 0.049203 -0.002848 -0.087011
vn 0.049203 0.011363 -0.086313
vn 0.049203 0.025272 -0.083309
vn 0.049203 0.038505 -0.078080
vn 0.057024 -0.081752 0.008052
vn 0.057024 -0.079349 0.021261
vn 0.057024 -0.074825 0.033903
vn 0.057024 -0.068303 0.045639
vn 0.057024 -0.059957 0.056156
vn 0.057024 -0.050008 0.065172
vn 0.057024 -0.038724 0.072448
vn 0.057024 -0.026406 0.077788
vn 0.042077 -0.090523 -0.005933
vn 0.042077 -0.088347 -0.020600
vn 0.042077 -0.083811 -0.034716
vn 0.042077 -0.077037 -0.047905
vn 0.042077 -0.068205 -0.059814
vn 0.042077 -0.057550 -0.070125
vn 0.042077 -0.045358 -0.078563
vn 0.042077 -0.031955 -0.084902
vn 0.042077 -0.017698 -0.088974
vn 0.042077 -0.002968 -0.090668
vn 0.042077 0.011841 -0.089941
vn 0.042077 0.026334 -0.086811
vn 0.049203 -0.086639 0.008533
vn 0.049203 -0.084091 0.022532
vn 0.049203 -0.079298 0.035929
vn 0.049203 -0.072386 0.048367
vn 0.049203 -0.063540 0.059512
vn 0.049203 -0.052997 0.069068
vn 0.049203 -0.041039 0.076778
vn 0.049203 -0.027984 0.082438
vn 0.035575 -0.093258 -0.006112
vn 0.035575 -0.091017 -0.021222
vn 0.035575 -0.086344 -0.035765
vn 0.035575 -0.079365 -0.049352
vn 0.035575 -0.070266 -0.061621
vn 0.035575 -0.059289 -0.072244
vn 0.035575 -0.046729 -0.080937
vn 0.035575 -0.032921 -0.087468
vn 0.035575 -0.018233 -0.091662
vn 0.035575 -0.003058 -0.093408
vn 0.035575 0.012199 -0.092659
vn 0.042077 -0.090280 0.008892
vn 0.042077 -0.087626 0.023479
vn 0.042077 -0.082631 0.037439
vn 0.042077 -0.075428 0.050400
vn 0.042077 -0.066211 0.062013
vn 0.042077 -0.055225 0.071970
vn 0.042077 -0.042764 0.080005
vn 0.042077 -0.029160 0.085902
vn 0.029603 -0.095313 -0.006247
vn 0.029603 -0.047759 -0.082721
vn 0.029603 -0.033646 -0.089396
vn 0.029603 -0.018635 -0.093683
vn 0.029603 -0.003125 -0.095467
vn 0.035575 -0.093008 0.009160
vn 0.035575 -0.090274 0.024189
vn 0.035575 -0.085128 0.038571
vn 0.035575 -0.077708 0.051923
vn 0.035575 -0.068212 0.063887
vn 0.035575 -0.056894 0.074145
vn 0.035575 -0.044056 0.082423
vn 0.035575 -0.030041 0.088498
vn 0.024064 -0.096594 0.009514
vn 0.018867 -0.094858 0.025417
vn 0.013933 -0.090198 0.040868
vn 0.009187 -0.082795 0.055322
vn 0.029603 -0.095058 0.009362
vn 0.029603 -0.092263 0.024722
vn 0.029603 -0.087004 0.039421
vn 0.029603 -0.079420 0.053067
vn 0.029603 -0.069715 0.065295
vn 0.029603 -0.058148 0.075779
vn 0.029603 -0.045027 0.084239
vn 0.029603 -0.030703 0.090449
vn 0.018867 -0.034592 -0.091910
vn 0.024064 -0.034190 -0.090840
vn 0.029603 0.042246 -0.085667
vn 0.035575 0.054437 -0.075967
vn 0.035575 0.066149 -0.066020
vn 0.035575 0.075066 -0.055673
vn 0.035575 0.082423 -0.044056
vn 0.024064 0.028175 -0.092882
vn 0.042077 0.064202 -0.064091
vn 0.049203 0.069926 -0.051860
vn 0.057024 0.072448 -0.038724
vn 0.042077 0.072864 -0.054040
vn 0.042077 0.080005 -0.042764
vn 0.049203 0.076778 -0.041039
vn 0.035575 0.093346 -0.004586
vn 0.042077 0.090608 -0.004451
vn 0.049203 0.086953 -0.004272
vn 0.057024 0.082049 -0.004031
vn 0.065540 0.075437 -0.003706
vn 0.074587 0.066529 -0.003268
vn 0.083691 0.054669 -0.002686
vn 0.042077 0.090280 0.008892
vn 0.049203 0.086639 0.008533
vn 0.057024 0.081752 0.008052
vn 0.065540 0.075164 0.007403
vn 0.074587 0.066288 0.006529
vn 0.083691 0.054471 0.005365
vn 0.091905 0.039224 0.003863
vn 0.013933 0.028745 0.094761
vn 0.013933 0.042338 0.089517
vn 0.009187 0.028906 0.095289
vn 0.009187 0.042575 0.090017
vn 0.009187 -0.032008 0.094293
vn 0.009187 -0.046940 0.087819
vn 0.009187 -0.060619 0.079000
vn 0.009187 -0.072678 0.068070
vn 0.013933 -0.031830 0.093769
vn 0.013933 -0.046680 0.087332
vn 0.013933 -0.060282 0.078562
vn 0.013933 -0.072275 0.067692
vn 0.013933 -0.082336 0.055015
vn 0.018867 -0.031567 0.092992
vn 0.018867 -0.046293 0.086608
vn 0.018867 -0.059783 0.077910
vn 0.018867 -0.071676 0.067132
vn 0.018867 -0.081654 0.054559
vn 0.018867 -0.089450 0.040529
vn 0.024064 -0.031199 0.091911
vn 0.024064 -0.045755 0.085601
vn 0.024064 -0.059087 0.077004
vn 0.024064 -0.070842 0.066351
vn 0.024064 -0.080704 0.053925
vn 0.024064 -0.088410 0.040058
vn 0.024064 -0.093754 0.025121
vn 0.009187 -0.019427 -0.097664
vn 0.013933 -0.003240 -0.098972
vn 0.018867 0.012818 -0.097364
vn 0.024064 -0.018936 -0.095197
vn 0.049203 0.084449 0.021153
vn 0.057024 0.079686 0.019960
vn 0.065540 0.073265 0.018352
vn 0.074587 0.064613 0.016185
vn 0.083691 0.053094 0.013299
vn 0.091905 0.038232 0.009577
vn 0.057024 0.075895 0.031437
vn 0.065540 0.069779 0.028903
vn 0.074587 0.061539 0.025490
vn 0.083691 0.050568 0.020946
vn 0.091905 0.036413 0.015083
vn 0.009187 0.076974 0.063171
vn 0.065540 0.064783 0.038829
vn 0.074587 0.057132 0.034244
vn 0.074587 0.051489 0.042256
vn 0.083691 0.046947 0.028139
vn 0.083691 0.042310 0.034723
vn 0.083691 0.036757 0.040556
vn 0.091905 0.033806 0.020263
vn 0.091905 0.030467 0.025004
vn 0.091905 0.026469 0.029204
vn 0.091905 0.021897 0.032771
vn 0.000000 0.081747 0.057597
vn 0.000000 0.082490 0.056528
vn 0.000000 0.083147 0.055557
vn 0.000000 0.081747 0.057597
vn 0.000000 0.079659 0.060452
vn 0.000000 0.076498 0.064405
vn 0.000000 0.070711 0.070711
vn 0.000000 0.072625 0.068743
vn 0.000000 0.068020 0.073303
vn 0.000000 0.062619 0.077967
vn 0.000000 0.055557 0.083147
vn 0.000000 0.056591 0.082447
vn 0.000000 0.050167 0.086506
vn 0.000000 0.038268 0.092388
vn 0.000000 0.043554 0.090017
vn 0.000000 0.036583 0.093068
vn 0.000000 0.029742 0.095475
vn 0.000000 0.019509 0.098079
vn 0.000000 0.023599 0.097175
vn 0.000000 0.018519 0.098270
vn 0.000000 0.014535 0.098938
vn 0.000000 0.012058 0.099270
vn 0.000000 0.000000 0.100000
vn 0.000000 0.011249 0.099365
vn 0.000000 0.012058 0.099270
vn 0.000000 0.014535 0.098938
vn 0.000000 0.018519 0.098270
vn 0.000000 0.023599 0.097175
vn 0.000000 0.029742 0.095475
vn 0.000000 0.036583 0.093068
vn 0.000000 0.043554 0.090017
vn 0.000000 0.050167 0.086506
vn 0.000000 0.056591 0.082447
vn 0.000000 0.062619 0.077967
vn 0.000000 0.068020 0.073303
vn 0.000000 0.072625 0.068743
vn 0.000000 0.076498 0.064405
vn 0.000000 0.079659 0.060452
vn 0.000000 0.081747 -0.057597
vn 0.000000 0.083147 -0.055557
vn 0.000000 0.082490 -0.056528
vn 0.000000 0.081747 -0.057597
vn 0.000000 0.079659 -0.060452
vn 0.000000 0.076498 -0.064405
vn 0.000000 0.072625 -0.068743
vn 0.000000 0.068020 -0.073303
vn 0.000000 0.062619 -0.077967
vn 0.000000 0.056591 -0.082447
vn 0.000000 0.050167 -0.086506
vn 0.000000 0.043554 -0.090017
vn 0.000000 0.036583 -0.093068
vn 0.000000 0.029742 -0.095475
vn 0.000000 0.023599 -0.097175
vn 0.000000 0.018519 -0.098270
vn 0.000000 0.014535 -0.098938
vn 0.000000 0.012058 -0.099270
vn 0.000000 0.011249 -0.099365
vn 0.000000 0.000000 -0.100000
vn 0.000000 0.019509 -0.098079
vn 0.000000 0.000000 -0.100000
vn 0.000000 0.019509 -0.098079
vn 0.000000 0.079659 -0.060452
vn 0.000000 0.076498 -0.064405
vn 0.000000 0.070711 -0.070711
vn 0.000000 0.072625 -0.068743
vn 0.000000 0.068020 -0.073303
vn 0.000000 0.062619 -0.077967
vn 0.000000 0.055557 -0.083147
vn 0.000000 0.055557 -0.083147
vn 0.000000 0.038268 -0.092388
vn 0.000000 0.038268 -0.092388
vn 0.000000 0.056591 -0.082447
vn 0.000000 0.050167 -0.086506
vn 0.000000 0.043554 -0.090017
vn 0.000000 0.036583 -0.093068
vn 0.000000 0.029742 -0.095475
vn 0.000000 0.023599 -0.097175
vn 0.000000 0.018519 -0.098270
vn 0.000000 0.014535 -0.098938
vn 0.000000 0.012058 -0.099270
vn 0.000000 -0.012058 0.099270
vn 0.000000 -0.011249 0.099365
vn 0.000000 -0.019509 0.098079
vn 0.000000 0.000000 0.100000
vn 0.000000 -0.019509 0.098079
vn 0.000000 -0.014535 0.098938
vn 0.000000 -0.018519 0.098270
vn 0.000000 -0.023599 0.097175
vn 0.000000 -0.029742 0.095475
vn 0.000000 -0.036583 0.093068
vn 0.000000 -0.043554 0.090017
vn 0.000000 -0.050167 0.086506
vn 0.000000 -0.056591 0.082447
vn 0.000000 -0.062619 0.077967
vn 0.000000 -0.068020 0.073303
vn 0.000000 -0.072625 0.068743
vn 0.000000 -0.076498 0.064405
vn 0.000000 -0.079659 0.060452
vn 0.000000 -0.081747 0.057597
vn 0.000000 -0.082490 0.056528
vn 0.000000 -0.083147 0.055557
vn 0.000000 -0.092388 0.038268
vn 0.000000 -0.098079 0.019509
vn 0.000000 -0.100000 -0.000000
vn 0.000000 -0.098079 -0.019509
vn 0.000000 -0.092388 -0.038268
vn 0.000000 -0.083147 -0.055557
vn 0.000000 -0.082490 -0.056528
vn 0.000000 -0.081747 -0.057597
vn 0.000000 -0.079659 -0.060452
vn 0.000000 -0.076498 -0.064405
vn 0.000000 -0.070711 -0.070711
vn 0.000000 -0.072625 -0.068743
vn 0.000000 -0.068020 -0.073303
vn 0.000000 -0.062619 -0.077967
vn 0.000000 -0.055557 -0.083147
vn 0.000000 -0.056591 -0.082447
vn 0.000000 -0.050167 -0.086506
vn 0.000000 -0.038268 -0.092388
vn 0.000000 -0.043554 -0.090017
vn 0.000000 -0.036583 -0.093068
vn 0.000000 -0.029742 -0.095475
vn 0.000000 -0.019509 -0.098079
vn 0.000000 -0.023599 -0.097175
vn 0.000000 -0.018519 -0.098270
vn 0.000000 -0.014535 -0.098938
vn 0.000000 -0.012058 -0.099270
vn 0.000000 -0.011249 -0.099365
vn 0.000000 -0.012058 -0.099270
vn 0.000000 -0.014535 -0.098938
vn 0.000000 -0.018519 -0.098270
vn 0.000000 -0.023599 -0.097175
vn 0.000000 -0.029742 -0.095475
vn 0.000000 -0.036583 -0.093068
vn 0.000000 -0.043554 -0.090017
vn 0.000000 -0.050167 -0.086506
vn 0.000000 -0.056591 -0.082447
vn 0.000000 -0.062619 -0.077967
vn 0.000000 -0.068020 -0.073303
vn 0.000000 -0.072625 -0.068743
vn 0.000000 -0.076498 -0.064405
vn 0.000000 -0.079659 -0.060452
vn 0.000000 -0.081747 -0.057597
vn 0.000000 -0.081747 0.057597
vn 0.000000 -0.079659 0.060452
vn 0.000000 -0.076498 0.064405
vn 0.000000 -0.070711 0.070711
vn 0.000000 -0.072625 0.068743
vn 0.000000 -0.068020 0.073303
vn 0.000000 -0.062619 0.077967
vn 0.000000 -0.055557 0.083147
vn 0.000000 -0.055557 0.083147
vn 0.000000 -0.038268 0.092388
vn 0.000000 -0.038268 0.092388
vn 0.000000 -0.056591 0.082447
vn 0.000000 -0.050167 0.086506
vn 0.000000 -0.043554 0.090017
vn 0.000000 -0.036583 0.093068
vn 0.000000 -0.029742 0.095475
vn 0.000000 -0.023599 0.097175
vn 0.000000 -0.018519 0.098270
vn 0.000000 -0.014535 0.098938
vn 0.000000 -0.012058 0.099270
vn 0.000000 0.092388 0.038268
vn 0.000000 0.098079 0.019509
vn 0.000000 0.100000 0.000000
vn 0.000000 0.098079 -0.019509
vn 0.000000 0.092388 -0.038268
vn 0.000000 -0.070711 0.070711
vn 0.000000 -0.083147 0.055557
vn 0.000000 -0.092388 0.038268
vn 0.000000 -0.098079 0.019509
vn 0.000000 -0.100000 -0.000000
vn 0.000000 -0.098079 -0.019509
vn 0.000000 -0.092388 -0.038268
vn 0.000000 -0.083147 -0.055557
vn 0.000000 -0.070711 -0.070711
vn 0.000000 -0.055557 -0.083147
vn 0.000000 -0.038268 -0.092388
vn 0.000000 -0.019509 -0.098079
vn 0.000000 0.070711 -0.070711
vn 0.000000 0.083147 -0.055557
vn 0.000000 0.092388 -0.038268
vn 0.000000 0.098079 -0.019509
vn 0.000000 0.100000 0.000000
vn 0.000000 0.098079 0.019509
vn 0.000000 0.092388 0.038268
vn 0.000000 0.083147 0.055557
vn 0.000000 0.070711 0.070711
vn 0.000000 0.055557 0.083147
vn 0.000000 0.038268 0.092388
vn 0.000000 0.019509 0.098079
vn -0.019509 0.019134 0.096194
vn -0.019509 -0.000000 0.098079
vn -0.019509 -0.019134 0.096194
vn -0.019509 -0.037533 0.090613
vn -0.019509 -0.054490 0.081549
vn -0.019509 -0.069352 0.069352
vn -0.019509 -0.081549 0.054490
vn -0.019509 -0.090613 0.037533
vn -0.019509 -0.096194 0.019134
vn -0.019509 -0.098079 -0.000000
vn -0.019509 -0.096194 -0.019134
vn -0.019509 -0.090613 -0.037533
vn -0.019509 -0.081549 -0.054490
vn -0.019509 -0.069352 -0.069352
vn -0.019509 -0.054490 -0.081549
vn -0.019509 -0.037533 -0.090613
vn -0.019509 -0.019134 -0.096194
vn -0.019509 0.000000 -0.098079
vn -0.019509 0.019134 -0.096194
vn -0.019509 0.037533 -0.090613
vn -0.019509 0.054490 -0.081549
vn -0.019509 0.069352 -0.069352
vn -0.019509 0.081549 -0.054490
vn -0.019509 0.090613 -0.037533
vn -0.019509 0.096194 -0.019134
vn -0.019509 0.098079 -0.000000
vn -0.019509 0.096194 0.019134
vn -0.019509 0.090613 0.037533
vn -0.019509 0.081549 0.054490
vn -0.019509 0.069352 0.069352
vn -0.019509 0.054490 0.081549
vn -0.019509 0.037533 0.090613
vn -0.098079 0.019509 0.000000
vn -0.100000 0.000000 0.000000
vn -0.098079 0.019134 0.003806
vn -0.098079 0.018024 0.007466
vn -0.098079 0.016221 0.010839
vn -0.098079 0.013795 0.013795
vn -0.098079 0.010839 0.016221
vn -0.098079 0.007466 0.018024
vn -0.098079 0.003806 0.019134
vn -0.098079 -0.000000 0.019509
vn -0.098079 -0.003806 0.019134
vn -0.098079 -0.007466 0.018024
vn -0.098079 -0.010839 0.016221
vn -0.098079 -0.013795 0.013795
vn -0.098079 -0.016221 0.010839
vn -0.098079 -0.018024 0.007466
vn -0.098079 -0.019134 0.003806
vn -0.098079 -0.019509 -0.000000
vn -0.098079 -0.019134 -0.003806
vn -0.098079 -0.018024 -0.007466
vn -0.098079 -0.016221 -0.010839
vn -0.098079 -0.013795 -0.013795
vn -0.098079 -0.010839 -0.016221
vn -0.098079 -0.007466 -0.018024
vn -0.098079 -0.003806 -0.019134
vn -0.098079 -0.000000 -0.019509
vn -0.098079 0.003806 -0.019134
vn -0.098079 0.007466 -0.018024
vn -0.098079 0.010839 -0.016221
vn -0.098079 0.013795 -0.013795
vn -0.098079 0.016221 -0.010839
vn -0.098079 0.018024 -0.007466
vn -0.098079 0.019134 -0.003806
vn -0.038268 0.092388 0.000000
vn -0.038268 0.090613 0.018024
vn -0.038268 0.085355 0.035355
vn -0.038268 0.076818 0.051328
vn -0.038268 0.065328 0.065328
vn -0.038268 0.051328 0.076818
vn -0.038268 0.035355 0.085355
vn -0.038268 0.018024 0.090613
vn -0.038268 -0.000000 0.092388
vn -0.038268 -0.018024 0.090613
vn -0.038268 -0.035355 0.085355
vn -0.038268 -0.051328 0.076818
vn -0.038268 -0.065328 0.065328
vn -0.038268 -0.076818 0.051328
vn -0.038268 -0.085355 0.035355
vn -0.038268 -0.090613 0.018024
vn -0.038268 -0.092388 -0.000000
vn -0.038268 -0.090613 -0.018024
vn -0.038268 -0.085355 -0.035355
vn -0.038268 -0.076818 -0.051328
vn -0.038268 -0.065328 -0.065328
vn -0.038268 -0.051328 -0.076818
vn -0.038268 -0.035355 -0.085355
vn -0.038268 -0.018024 -0.090613
vn -0.038268 0.000000 -0.092388
vn -0.038268 0.018024 -0.090613
vn -0.038268 0.035355 -0.085355
vn -0.038268 0.051328 -0.076818
vn -0.038268 0.065328 -0.065328
vn -0.038268 0.076818 -0.051328
vn -0.038268 0.085355 -0.035355
vn -0.038268 0.090613 -0.018024
vn -0.055557 0.083147 0.000000
vn -0.055557 0.081549 0.016221
vn -0.055557 0.076818 0.031819
vn -0.055557 0.069134 0.046194
vn -0.055557 0.058794 0.058794
vn -0.055557 0.046194 0.069134
vn -0.055557 0.031819 0.076818
vn -0.055557 0.016221 0.081549
vn -0.055557 -0.000000 0.083147
vn -0.055557 -0.016221 0.081549
vn -0.055557 -0.031819 0.076818
vn -0.055557 -0.046194 0.069134
vn -0.055557 -0.058794 0.058794
vn -0.055557 -0.069134 0.046194
vn -0.055557 -0.076818 0.031819
vn -0.055557 -0.081549 0.016221
vn -0.055557 -0.083147 -0.000000
vn -0.055557 -0.081549 -0.016221
vn -0.055557 -0.076818 -0.031819
vn -0.055557 -0.069134 -0.046194
vn -0.055557 -0.058794 -0.058794
vn -0.055557 -0.046194 -0.069134
vn -0.055557 -0.031819 -0.076818
vn -0.055557 -0.016221 -0.081549
vn -0.055557 0.000000 -0.083147
vn -0.055557 0.016221 -0.081549
vn -0.055557 0.031819 -0.076818
vn -0.055557 0.046194 -0.069134
vn -0.055557 0.058794 -0.058794
vn -0.055557 0.069134 -0.046194
vn -0.055557 0.076818 -0.031819
vn -0.055557 0.081549 -0.016221
vn -0.070711 0.070711 0.000000
vn -0.070711 0.069352 0.013795
vn -0.070711 0.065328 0.027060
vn -0.070711 0.058794 0.039285
vn -0.070711 0.050000 0.050000
vn -0.070711 0.039285 0.058794
vn -0.070711 0.027060 0.065328
vn -0.070711 0.013795 0.069352
vn -0.070711 -0.000000 0.070711
vn -0.070711 -0.013795 0.069352
vn -0.070711 -0.027060 0.065328
vn -0.070711 -0.039285 0.058794
vn -0.070711 -0.050000 0.050000
vn -0.070711 -0.058794 0.039285
vn -0.070711 -0.065328 0.027060
vn -0.070711 -0.069352 0.013795
vn -0.070711 -0.070711 -0.000000
vn -0.070711 -0.069352 -0.013795
vn -0.070711 -0.065328 -0.027060
vn -0.070711 -0.058794 -0.039285
vn -0.070711 -0.050000 -0.050000
vn -0.070711 -0.039285 -0.058794
vn -0.070711 -0.027060 -0.065328
vn -0.070711 -0.013795 -0.069352
vn -0.070711 0.000000 -0.070711
vn -0.070711 0.013795 -0.069352
vn -0.070711 0.027060 -0.065328
vn -0.070711 0.039285 -0.058794
vn -0.070711 0.050000 -0.050000
vn -0.070711 0.058794 -0.039285
vn -0.070711 0.065328 -0.027060
vn -0.070711 0.069352 -0.013795
vn -0.083147 0.055557 0.000000
vn -0.083147 0.054490 0.010839
vn -0.083147 0.051328 0.021261
vn -0.083147 0.046194 0.030866
vn -0.083147 0.039285 0.039285
vn -0.083147 0.030866 0.046194
vn -0.083147 0.021261 0.051328
vn -0.083147 0.010839 0.054490
vn -0.083147 -0.000000 0.055557
vn -0.083147 -0.010839 0.054490
vn -0.083147 -0.021261 0.051328
vn -0.083147 -0.030866 0.046194
vn -0.083147 -0.039285 0.039285
vn -0.083147 -0.046194 0.030866
vn -0.083147 -0.051328 0.021261
vn -0.083147 -0.054490 0.010839
vn -0.083147 -0.055557 -0.000000
vn -0.083147 -0.054490 -0.010839
vn -0.083147 -0.051328 -0.021261
vn -0.083147 -0.046194 -0.030866
vn -0.083147 -0.039285 -0.039285
vn -0.083147 -0.030866 -0.046194
vn -0.083147 -0.021261 -0.051328
vn -0.083147 -0.010839 -0.054490
vn -0.083147 0.000000 -0.055557
vn -0.083147 0.010839 -0.054490
vn -0.083147 0.021261 -0.051328
vn -0.083147 0.030866 -0.046194
vn -0.083147 0.039285 -0.039285
vn -0.083147 0.046194 -0.030866
vn -0.083147 0.051328 -0.021261
vn -0.083147 0.054490 -0.010839
vn -0.092388 0.038268 0.000000
vn -0.092388 0.037533 0.007466
vn -0.092388 0.035355 0.014645
vn -0.092388 0.031819 0.021261
vn -0.092388 0.027060 0.027060
vn -0.092388 0.021261 0.031819
vn -0.092388 0.014645 0.035355
vn -0.092388 0.007466 0.037533
vn -0.092388 -0.000000 0.038268
vn -0.092388 -0.007466 0.037533
vn -0.092388 -0.014645 0.035355
vn -0.092388 -0.021261 0.031819
vn -0.092388 -0.027060 0.027060
vn -0.092388 -0.031819 0.021261
vn -0.092388 -0.035355 0.014645
vn -0.092388 -0.037533 0.007466
vn -0.092388 -0.038268 -0.000000
vn -0.092388 -0.037533 -0.007466
vn -0.092388 -0.035355 -0.014645
vn -0.092388 -0.031819 -0.021261
vn -0.092388 -0.027060 -0.027060
vn -0.092388 -0.021261 -0.031819
vn -0.092388 -0.014645 -0.035355
vn -0.092388 -0.007466 -0.037533
vn -0.092388 0.000000 -0.038268
vn -0.092388 0.007466 -0.037533
vn -0.092388 0.014645 -0.035355
vn -0.092388 0.021261 -0.031819
vn -0.092388 0.027060 -0.027060
vn -0.092388 0.031819 -0.021261
vn -0.092388 0.035355 -0.014645
vn -0.092388 0.037533 -0.007466
usemtl Steel_-_Satin
f 2/1/1 40/2/2 1/3/3
f 1/3/3 40/2/2 41/4/4
f 1/3/3 41/4/4 32/5/5
f 32/5/5 41/4/4 42/6/6
f 32/5/5 42/6/6 31/7/7
f 31/7/7 42/6/6 43/8/8
f 31/9/7 43/10/8 30/11/9
f 30/11/9 43/10/8 44/12/10
f 30/11/9 44/12/10 29/13/11
f 29/13/11 44/12/10 45/14/12
f 29/13/11 45/14/12 28/15/13
f 28/15/13 45/14/12 46/16/14
f 28/15/13 46/16/14 27/17/15
f 27/17/15 46/16/14 47/18/16
f 27/17/15 47/18/16 26/19/17
f 26/19/17 47/18/16 48/20/18
f 26/19/17 48/20/18 25/21/19
f 25/21/19 48/20/18 49/22/20
f 25/21/19 49/22/20 24/23/21
f 24/23/21 49/22/20 50/24/22
f 24/23/21 50/24/22 23/25/23
f 23/25/23 50/24/22 51/26/24
f 23/25/23 51/26/24 22/27/25
f 22/27/25 51/26/24 52/28/26
f 22/27/25 52/28/26 21/29/27
f 21/29/27 52/28/26 53/30/28
f 21/29/27 53/30/28 20/31/29
f 20/31/29 53/30/28 54/32/30
f 20/31/29 54/32/30 19/33/31
f 19/33/31 54/32/30 55/34/32
f 19/33/31 55/34/32 18/35/33
f 18/35/33 55/34/32 56/36/34
f 18/35/33 56/36/34 17/37/35
f 17/37/35 56/36/34 57/38/36
f 17/37/35 57/38/36 16/39/37
f 16/39/37 57/38/36 58/40/38
f 16/39/37 58/40/38 15/41/39
f 15/41/39 58/40/38 59/42/40
f 15/41/39 59/42/40 14/43/41
f 14/43/41 59/42/40 60/44/42
f 14/43/41 60/44/42 13/45/43
f 13/45/43 60/44/42 61/46/44
f 13/45/43 61/46/44 12/47/45
f 12/47/45 61/46/44 62/48/46
f 12/47/45 62/48/46 11/49/47
f 11/49/47 62/48/46 63/50/48
f 11/49/47 63/50/48 10/51/49
f 10/51/49 63/50/48 64/52/50
f 10/51/49 64/52/50 9/53/51
f 9/53/51 64/52/50 33/54/52
f 9/53/51 33/54/52 8/55/53
f 8/55/53 33/54/52 34/56/54
f 8/55/53 34/56/54 7/57/55
f 7/57/55 34/56/54 35/58/56
f 7/57/55 35/58/56 6/59/57
f 6/59/57 35/58/56 36/60/58
f 6/59/57 36/60/58 5/61/59
f 5/61/59 36/60/58 37/62/60
f 5/61/59 37/62/60 4/63/61
f 4/63/61 37/62/60 38/64/62
f 4/63/61 38/64/62 3/65/63
f 3/65/63 38/64/62 39/66/64
f 3/65/63 39/66/64 2/1/1
f 2/1/1 39/66/64 40/2/2
f 66/67/65 128/68/66 65/69/67
f 65/69/67 128/68/66 97/70/68
f 65/69/67 97/70/68 98/71/69
f 66/67/65 67/72/70 128/68/66
f 128/68/66 67/72/70 127/73/71
f 127/73/71 67/72/70 68/74/72
f 127/73/71 68/74/72 126/75/73
f 126/75/73 68/74/72 125/76/74
f 125/76/74 68/74/72 69/77/75
f 125/76/74 69/77/75 70/78/76
f 71/79/77 123/80/78 70/78/76
f 70/78/76 123/80/78 124/81/79
f 70/78/76 124/81/79 125/76/74
f 71/79/77 72/82/80 123/80/78
f 123/80/78 72/82/80 122/83/81
f 122/83/81 72/82/80 121/84/82
f 121/84/82 72/82/80 73/85/83
f 121/84/82 73/85/83 74/86/84
f 75/87/85 119/88/86 74/89/84
f 74/89/84 119/88/86 120/90/87
f 74/86/84 120/91/87 121/84/82
f 75/87/85 76/92/88 119/88/86
f 119/88/86 76/92/88 118/93/89
f 118/93/89 76/92/88 77/94/90
f 118/93/89 77/94/90 117/95/91
f 117/95/91 77/94/90 116/96/92
f 116/96/92 77/94/90 78/97/93
f 116/96/92 78/97/93 79/98/94
f 116/96/92 79/98/94 115/99/95
f 115/99/95 79/98/94 80/100/96
f 115/99/95 80/100/96 114/101/97
f 114/101/97 80/100/96 113/102/98
f 113/102/98 80/100/96 81/103/99
f 113/102/98 81/103/99 82/104/100
f 113/102/98 82/104/100 112/105/101
f 112/105/101 82/104/100 83/106/102
f 112/105/101 83/106/102 111/107/103
f 111/107/103 83/106/102 110/108/104
f 110/108/104 83/106/102 84/109/105
f 110/108/104 84/109/105 85/110/106
f 86/111/107 108/112/108 85/110/106
f 85/110/106 108/112/108 109/113/109
f 85/110/106 109/113/109 110/108/104
f 86/111/107 87/114/110 108/112/108
f 108/112/108 87/114/110 107/115/111
f 107/115/111 87/114/110 88/116/112
f 107/115/111 88/116/112 106/117/113
f 106/117/113 88/116/112 105/118/114
f 105/118/114 88/116/112 89/119/115
f 105/118/114 89/119/115 90/120/116
f 91/121/117 103/122/118 90/120/116
f 90/120/116 103/122/118 104/123/119
f 90/120/116 104/123/119 105/118/114
f 91/121/117 92/124/120 103/122/118
f 103/122/118 92/124/120 102/125/121
f 102/125/121 92/124/120 101/126/122
f 101/126/122 92/124/120 93/127/123
f 101/126/122 93/127/123 94/128/124
f 101/126/122 94/128/124 100/129/125
f 100/129/125 94/128/124 95/130/126
f 100/129/125 95/130/126 99/131/127
f 99/131/127 95/130/126 98/71/69
f 98/71/69 95/130/126 96/132/128
f 98/71/69 96/132/128 65/69/67
f 130/133/129 192/134/130 129/135/131
f 129/135/131 192/134/130 161/136/132
f 129/135/131 161/136/132 162/137/133
f 130/133/129 131/138/134 192/134/130
f 192/134/130 131/138/134 191/139/135
f 191/139/135 131/138/134 132/140/136
f 191/139/135 132/140/136 190/141/137
f 190/141/137 132/140/136 189/142/138
f 189/142/138 132/140/136 133/143/139
f 189/142/138 133/143/139 134/144/140
f 189/142/138 134/144/140 188/145/141
f 188/145/141 134/144/140 135/146/142
f 188/145/141 135/146/142 187/147/143
f 187/147/143 135/146/142 186/148/144
f 186/148/144 135/146/142 136/149/145
f 186/148/144 136/149/145 137/150/146
f 138/151/147 184/152/148 137/153/146
f 137/153/146 184/152/148 185/154/149
f 137/150/146 185/155/149 186/148/144
f 138/151/147 139/156/150 184/152/148
f 184/152/148 139/156/150 183/157/151
f 183/157/151 139/156/150 182/158/152
f 182/158/152 139/156/150 140/159/153
f 182/158/152 140/159/153 141/160/154
f 142/161/155 180/162/156 141/160/154
f 141/160/154 180/162/156 181/163/157
f 141/160/154 181/163/157 182/158/152
f 142/161/155 143/164/158 180/162/156
f 180/162/156 143/164/158 179/165/159
f 179/165/159 143/164/158 144/166/160
f 179/165/159 144/166/160 178/167/161
f 178/167/161 144/166/160 177/168/162
f 177/168/162 144/166/160 145/169/163
f 177/168/162 145/169/163 146/170/164
f 147/171/165 175/172/166 146/170/164
f 146/170/164 175/172/166 176/173/167
f 146/170/164 176/173/167 177/168/162
f 147/171/165 148/174/168 175/172/166
f 175/172/166 148/174/168 174/175/169
f 174/175/169 148/174/168 149/176/170
f 174/175/169 149/176/170 173/177/171
f 173/177/171 149/176/170 172/178/172
f 172/178/172 149/176/170 150/179/173
f 172/178/172 150/179/173 151/180/174
f 152/181/175 170/182/176 151/180/174
f 151/180/174 170/182/176 171/183/177
f 151/180/174 171/183/177 172/178/172
f 152/181/175 153/184/178 170/182/176
f 170/182/176 153/184/178 169/185/179
f 169/185/179 153/184/178 168/186/180
f 168/186/180 153/184/178 154/187/181
f 168/186/180 154/187/181 155/188/182
f 168/186/180 155/188/182 167/189/183
f 167/189/183 155/188/182 156/190/184
f 167/189/183 156/190/184 166/191/185
f 166/191/185 156/190/184 165/192/186
f 165/192/186 156/190/184 157/193/187
f 165/192/186 157/193/187 158/194/188
f 159/195/189 163/196/190 158/194/188
f 158/194/188 163/196/190 164/197/191
f 158/194/188 164/197/191 165/192/186
f 159/195/189 160/198/192 163/196/190
f 163/196/190 160/198/192 162/137/133
f 162/137/133 160/198/192 129/135/131
f 32/199/193 244/200/194 1/201/195
f 1/201/195 244/200/194 245/202/196
f 1/201/195 245/202/196 2/203/197
f 2/203/197 245/202/196 3/204/198
f 3/204/198 245/202/196 332/205/199
f 3/204/198 332/205/199 4/206/200
f 4/206/200 332/205/199 5/207/201
f 5/207/201 332/205/199 330/208/202
f 5/207/201 330/208/202 329/209/203
f 329/209/203 330/208/202 241/210/204
f 329/209/203 241/210/204 7/211/205
f 7/211/205 241/210/204 317/212/206
f 7/211/205 317/212/206 8/213/207
f 8/213/207 317/212/206 9/214/208
f 9/214/208 317/212/206 318/215/209
f 9/214/208 318/215/209 10/216/210
f 10/216/210 318/215/209 11/217/211
f 11/217/211 318/215/209 305/218/212
f 11/217/211 305/218/212 12/219/213
f 12/219/213 305/218/212 306/220/214
f 12/219/213 306/220/214 13/221/215
f 13/221/215 306/220/214 295/222/216
f 13/221/215 295/222/216 14/223/217
f 14/223/217 295/222/216 15/224/218
f 15/224/218 295/222/216 285/225/219
f 15/224/218 285/225/219 16/226/220
f 16/226/220 285/225/219 275/227/221
f 16/226/220 275/227/221 17/228/222
f 17/228/222 275/227/221 18/229/223
f 18/229/223 275/227/221 265/230/224
f 18/229/223 265/230/224 19/231/225
f 19/231/225 265/230/224 20/232/226
f 20/232/226 265/230/224 260/233/227
f 20/232/226 260/233/227 21/234/228
f 21/234/228 260/233/227 261/235/229
f 21/234/228 261/235/229 22/236/230
f 22/236/230 261/235/229 23/237/231
f 23/237/231 261/235/229 262/238/232
f 23/237/231 262/238/232 24/239/233
f 24/239/233 262/238/232 25/240/234
f 25/240/234 262/238/232 26/241/235
f 26/241/235 262/238/232 263/242/236
f 26/241/235 263/242/236 248/243/237
f 248/243/237 263/242/236 264/244/238
f 248/243/237 264/244/238 249/245/239
f 249/245/239 264/244/238 218/246/240
f 249/245/239 218/246/240 219/247/241
f 244/200/194 32/199/193 246/248/242
f 246/248/242 32/199/193 31/249/243
f 246/248/242 31/249/243 247/250/244
f 247/250/244 31/249/243 30/251/245
f 247/250/244 30/251/245 29/252/246
f 28/253/247 248/243/237 29/252/246
f 29/252/246 248/243/237 249/245/239
f 29/252/246 249/245/239 247/250/244
f 247/250/244 249/245/239 219/247/241
f 247/250/244 219/247/241 246/248/242
f 246/248/242 219/247/241 220/254/248
f 246/248/242 220/254/248 244/200/194
f 244/200/194 220/254/248 221/255/249
f 244/200/194 221/255/249 333/256/250
f 333/256/250 221/255/249 222/257/251
f 333/256/250 222/257/251 331/258/252
f 331/258/252 222/257/251 243/259/253
f 331/258/252 243/259/253 316/260/254
f 316/260/254 243/259/253 590/261/255
f 316/260/254 590/261/255 591/262/256
f 591/262/256 590/261/255 631/263/257
f 591/262/256 631/263/257 630/264/258
f 630/264/258 631/263/257 607/265/259
f 630/264/258 607/265/259 608/266/260
f 608/266/260 607/265/259 638/267/261
f 608/266/260 638/267/261 639/268/262
f 639/268/262 638/267/261 654/269/263
f 639/268/262 654/269/263 655/270/264
f 655/270/264 654/269/263 342/271/265
f 655/270/264 342/271/265 341/272/266
f 341/272/266 342/271/265 355/273/267
f 341/272/266 355/273/267 356/274/268
f 356/274/268 355/273/267 366/275/269
f 356/274/268 366/275/269 367/276/270
f 367/276/270 366/275/269 377/277/271
f 367/276/270 377/277/271 378/278/272
f 378/278/272 377/277/271 388/279/273
f 378/278/272 388/279/273 389/280/274
f 389/280/274 388/279/273 399/281/275
f 389/280/274 399/281/275 400/282/276
f 400/282/276 399/281/275 411/283/277
f 400/282/276 411/283/277 412/284/278
f 412/284/278 411/283/277 427/285/279
f 412/284/278 427/285/279 428/286/280
f 428/286/280 427/285/279 678/287/281
f 428/286/280 678/287/281 209/288/282
f 28/253/247 27/289/283 248/243/237
f 248/243/237 27/289/283 26/241/235
f 7/211/205 6/290/284 329/209/203
f 329/209/203 6/290/284 5/207/201
f 64/291/285 352/292/286 33/293/287
f 33/293/287 352/292/286 344/294/288
f 33/293/287 344/294/288 345/295/289
f 345/295/289 344/294/288 652/296/290
f 345/295/289 652/296/290 651/297/291
f 651/297/291 652/296/290 636/298/292
f 651/297/291 636/298/292 635/299/293
f 635/299/293 636/298/292 605/300/294
f 635/299/293 605/300/294 604/301/295
f 604/301/295 605/300/294 633/302/296
f 604/301/295 633/302/296 224/303/297
f 224/303/297 633/302/296 589/304/298
f 224/303/297 589/304/298 223/305/299
f 223/305/299 589/304/298 243/259/253
f 223/305/299 243/259/253 222/257/251
f 64/291/285 63/306/300 352/292/286
f 352/292/286 63/306/300 62/307/301
f 352/292/286 62/307/301 353/308/302
f 353/308/302 62/307/301 61/309/303
f 353/308/302 61/309/303 363/310/304
f 363/310/304 61/309/303 60/311/305
f 363/310/304 60/311/305 373/312/306
f 373/312/306 60/311/305 59/313/307
f 373/312/306 59/313/307 58/314/308
f 373/312/306 58/314/308 383/315/309
f 383/315/309 58/314/308 57/316/310
f 383/315/309 57/316/310 393/317/311
f 393/317/311 57/316/310 56/318/312
f 393/317/311 56/318/312 55/319/313
f 54/320/314 403/321/315 55/319/313
f 55/319/313 403/321/315 404/322/316
f 55/319/313 404/322/316 393/317/311
f 393/317/311 404/322/316 405/323/317
f 393/317/311 405/323/317 394/324/318
f 394/324/318 405/323/317 406/325/319
f 394/324/318 406/325/319 395/326/320
f 395/326/320 406/325/319 407/327/321
f 395/326/320 407/327/321 396/328/322
f 396/328/322 407/327/321 408/329/323
f 396/328/322 408/329/323 397/330/324
f 397/330/324 408/329/323 409/331/325
f 397/330/324 409/331/325 398/332/326
f 398/332/326 409/331/325 410/333/327
f 398/332/326 410/333/327 399/281/275
f 399/281/275 410/333/327 411/283/277
f 54/320/314 53/334/328 403/321/315
f 403/321/315 53/334/328 418/335/329
f 403/321/315 418/335/329 419/336/330
f 419/336/330 418/335/329 669/337/331
f 419/336/330 669/337/331 670/338/332
f 670/338/332 669/337/331 685/339/333
f 670/338/332 685/339/333 686/340/334
f 686/340/334 685/339/333 716/341/335
f 686/340/334 716/341/335 715/342/336
f 715/342/336 716/341/335 702/343/337
f 715/342/336 702/343/337 703/344/338
f 703/344/338 702/343/337 733/345/339
f 703/344/338 733/345/339 734/346/340
f 734/346/340 733/345/339 749/347/341
f 734/346/340 749/347/341 750/348/342
f 750/348/342 749/347/341 772/349/343
f 750/348/342 772/349/343 771/350/344
f 771/350/344 772/349/343 766/351/345
f 771/350/344 766/351/345 767/352/346
f 767/352/346 766/351/345 797/353/347
f 767/352/346 797/353/347 798/354/348
f 798/354/348 797/353/347 439/355/349
f 798/354/348 439/355/349 209/356/282
f 53/334/328 52/357/350 418/335/329
f 418/335/329 52/357/350 417/358/351
f 418/335/329 417/358/351 668/359/352
f 668/359/352 417/358/351 667/360/353
f 668/359/352 667/360/353 683/361/354
f 683/361/354 667/360/353 682/362/355
f 683/361/354 682/362/355 719/363/356
f 719/363/356 682/362/355 720/364/357
f 719/363/356 720/364/357 698/365/358
f 698/365/358 720/364/357 697/366/359
f 698/365/358 697/366/359 728/367/360
f 728/367/360 697/366/359 727/368/361
f 728/367/360 727/368/361 743/369/362
f 743/369/362 727/368/361 742/370/363
f 743/369/362 742/370/363 779/371/364
f 779/371/364 742/370/363 780/372/365
f 779/371/364 780/372/365 758/373/366
f 758/373/366 780/372/365 757/374/367
f 758/373/366 757/374/367 788/375/368
f 788/375/368 757/374/367 787/376/369
f 788/375/368 787/376/369 449/377/370
f 449/377/370 787/376/369 450/378/371
f 449/377/370 450/378/371 198/379/372
f 198/379/372 450/378/371 197/380/373
f 197/380/373 450/378/371 451/381/374
f 197/380/373 451/381/374 196/382/375
f 196/382/375 451/381/374 452/383/376
f 196/382/375 452/383/376 195/384/377
f 195/384/377 452/383/376 453/385/378
f 195/384/377 453/385/378 194/386/379
f 194/386/379 453/385/378 193/387/380
f 193/387/380 453/385/378 240/388/381
f 240/388/381 453/385/378 784/389/382
f 240/388/381 784/389/382 239/390/383
f 239/390/383 784/389/382 754/391/384
f 239/390/383 754/391/384 238/392/385
f 238/392/385 754/391/384 783/393/386
f 238/392/385 783/393/386 739/394/387
f 739/394/387 783/393/386 782/395/388
f 739/394/387 782/395/388 740/396/389
f 740/396/389 782/395/388 781/397/390
f 740/396/389 781/397/390 741/398/391
f 741/398/391 781/397/390 780/372/365
f 741/398/391 780/372/365 742/370/363
f 52/357/350 51/399/392 417/358/351
f 417/358/351 51/399/392 50/400/393
f 417/358/351 50/400/393 416/401/394
f 416/401/394 50/400/393 429/402/395
f 416/401/394 429/402/395 48/403/396
f 48/403/396 429/402/395 49/404/397
f 49/404/397 429/402/395 50/400/393
f 47/405/398 430/406/399 48/403/396
f 48/403/396 430/406/399 415/407/400
f 48/403/396 415/407/400 416/401/394
f 416/401/394 415/407/400 666/408/401
f 416/401/394 666/408/401 667/360/353
f 667/360/353 666/408/401 682/362/355
f 430/406/399 47/405/398 431/409/402
f 431/409/402 47/405/398 46/410/403
f 431/409/402 46/410/403 45/411/404
f 44/412/405 433/413/406 45/411/404
f 45/411/404 433/413/406 432/414/407
f 45/411/404 432/414/407 431/409/402
f 431/409/402 432/414/407 430/406/399
f 44/412/405 43/415/408 433/413/406
f 433/413/406 43/415/408 434/416/409
f 433/413/406 434/416/409 231/417/410
f 231/417/410 434/416/409 230/418/411
f 230/418/411 434/416/409 436/419/412
f 230/418/411 436/419/412 229/420/413
f 229/420/413 436/419/412 438/421/414
f 229/420/413 438/421/414 349/422/415
f 349/422/415 438/421/414 437/423/416
f 349/422/415 437/423/416 350/424/417
f 350/424/417 437/423/416 38/425/418
f 350/424/417 38/425/418 37/426/419
f 43/415/408 42/427/420 434/416/409
f 434/416/409 42/427/420 436/419/412
f 42/427/420 41/428/421 436/419/412
f 436/419/412 41/428/421 435/429/422
f 436/419/412 435/429/422 438/421/414
f 438/421/414 435/429/422 40/430/423
f 438/421/414 40/430/423 437/423/416
f 437/423/416 40/430/423 39/431/424
f 437/423/416 39/431/424 38/425/418
f 41/428/421 40/430/423 435/429/422
f 350/424/417 37/426/419 351/432/425
f 351/432/425 37/426/419 36/433/426
f 351/432/425 36/433/426 35/434/427
f 35/434/427 34/435/428 351/432/425
f 351/432/425 34/435/428 346/436/429
f 351/432/425 346/436/429 347/437/430
f 347/437/430 346/436/429 650/438/431
f 347/437/430 650/438/431 649/439/432
f 649/439/432 650/438/431 634/440/433
f 649/439/432 634/440/433 226/441/434
f 226/441/434 634/440/433 225/442/435
f 225/442/435 634/440/433 604/301/295
f 225/442/435 604/301/295 224/303/297
f 346/436/429 34/435/428 345/295/289
f 345/295/289 34/435/428 33/293/287
f 198/379/372 199/443/436 449/377/370
f 449/377/370 199/443/436 448/444/437
f 449/377/370 448/444/437 788/375/368
f 788/375/368 448/444/437 789/445/438
f 788/375/368 789/445/438 758/373/366
f 758/373/366 789/445/438 759/446/439
f 758/373/366 759/446/439 779/371/364
f 779/371/364 759/446/439 778/447/440
f 779/371/364 778/447/440 743/369/362
f 743/369/362 778/447/440 744/448/441
f 743/369/362 744/448/441 728/367/360
f 728/367/360 744/448/441 729/449/442
f 728/367/360 729/449/442 698/365/358
f 698/365/358 729/449/442 699/450/443
f 698/365/358 699/450/443 719/363/356
f 719/363/356 699/450/443 718/451/444
f 719/363/356 718/451/444 683/361/354
f 683/361/354 718/451/444 684/452/445
f 683/361/354 684/452/445 668/359/352
f 668/359/352 684/452/445 669/337/331
f 668/359/352 669/337/331 418/335/329
f 199/443/436 200/453/446 448/444/437
f 448/444/437 200/453/446 447/454/447
f 448/444/437 447/454/447 789/445/438
f 789/445/438 447/454/447 790/455/448
f 789/445/438 790/455/448 759/446/439
f 759/446/439 790/455/448 760/456/449
f 759/446/439 760/456/449 778/447/440
f 778/447/440 760/456/449 777/457/450
f 778/447/440 777/457/450 744/448/441
f 744/448/441 777/457/450 745/458/451
f 744/448/441 745/458/451 729/449/442
f 729/449/442 745/458/451 730/459/452
f 729/449/442 730/459/452 699/450/443
f 699/450/443 730/459/452 700/460/453
f 699/450/443 700/460/453 718/451/444
f 718/451/444 700/460/453 717/461/454
f 718/451/444 717/461/454 684/452/445
f 684/452/445 717/461/454 685/339/333
f 684/452/445 685/339/333 669/337/331
f 200/453/446 201/462/455 447/454/447
f 447/454/447 201/462/455 446/463/456
f 447/454/447 446/463/456 790/455/448
f 790/455/448 446/463/456 791/464/457
f 790/455/448 791/464/457 760/456/449
f 760/456/449 791/464/457 761/465/458
f 760/456/449 761/465/458 777/457/450
f 777/457/450 761/465/458 776/466/459
f 777/457/450 776/466/459 745/458/451
f 745/458/451 776/466/459 746/467/460
f 745/458/451 746/467/460 730/459/452
f 730/459/452 746/467/460 731/468/461
f 730/459/452 731/468/461 700/460/453
f 700/460/453 731/468/461 701/469/462
f 700/460/453 701/469/462 717/461/454
f 717/461/454 701/469/462 716/341/335
f 717/461/454 716/341/335 685/339/333
f 201/462/455 202/470/463 446/463/456
f 446/463/456 202/470/463 445/471/464
f 446/463/456 445/471/464 791/464/457
f 791/464/457 445/471/464 792/472/465
f 791/464/457 792/472/465 761/465/458
f 761/465/458 792/472/465 762/473/466
f 761/465/458 762/473/466 776/466/459
f 776/466/459 762/473/466 775/474/467
f 776/466/459 775/474/467 746/467/460
f 746/467/460 775/474/467 747/475/468
f 746/467/460 747/475/468 731/468/461
f 731/468/461 747/475/468 732/476/469
f 731/468/461 732/476/469 701/469/462
f 701/469/462 732/476/469 702/343/337
f 701/469/462 702/343/337 716/341/335
f 202/470/463 203/477/470 445/471/464
f 445/471/464 203/477/470 444/478/471
f 445/471/464 444/478/471 792/472/465
f 792/472/465 444/478/471 793/479/472
f 792/472/465 793/479/472 762/473/466
f 762/473/466 793/479/472 763/480/473
f 762/473/466 763/480/473 775/474/467
f 775/474/467 763/480/473 774/481/474
f 775/474/467 774/481/474 747/475/468
f 747/475/468 774/481/474 748/482/475
f 747/475/468 748/482/475 732/476/469
f 732/476/469 748/482/475 733/345/339
f 732/476/469 733/345/339 702/343/337
f 203/477/470 204/483/476 444/478/471
f 444/478/471 204/483/476 443/484/477
f 444/478/471 443/484/477 793/479/472
f 793/479/472 443/484/477 794/485/478
f 793/479/472 794/485/478 763/480/473
f 763/480/473 794/485/478 764/486/479
f 763/480/473 764/486/479 774/481/474
f 774/481/474 764/486/479 773/487/480
f 774/481/474 773/487/480 748/482/475
f 748/482/475 773/487/480 749/347/341
f 748/482/475 749/347/341 733/345/339
f 204/483/476 205/488/481 443/484/477
f 443/484/477 205/488/481 442/489/482
f 443/484/477 442/489/482 794/485/478
f 794/485/478 442/489/482 795/490/483
f 794/485/478 795/490/483 764/486/479
f 764/486/479 795/490/483 765/491/484
f 764/486/479 765/491/484 773/487/480
f 773/487/480 765/491/484 772/349/343
f 773/487/480 772/349/343 749/347/341
f 205/488/481 206/492/485 442/489/482
f 442/489/482 206/492/485 441/493/486
f 442/489/482 441/493/486 795/490/483
f 795/490/483 441/493/486 796/494/487
f 795/490/483 796/494/487 765/491/484
f 765/491/484 796/494/487 766/351/345
f 765/491/484 766/351/345 772/349/343
f 206/492/485 207/495/488 441/493/486
f 441/493/486 207/495/488 440/496/489
f 441/493/486 440/496/489 796/494/487
f 796/494/487 440/496/489 797/353/347
f 796/494/487 797/353/347 766/351/345
f 207/495/488 208/497/490 440/496/489
f 440/496/489 208/497/490 439/355/349
f 440/496/489 439/355/349 797/353/347
f 208/497/490 209/498/282 439/355/349
f 209/499/282 208/500/490 468/501/491
f 468/501/491 208/500/490 207/502/488
f 468/501/491 207/502/488 467/503/492
f 467/503/492 207/502/488 206/504/485
f 467/503/492 206/504/485 466/505/493
f 466/505/493 206/504/485 205/506/481
f 466/505/493 205/506/481 465/507/494
f 465/507/494 205/506/481 204/508/476
f 465/507/494 204/508/476 464/509/495
f 464/509/495 204/508/476 203/510/470
f 464/509/495 203/510/470 463/511/496
f 463/511/496 203/510/470 202/512/463
f 463/511/496 202/512/463 462/513/497
f 462/513/497 202/512/463 201/514/455
f 462/513/497 201/514/455 461/515/498
f 461/515/498 201/514/455 200/516/446
f 461/515/498 200/516/446 460/517/499
f 460/517/499 200/516/446 199/518/436
f 460/517/499 199/518/436 459/519/500
f 459/519/500 199/518/436 198/520/372
f 459/519/500 198/520/372 458/521/501
f 458/521/501 198/520/372 197/522/373
f 458/521/501 197/522/373 457/523/502
f 457/523/502 197/522/373 196/524/375
f 457/523/502 196/524/375 456/525/503
f 456/525/503 196/524/375 195/526/377
f 456/525/503 195/526/377 455/527/504
f 455/527/504 195/526/377 194/528/379
f 455/527/504 194/528/379 454/529/505
f 454/529/505 194/528/379 193/530/380
f 454/529/505 193/530/380 210/531/506
f 454/529/505 210/531/506 469/532/507
f 469/532/507 210/531/506 211/533/508
f 469/532/507 211/533/508 484/534/509
f 484/534/509 211/533/508 212/535/510
f 484/534/509 212/535/510 499/536/511
f 499/536/511 212/535/510 213/537/512
f 499/536/511 213/537/512 514/538/513
f 514/538/513 213/537/512 214/539/514
f 514/538/513 214/539/514 558/540/515
f 558/540/515 214/539/514 529/541/516
f 558/540/515 529/541/516 530/542/517
f 530/542/517 529/541/516 560/543/518
f 530/542/517 560/543/518 561/544/519
f 561/544/519 560/543/518 576/545/520
f 561/544/519 576/545/520 577/546/521
f 577/546/521 576/545/520 261/235/229
f 577/546/521 261/235/229 260/233/227
f 214/539/514 215/547/522 529/541/516
f 529/541/516 215/547/522 559/548/523
f 529/541/516 559/548/523 560/543/518
f 560/543/518 559/548/523 575/549/524
f 560/543/518 575/549/524 576/545/520
f 576/545/520 575/549/524 262/238/232
f 576/545/520 262/238/232 261/235/229
f 215/547/522 216/550/525 559/548/523
f 559/548/523 216/550/525 574/551/526
f 559/548/523 574/551/526 575/549/524
f 575/549/524 574/551/526 263/242/236
f 575/549/524 263/242/236 262/238/232
f 216/550/525 217/552/527 574/551/526
f 574/551/526 217/552/527 264/244/238
f 574/551/526 264/244/238 263/242/236
f 217/552/527 218/246/240 264/244/238
f 226/441/434 227/553/528 649/439/432
f 649/439/432 227/553/528 348/554/529
f 649/439/432 348/554/529 347/437/430
f 347/437/430 348/554/529 350/424/417
f 347/437/430 350/424/417 351/432/425
f 227/553/528 228/555/530 348/554/529
f 348/554/529 228/555/530 349/422/415
f 348/554/529 349/422/415 350/424/417
f 228/555/530 229/420/413 349/422/415
f 231/417/410 232/556/531 433/413/406
f 433/413/406 232/556/531 432/414/407
f 432/414/407 232/556/531 242/557/532
f 242/557/532 232/556/531 233/558/533
f 242/557/532 233/558/533 414/559/534
f 414/559/534 233/558/533 664/560/535
f 414/559/534 664/560/535 665/561/536
f 665/561/536 664/560/535 680/562/537
f 665/561/536 680/562/537 681/563/538
f 681/563/538 680/562/537 721/564/539
f 681/563/538 721/564/539 720/364/357
f 720/364/357 721/564/539 697/366/359
f 233/558/533 234/565/540 664/560/535
f 664/560/535 234/565/540 679/566/541
f 664/560/535 679/566/541 680/562/537
f 680/562/537 679/566/541 722/567/542
f 680/562/537 722/567/542 721/564/539
f 721/564/539 722/567/542 696/568/543
f 721/564/539 696/568/543 697/366/359
f 697/366/359 696/568/543 727/368/361
f 234/565/540 235/569/544 679/566/541
f 679/566/541 235/569/544 723/570/545
f 679/566/541 723/570/545 722/567/542
f 722/567/542 723/570/545 695/571/546
f 722/567/542 695/571/546 696/568/543
f 696/568/543 695/571/546 726/572/547
f 696/568/543 726/572/547 727/368/361
f 727/368/361 726/572/547 742/370/363
f 723/570/545 235/569/544 694/573/548
f 694/573/548 235/569/544 236/574/549
f 694/573/548 236/574/549 724/575/550
f 724/575/550 236/574/549 237/576/551
f 724/575/550 237/576/551 739/394/387
f 739/394/387 237/576/551 238/392/385
f 798/354/348 209/577/282 768/578/552
f 768/578/552 209/579/282 769/580/553
f 769/580/553 209/581/282 753/582/554
f 753/582/554 209/583/282 738/584/555
f 738/584/555 209/585/282 708/586/556
f 708/586/556 209/587/282 709/588/557
f 709/588/557 209/589/282 693/590/558
f 693/590/558 209/591/282 678/287/281
f 428/286/280 209/592/282 413/593/559
f 413/593/559 209/594/282 402/595/560
f 402/595/560 209/596/282 392/597/561
f 382/598/562 209/599/282 372/600/563
f 372/600/563 209/601/282 362/602/564
f 362/602/564 209/603/282 334/604/565
f 334/604/565 209/605/282 663/606/566
f 663/606/566 209/607/282 648/608/567
f 648/608/567 209/609/282 618/610/568
f 618/610/568 209/611/282 619/612/569
f 619/612/569 209/613/282 603/614/570
f 603/614/570 209/615/282 328/616/571
f 328/616/571 209/617/282 315/618/572
f 315/618/572 209/619/282 304/620/573
f 304/620/573 209/621/282 294/622/574
f 284/623/575 209/624/282 274/625/576
f 274/625/576 209/626/282 250/627/577
f 250/627/577 209/628/282 588/629/578
f 588/629/578 209/630/282 573/631/579
f 573/631/579 209/632/282 543/633/580
f 543/633/580 209/634/282 544/635/581
f 544/635/581 209/636/282 528/637/582
f 528/637/582 209/638/282 513/639/583
f 513/639/583 209/640/282 498/641/584
f 498/641/584 209/642/282 483/643/585
f 483/643/585 209/644/282 468/501/491
f 392/597/561 209/645/282 382/598/562
f 294/622/574 209/646/282 284/623/575
f 332/205/199 245/202/196 244/200/194
f 250/627/577 251/647/586 274/625/576
f 274/625/576 251/647/586 273/648/587
f 274/625/576 273/648/587 284/623/575
f 284/623/575 273/648/587 283/649/588
f 284/623/575 283/649/588 294/622/574
f 294/622/574 283/649/588 293/650/589
f 294/622/574 293/650/589 304/620/573
f 304/620/573 293/650/589 303/651/590
f 304/620/573 303/651/590 315/618/572
f 315/618/572 303/651/590 314/652/591
f 315/618/572 314/652/591 328/616/571
f 328/616/571 314/652/591 327/653/592
f 328/616/571 327/653/592 603/614/570
f 603/614/570 327/653/592 602/654/593
f 603/614/570 602/654/593 619/612/569
f 619/612/569 602/654/593 620/655/594
f 619/612/569 620/655/594 618/610/568
f 618/610/568 620/655/594 617/656/595
f 618/610/568 617/656/595 648/608/567
f 648/608/567 617/656/595 647/657/596
f 648/608/567 647/657/596 663/606/566
f 663/606/566 647/657/596 662/658/597
f 663/606/566 662/658/597 334/604/565
f 334/604/565 662/658/597 335/659/598
f 334/604/565 335/659/598 362/602/564
f 362/602/564 335/659/598 361/660/599
f 362/602/564 361/660/599 372/600/563
f 372/600/563 361/660/599 371/661/600
f 372/600/563 371/661/600 382/598/562
f 382/598/562 371/661/600 381/662/601
f 382/598/562 381/662/601 392/597/561
f 392/597/561 381/662/601 391/663/602
f 392/597/561 391/663/602 402/595/560
f 402/595/560 391/663/602 401/664/603
f 402/595/560 401/664/603 413/593/559
f 413/593/559 401/664/603 412/284/278
f 413/593/559 412/284/278 428/286/280
f 251/647/586 252/665/604 273/648/587
f 273/648/587 252/665/604 272/666/605
f 273/648/587 272/666/605 283/649/588
f 283/649/588 272/666/605 282/667/606
f 283/649/588 282/667/606 293/650/589
f 293/650/589 282/667/606 292/668/607
f 293/650/589 292/668/607 303/651/590
f 303/651/590 292/668/607 302/669/608
f 303/651/590 302/669/608 314/652/591
f 314/652/591 302/669/608 313/670/609
f 314/652/591 313/670/609 327/653/592
f 327/653/592 313/670/609 326/671/610
f 327/653/592 326/671/610 602/654/593
f 602/654/593 326/671/610 601/672/611
f 602/654/593 601/672/611 620/655/594
f 620/655/594 601/672/611 621/673/612
f 620/655/594 621/673/612 617/656/595
f 617/656/595 621/673/612 616/674/613
f 617/656/595 616/674/613 647/657/596
f 647/657/596 616/674/613 646/675/614
f 647/657/596 646/675/614 662/658/597
f 662/658/597 646/675/614 661/676/615
f 662/658/597 661/676/615 335/659/598
f 335/659/598 661/676/615 336/677/616
f 335/659/598 336/677/616 361/660/599
f 361/660/599 336/677/616 360/678/617
f 361/660/599 360/678/617 371/661/600
f 371/661/600 360/678/617 370/679/618
f 371/661/600 370/679/618 381/662/601
f 381/662/601 370/679/618 380/680/619
f 381/662/601 380/680/619 391/663/602
f 391/663/602 380/680/619 390/681/620
f 391/663/602 390/681/620 401/664/603
f 401/664/603 390/681/620 400/282/276
f 401/664/603 400/282/276 412/284/278
f 251/647/586 250/627/577 587/682/621
f 587/682/621 250/627/577 588/629/578
f 587/682/621 588/629/578 572/683/622
f 572/683/622 588/629/578 573/631/579
f 572/683/622 573/631/579 542/684/623
f 542/684/623 573/631/579 543/633/580
f 542/684/623 543/633/580 545/685/624
f 545/685/624 543/633/580 544/635/581
f 545/685/624 544/635/581 527/686/625
f 527/686/625 544/635/581 528/637/582
f 527/686/625 528/637/582 512/687/626
f 512/687/626 528/637/582 513/639/583
f 512/687/626 513/639/583 497/688/627
f 497/688/627 513/639/583 498/641/584
f 497/688/627 498/641/584 482/689/628
f 482/689/628 498/641/584 483/643/585
f 482/689/628 483/643/585 467/503/492
f 467/503/492 483/643/585 468/501/491
f 252/665/604 253/690/629 272/666/605
f 272/666/605 253/690/629 271/691/630
f 272/666/605 271/691/630 282/667/606
f 282/667/606 271/691/630 281/692/631
f 282/667/606 281/692/631 292/668/607
f 292/668/607 281/692/631 291/693/632
f 292/668/607 291/693/632 302/669/608
f 302/669/608 291/693/632 301/694/633
f 302/669/608 301/694/633 313/670/609
f 313/670/609 301/694/633 312/695/634
f 313/670/609 312/695/634 326/671/610
f 326/671/610 312/695/634 325/696/635
f 326/671/610 325/696/635 601/672/611
f 601/672/611 325/696/635 600/697/636
f 601/672/611 600/697/636 621/673/612
f 621/673/612 600/697/636 622/698/637
f 621/673/612 622/698/637 616/674/613
f 616/674/613 622/698/637 615/699/638
f 616/674/613 615/699/638 646/675/614
f 646/675/614 615/699/638 645/700/639
f 646/675/614 645/700/639 661/676/615
f 661/676/615 645/700/639 660/701/640
f 661/676/615 660/701/640 336/677/616
f 336/677/616 660/701/640 337/702/641
f 336/677/616 337/702/641 360/678/617
f 360/678/617 337/702/641 359/703/642
f 360/678/617 359/703/642 370/679/618
f 370/679/618 359/703/642 369/704/643
f 370/679/618 369/704/643 380/680/619
f 380/680/619 369/704/643 379/705/644
f 380/680/619 379/705/644 390/681/620
f 390/681/620 379/705/644 389/280/274
f 390/681/620 389/280/274 400/282/276
f 252/665/604 251/647/586 586/706/645
f 586/706/645 251/647/586 587/682/621
f 586/706/645 587/682/621 571/707/646
f 571/707/646 587/682/621 572/683/622
f 571/707/646 572/683/622 541/708/647
f 541/708/647 572/683/622 542/684/623
f 541/708/647 542/684/623 546/709/648
f 546/709/648 542/684/623 545/685/624
f 546/709/648 545/685/624 526/710/649
f 526/710/649 545/685/624 527/686/625
f 526/710/649 527/686/625 511/711/650
f 511/711/650 527/686/625 512/687/626
f 511/711/650 512/687/626 496/712/651
f 496/712/651 512/687/626 497/688/627
f 496/712/651 497/688/627 481/713/652
f 481/713/652 497/688/627 482/689/628
f 481/713/652 482/689/628 466/505/493
f 466/505/493 482/689/628 467/503/492
f 253/690/629 254/714/653 271/691/630
f 271/691/630 254/714/653 270/715/654
f 271/691/630 270/715/654 281/692/631
f 281/692/631 270/715/654 280/716/655
f 281/692/631 280/716/655 291/693/632
f 291/693/632 280/716/655 290/717/656
f 291/693/632 290/717/656 301/694/633
f 301/694/633 290/717/656 300/718/657
f 301/694/633 300/718/657 312/695/634
f 312/695/634 300/718/657 311/719/658
f 312/695/634 311/719/658 325/696/635
f 325/696/635 311/719/658 324/720/659
f 325/696/635 324/720/659 600/697/636
f 600/697/636 324/720/659 599/721/660
f 600/697/636 599/721/660 622/698/637
f 622/698/637 599/721/660 623/722/661
f 622/698/637 623/722/661 615/699/638
f 615/699/638 623/722/661 614/723/662
f 615/699/638 614/723/662 645/700/639
f 645/700/639 614/723/662 644/724/663
f 645/700/639 644/724/663 660/701/640
f 660/701/640 644/724/663 659/725/664
f 660/701/640 659/725/664 337/702/641
f 337/702/641 659/725/664 338/726/665
f 337/702/641 338/726/665 359/703/642
f 359/703/642 338/726/665 358/727/666
f 359/703/642 358/727/666 369/704/643
f 369/704/643 358/727/666 368/728/667
f 369/704/643 368/728/667 379/705/644
f 379/705/644 368/728/667 378/278/272
f 379/705/644 378/278/272 389/280/274
f 253/690/629 252/665/604 585/729/668
f 585/729/668 252/665/604 586/706/645
f 585/729/668 586/706/645 570/730/669
f 570/730/669 586/706/645 571/707/646
f 570/730/669 571/707/646 540/731/670
f 540/731/670 571/707/646 541/708/647
f 540/731/670 541/708/647 547/732/671
f 547/732/671 541/708/647 546/709/648
f 547/732/671 546/709/648 525/733/672
f 525/733/672 546/709/648 526/710/649
f 525/733/672 526/710/649 510/734/673
f 510/734/673 526/710/649 511/711/650
f 510/734/673 511/711/650 495/735/674
f 495/735/674 511/711/650 496/712/651
f 495/735/674 496/712/651 480/736/675
f 480/736/675 496/712/651 481/713/652
f 480/736/675 481/713/652 465/507/494
f 465/507/494 481/713/652 466/505/493
f 254/714/653 255/737/676 270/715/654
f 270/715/654 255/737/676 269/738/677
f 270/715/654 269/738/677 280/716/655
f 280/716/655 269/738/677 279/739/678
f 280/716/655 279/739/678 290/717/656
f 290/717/656 279/739/678 289/740/679
f 290/717/656 289/740/679 300/718/657
f 300/718/657 289/740/679 299/741/680
f 300/718/657 299/741/680 311/719/658
f 311/719/658 299/741/680 310/742/681
f 311/719/658 310/742/681 324/720/659
f 324/720/659 310/742/681 323/743/682
f 324/720/659 323/743/682 599/721/660
f 599/721/660 323/743/682 598/744/683
f 599/721/660 598/744/683 623/722/661
f 623/722/661 598/744/683 624/745/684
f 623/722/661 624/745/684 614/723/662
f 614/723/662 624/745/684 613/746/685
f 614/723/662 613/746/685 644/724/663
f 644/724/663 613/746/685 643/747/686
f 644/724/663 643/747/686 659/725/664
f 659/725/664 643/747/686 658/748/687
f 659/725/664 658/748/687 338/726/665
f 338/726/665 658/748/687 339/749/688
f 338/726/665 339/749/688 358/727/666
f 358/727/666 339/749/688 357/750/689
f 358/727/666 357/750/689 368/728/667
f 368/728/667 357/750/689 367/276/270
f 368/728/667 367/276/270 378/278/272
f 254/714/653 253/690/629 584/751/690
f 584/751/690 253/690/629 585/729/668
f 584/751/690 585/729/668 569/752/691
f 569/752/691 585/729/668 570/730/669
f 569/752/691 570/730/669 539/753/692
f 539/753/692 570/730/669 540/731/670
f 539/753/692 540/731/670 548/754/693
f 548/754/693 540/731/670 547/732/671
f 548/754/693 547/732/671 524/755/694
f 524/755/694 547/732/671 525/733/672
f 524/755/694 525/733/672 509/756/695
f 509/756/695 525/733/672 510/734/673
f 509/756/695 510/734/673 494/757/696
f 494/757/696 510/734/673 495/735/674
f 494/757/696 495/735/674 479/758/697
f 479/758/697 495/735/674 480/736/675
f 479/758/697 480/736/675 464/509/495
f 464/509/495 480/736/675 465/507/494
f 255/737/676 256/759/698 269/738/677
f 269/738/677 256/759/698 268/760/699
f 269/738/677 268/760/699 279/739/678
f 279/739/678 268/760/699 278/761/700
f 279/739/678 278/761/700 289/740/679
f 289/740/679 278/761/700 288/762/701
f 289/740/679 288/762/701 299/741/680
f 299/741/680 288/762/701 298/763/702
f 299/741/680 298/763/702 310/742/681
f 310/742/681 298/763/702 309/764/703
f 310/742/681 309/764/703 323/743/682
f 323/743/682 309/764/703 322/765/704
f 323/743/682 322/765/704 598/744/683
f 598/744/683 322/765/704 597/766/705
f 598/744/683 597/766/705 624/745/684
f 624/745/684 597/766/705 625/767/706
f 624/745/684 625/767/706 613/746/685
f 613/746/685 625/767/706 612/768/707
f 613/746/685 612/768/707 643/747/686
f 643/747/686 612/768/707 642/769/708
f 643/747/686 642/769/708 658/748/687
f 658/748/687 642/769/708 657/770/709
f 658/748/687 657/770/709 339/749/688
f 339/749/688 657/770/709 340/771/710
f 339/749/688 340/771/710 357/750/689
f 357/750/689 340/771/710 356/274/268
f 357/750/689 356/274/268 367/276/270
f 255/737/676 254/714/653 583/772/711
f 583/772/711 254/714/653 584/751/690
f 583/772/711 584/751/690 568/773/712
f 568/773/712 584/751/690 569/752/691
f 568/773/712 569/752/691 538/774/713
f 538/774/713 569/752/691 539/753/692
f 538/774/713 539/753/692 549/775/714
f 549/775/714 539/753/692 548/754/693
f 549/775/714 548/754/693 523/776/715
f 523/776/715 548/754/693 524/755/694
f 523/776/715 524/755/694 508/777/716
f 508/777/716 524/755/694 509/756/695
f 508/777/716 509/756/695 493/778/717
f 493/778/717 509/756/695 494/757/696
f 493/778/717 494/757/696 478/779/718
f 478/779/718 494/757/696 479/758/697
f 478/779/718 479/758/697 463/511/496
f 463/511/496 479/758/697 464/509/495
f 256/759/698 257/780/719 268/760/699
f 268/760/699 257/780/719 267/781/720
f 268/760/699 267/781/720 278/761/700
f 278/761/700 267/781/720 277/782/721
f 278/761/700 277/782/721 288/762/701
f 288/762/701 277/782/721 287/783/722
f 288/762/701 287/783/722 298/763/702
f 298/763/702 287/783/722 297/784/723
f 298/763/702 297/784/723 309/764/703
f 309/764/703 297/784/723 308/785/724
f 309/764/703 308/785/724 322/765/704
f 322/765/704 308/785/724 321/786/725
f 322/765/704 321/786/725 597/766/705
f 597/766/705 321/786/725 596/787/726
f 597/766/705 596/787/726 625/767/706
f 625/767/706 596/787/726 626/788/727
f 625/767/706 626/788/727 612/768/707
f 612/768/707 626/788/727 611/789/728
f 612/768/707 611/789/728 642/769/708
f 642/769/708 611/789/728 641/790/729
f 642/769/708 641/790/729 657/770/709
f 657/770/709 641/790/729 656/791/730
f 657/770/709 656/791/730 340/771/710
f 340/771/710 656/791/730 341/272/266
f 340/771/710 341/272/266 356/274/268
f 256/759/698 255/737/676 582/792/731
f 582/792/731 255/737/676 583/772/711
f 582/792/731 583/772/711 567/793/732
f 567/793/732 583/772/711 568/773/712
f 567/793/732 568/773/712 537/794/733
f 537/794/733 568/773/712 538/774/713
f 537/794/733 538/774/713 550/795/734
f 550/795/734 538/774/713 549/775/714
f 550/795/734 549/775/714 522/796/735
f 522/796/735 549/775/714 523/776/715
f 522/796/735 523/776/715 507/797/736
f 507/797/736 523/776/715 508/777/716
f 507/797/736 508/777/716 492/798/737
f 492/798/737 508/777/716 493/778/717
f 492/798/737 493/778/717 477/799/738
f 477/799/738 493/778/717 478/779/718
f 477/799/738 478/779/718 462/513/497
f 462/513/497 478/779/718 463/511/496
f 257/780/719 258/800/739 267/781/720
f 267/781/720 258/800/739 266/801/740
f 267/781/720 266/801/740 277/782/721
f 277/782/721 266/801/740 276/802/741
f 277/782/721 276/802/741 287/783/722
f 287/783/722 276/802/741 286/803/742
f 287/783/722 286/803/742 297/784/723
f 297/784/723 286/803/742 296/804/743
f 297/784/723 296/804/743 308/785/724
f 308/785/724 296/804/743 307/805/744
f 308/785/724 307/805/744 321/786/725
f 321/786/725 307/805/744 320/806/745
f 321/786/725 320/806/745 596/787/726
f 596/787/726 320/806/745 595/807/746
f 596/787/726 595/807/746 626/788/727
f 626/788/727 595/807/746 627/808/747
f 626/788/727 627/808/747 611/789/728
f 611/789/728 627/808/747 610/809/748
f 611/789/728 610/809/748 641/790/729
f 641/790/729 610/809/748 640/810/749
f 641/790/729 640/810/749 656/791/730
f 656/791/730 640/810/749 655/270/264
f 656/791/730 655/270/264 341/272/266
f 257/780/719 256/759/698 581/811/750
f 581/811/750 256/759/698 582/792/731
f 581/811/750 582/792/731 566/812/751
f 566/812/751 582/792/731 567/793/732
f 566/812/751 567/793/732 536/813/752
f 536/813/752 567/793/732 537/794/733
f 536/813/752 537/794/733 551/814/753
f 551/814/753 537/794/733 550/795/734
f 551/814/753 550/795/734 521/815/754
f 521/815/754 550/795/734 522/796/735
f 521/815/754 522/796/735 506/816/755
f 506/816/755 522/796/735 507/797/736
f 506/816/755 507/797/736 491/817/756
f 491/817/756 507/797/736 492/798/737
f 491/817/756 492/798/737 476/818/757
f 476/818/757 492/798/737 477/799/738
f 476/818/757 477/799/738 461/515/498
f 461/515/498 477/799/738 462/513/497
f 258/800/739 259/819/758 266/801/740
f 266/801/740 259/819/758 265/230/224
f 266/801/740 265/230/224 276/802/741
f 276/802/741 265/230/224 275/227/221
f 276/802/741 275/227/221 286/803/742
f 286/803/742 275/227/221 285/225/219
f 286/803/742 285/225/219 296/804/743
f 296/804/743 285/225/219 295/222/216
f 296/804/743 295/222/216 307/805/744
f 307/805/744 295/222/216 306/220/214
f 307/805/744 306/220/214 320/806/745
f 320/806/745 306/220/214 319/820/759
f 320/806/745 319/820/759 595/807/746
f 595/807/746 319/820/759 594/821/760
f 595/807/746 594/821/760 627/808/747
f 627/808/747 594/821/760 628/822/761
f 627/808/747 628/822/761 610/809/748
f 610/809/748 628/822/761 609/823/762
f 610/809/748 609/823/762 640/810/749
f 640/810/749 609/823/762 639/268/262
f 640/810/749 639/268/262 655/270/264
f 258/800/739 257/780/719 580/824/763
f 580/824/763 257/780/719 581/811/750
f 580/824/763 581/811/750 565/825/764
f 565/825/764 581/811/750 566/812/751
f 565/825/764 566/812/751 535/826/765
f 535/826/765 566/812/751 536/813/752
f 535/826/765 536/813/752 552/827/766
f 552/827/766 536/813/752 551/814/753
f 552/827/766 551/814/753 520/828/767
f 520/828/767 551/814/753 521/815/754
f 520/828/767 521/815/754 505/829/768
f 505/829/768 521/815/754 506/816/755
f 505/829/768 506/816/755 490/830/769
f 490/830/769 506/816/755 491/817/756
f 490/830/769 491/817/756 475/831/770
f 475/831/770 491/817/756 476/818/757
f 475/831/770 476/818/757 460/517/499
f 460/517/499 476/818/757 461/515/498
f 265/230/224 259/819/758 260/233/227
f 260/233/227 259/819/758 578/832/771
f 260/233/227 578/832/771 577/546/521
f 577/546/521 578/832/771 562/833/772
f 577/546/521 562/833/772 561/544/519
f 561/544/519 562/833/772 531/834/773
f 561/544/519 531/834/773 530/542/517
f 530/542/517 531/834/773 557/835/774
f 530/542/517 557/835/774 558/540/515
f 558/540/515 557/835/774 514/538/513
f 259/819/758 258/800/739 579/836/775
f 579/836/775 258/800/739 580/824/763
f 579/836/775 580/824/763 564/837/776
f 564/837/776 580/824/763 565/825/764
f 564/837/776 565/825/764 534/838/777
f 534/838/777 565/825/764 535/826/765
f 534/838/777 535/826/765 553/839/778
f 553/839/778 535/826/765 552/827/766
f 553/839/778 552/827/766 519/840/779
f 519/840/779 552/827/766 520/828/767
f 519/840/779 520/828/767 504/841/780
f 504/841/780 520/828/767 505/829/768
f 504/841/780 505/829/768 489/842/781
f 489/842/781 505/829/768 490/830/769
f 489/842/781 490/830/769 474/843/782
f 474/843/782 490/830/769 475/831/770
f 474/843/782 475/831/770 459/519/500
f 459/519/500 475/831/770 460/517/499
f 319/820/759 306/220/214 305/218/212
f 331/258/252 316/260/254 330/208/202
f 330/208/202 316/260/254 241/210/204
f 316/260/254 591/262/256 241/210/204
f 241/210/204 591/262/256 592/844/783
f 241/210/204 592/844/783 317/212/206
f 317/212/206 592/844/783 593/845/784
f 317/212/206 593/845/784 318/215/209
f 318/215/209 593/845/784 594/821/760
f 318/215/209 594/821/760 319/820/759
f 318/215/209 319/820/759 305/218/212
f 333/256/250 331/258/252 330/208/202
f 244/200/194 333/256/250 332/205/199
f 332/205/199 333/256/250 330/208/202
f 342/271/265 343/846/785 354/847/786
f 354/847/786 343/846/785 353/308/302
f 354/847/786 353/308/302 364/848/787
f 364/848/787 353/308/302 363/310/304
f 364/848/787 363/310/304 374/849/788
f 374/849/788 363/310/304 373/312/306
f 374/849/788 373/312/306 384/850/789
f 384/850/789 373/312/306 383/315/309
f 384/850/789 383/315/309 394/324/318
f 394/324/318 383/315/309 393/317/311
f 352/292/286 353/308/302 344/294/288
f 344/294/288 353/308/302 343/846/785
f 344/294/288 343/846/785 653/851/790
f 653/851/790 343/846/785 654/269/263
f 653/851/790 654/269/263 638/267/261
f 343/846/785 342/271/265 654/269/263
f 652/296/290 344/294/288 653/851/790
f 650/438/431 346/436/429 651/297/291
f 651/297/291 346/436/429 345/295/289
f 342/271/265 354/847/786 355/273/267
f 355/273/267 354/847/786 365/852/791
f 355/273/267 365/852/791 366/275/269
f 366/275/269 365/852/791 376/853/792
f 366/275/269 376/853/792 377/277/271
f 377/277/271 376/853/792 387/854/793
f 377/277/271 387/854/793 388/279/273
f 388/279/273 387/854/793 398/332/326
f 388/279/273 398/332/326 399/281/275
f 365/852/791 354/847/786 364/848/787
f 365/852/791 364/848/787 375/855/794
f 375/855/794 364/848/787 374/849/788
f 375/855/794 374/849/788 385/856/795
f 385/856/795 374/849/788 384/850/789
f 385/856/795 384/850/789 395/326/320
f 395/326/320 384/850/789 394/324/318
f 365/852/791 375/855/794 376/853/792
f 376/853/792 375/855/794 386/857/796
f 376/853/792 386/857/796 387/854/793
f 387/854/793 386/857/796 397/330/324
f 387/854/793 397/330/324 398/332/326
f 386/857/796 375/855/794 385/856/795
f 395/326/320 396/328/322 385/856/795
f 385/856/795 396/328/322 386/857/796
f 396/328/322 397/330/324 386/857/796
f 403/321/315 419/336/330 404/322/316
f 404/322/316 419/336/330 420/858/797
f 404/322/316 420/858/797 405/323/317
f 405/323/317 420/858/797 421/859/798
f 405/323/317 421/859/798 406/325/319
f 406/325/319 421/859/798 422/860/799
f 406/325/319 422/860/799 407/327/321
f 407/327/321 422/860/799 423/861/800
f 407/327/321 423/861/800 408/329/323
f 408/329/323 423/861/800 424/862/801
f 408/329/323 424/862/801 409/331/325
f 409/331/325 424/862/801 425/863/802
f 409/331/325 425/863/802 410/333/327
f 410/333/327 425/863/802 426/864/803
f 410/333/327 426/864/803 411/283/277
f 411/283/277 426/864/803 427/285/279
f 414/559/534 415/407/400 242/557/532
f 242/557/532 415/407/400 430/406/399
f 242/557/532 430/406/399 432/414/407
f 666/408/401 415/407/400 665/561/536
f 665/561/536 415/407/400 414/559/534
f 667/360/353 417/358/351 416/401/394
f 419/336/330 670/338/332 420/858/797
f 420/858/797 670/338/332 671/865/804
f 420/858/797 671/865/804 421/859/798
f 421/859/798 671/865/804 672/866/805
f 421/859/798 672/866/805 422/860/799
f 422/860/799 672/866/805 673/867/806
f 422/860/799 673/867/806 423/861/800
f 423/861/800 673/867/806 674/868/807
f 423/861/800 674/868/807 424/862/801
f 424/862/801 674/868/807 675/869/808
f 424/862/801 675/869/808 425/863/802
f 425/863/802 675/869/808 676/870/809
f 425/863/802 676/870/809 426/864/803
f 426/864/803 676/870/809 677/871/810
f 426/864/803 677/871/810 427/285/279
f 427/285/279 677/871/810 678/287/281
f 451/381/374 450/378/371 786/872/811
f 786/872/811 450/378/371 787/376/369
f 786/872/811 787/376/369 756/873/812
f 756/873/812 787/376/369 757/374/367
f 756/873/812 757/374/367 781/397/390
f 781/397/390 757/374/367 780/372/365
f 784/389/382 453/385/378 452/383/376
f 452/383/376 451/381/374 785/874/813
f 785/874/813 451/381/374 786/872/811
f 785/874/813 786/872/811 755/875/814
f 755/875/814 786/872/811 756/873/812
f 755/875/814 756/873/812 782/395/388
f 782/395/388 756/873/812 781/397/390
f 455/527/504 454/529/505 470/876/815
f 470/876/815 454/529/505 469/532/507
f 470/876/815 469/532/507 485/877/816
f 485/877/816 469/532/507 484/534/509
f 485/877/816 484/534/509 500/878/817
f 500/878/817 484/534/509 499/536/511
f 500/878/817 499/536/511 515/879/818
f 515/879/818 499/536/511 514/538/513
f 515/879/818 514/538/513 557/835/774
f 456/525/503 455/527/504 471/880/819
f 471/880/819 455/527/504 470/876/815
f 471/880/819 470/876/815 486/881/820
f 486/881/820 470/876/815 485/877/816
f 486/881/820 485/877/816 501/882/821
f 501/882/821 485/877/816 500/878/817
f 501/882/821 500/878/817 516/883/822
f 516/883/822 500/878/817 515/879/818
f 516/883/822 515/879/818 556/884/823
f 556/884/823 515/879/818 557/835/774
f 556/884/823 557/835/774 531/834/773
f 457/523/502 456/525/503 472/885/824
f 472/885/824 456/525/503 471/880/819
f 472/885/824 471/880/819 487/886/825
f 487/886/825 471/880/819 486/881/820
f 487/886/825 486/881/820 502/887/826
f 502/887/826 486/881/820 501/882/821
f 502/887/826 501/882/821 517/888/827
f 517/888/827 501/882/821 516/883/822
f 517/888/827 516/883/822 555/889/828
f 555/889/828 516/883/822 556/884/823
f 555/889/828 556/884/823 532/890/829
f 532/890/829 556/884/823 531/834/773
f 532/890/829 531/834/773 562/833/772
f 474/843/782 459/519/500 458/521/501
f 458/521/501 457/523/502 473/891/830
f 473/891/830 457/523/502 472/885/824
f 473/891/830 472/885/824 488/892/831
f 488/892/831 472/885/824 487/886/825
f 488/892/831 487/886/825 503/893/832
f 503/893/832 487/886/825 502/887/826
f 503/893/832 502/887/826 518/894/833
f 518/894/833 502/887/826 517/888/827
f 518/894/833 517/888/827 554/895/834
f 554/895/834 517/888/827 555/889/828
f 554/895/834 555/889/828 533/896/835
f 533/896/835 555/889/828 532/890/829
f 533/896/835 532/890/829 563/897/836
f 563/897/836 532/890/829 562/833/772
f 563/897/836 562/833/772 578/832/771
f 489/842/781 474/843/782 473/891/830
f 473/891/830 474/843/782 458/521/501
f 489/842/781 473/891/830 488/892/831
f 504/841/780 489/842/781 488/892/831
f 504/841/780 488/892/831 503/893/832
f 519/840/779 504/841/780 503/893/832
f 519/840/779 503/893/832 518/894/833
f 553/839/778 519/840/779 518/894/833
f 553/839/778 518/894/833 554/895/834
f 553/839/778 554/895/834 534/838/777
f 534/838/777 554/895/834 533/896/835
f 534/838/777 533/896/835 564/837/776
f 564/837/776 533/896/835 563/897/836
f 564/837/776 563/897/836 579/836/775
f 579/836/775 563/897/836 578/832/771
f 579/836/775 578/832/771 259/819/758
f 243/259/253 589/304/298 590/261/255
f 590/261/255 589/304/298 632/898/837
f 590/261/255 632/898/837 631/263/257
f 631/263/257 632/898/837 606/899/838
f 631/263/257 606/899/838 607/265/259
f 607/265/259 606/899/838 637/900/839
f 607/265/259 637/900/839 638/267/261
f 638/267/261 637/900/839 653/851/790
f 591/262/256 630/264/258 592/844/783
f 592/844/783 630/264/258 629/901/840
f 592/844/783 629/901/840 593/845/784
f 593/845/784 629/901/840 628/822/761
f 593/845/784 628/822/761 594/821/760
f 633/302/296 605/300/294 632/898/837
f 632/898/837 605/300/294 606/899/838
f 637/900/839 606/899/838 636/298/292
f 636/298/292 606/899/838 605/300/294
f 629/901/840 630/264/258 608/266/260
f 628/822/761 629/901/840 609/823/762
f 609/823/762 629/901/840 608/266/260
f 609/823/762 608/266/260 639/268/262
f 589/304/298 633/302/296 632/898/837
f 604/301/295 634/440/433 635/299/293
f 635/299/293 634/440/433 650/438/431
f 635/299/293 650/438/431 651/297/291
f 653/851/790 637/900/839 652/296/290
f 652/296/290 637/900/839 636/298/292
f 682/362/355 666/408/401 681/563/538
f 681/563/538 666/408/401 665/561/536
f 670/338/332 686/340/334 671/865/804
f 671/865/804 686/340/334 687/902/841
f 671/865/804 687/902/841 672/866/805
f 672/866/805 687/902/841 688/903/842
f 672/866/805 688/903/842 673/867/806
f 673/867/806 688/903/842 689/904/843
f 673/867/806 689/904/843 674/868/807
f 674/868/807 689/904/843 690/905/844
f 674/868/807 690/905/844 675/869/808
f 675/869/808 690/905/844 691/906/845
f 675/869/808 691/906/845 676/870/809
f 676/870/809 691/906/845 692/907/846
f 676/870/809 692/907/846 677/871/810
f 677/871/810 692/907/846 693/590/558
f 677/871/810 693/590/558 678/287/281
f 720/364/357 682/362/355 681/563/538
f 686/340/334 715/342/336 687/902/841
f 687/902/841 715/342/336 714/908/847
f 687/902/841 714/908/847 688/903/842
f 688/903/842 714/908/847 713/909/848
f 688/903/842 713/909/848 689/904/843
f 689/904/843 713/909/848 712/910/849
f 689/904/843 712/910/849 690/905/844
f 690/905/844 712/910/849 711/911/850
f 690/905/844 711/911/850 691/906/845
f 691/906/845 711/911/850 710/912/851
f 691/906/845 710/912/851 692/907/846
f 692/907/846 710/912/851 709/588/557
f 692/907/846 709/588/557 693/590/558
f 723/570/545 694/573/548 695/571/546
f 695/571/546 694/573/548 725/913/852
f 695/571/546 725/913/852 726/572/547
f 726/572/547 725/913/852 741/398/391
f 726/572/547 741/398/391 742/370/363
f 714/908/847 715/342/336 703/344/338
f 713/909/848 714/908/847 704/914/853
f 704/914/853 714/908/847 703/344/338
f 704/914/853 703/344/338 734/346/340
f 712/910/849 713/909/848 705/915/854
f 705/915/854 713/909/848 704/914/853
f 705/915/854 704/914/853 735/916/855
f 735/916/855 704/914/853 734/346/340
f 735/916/855 734/346/340 750/348/342
f 711/911/850 712/910/849 706/917/856
f 706/917/856 712/910/849 705/915/854
f 706/917/856 705/915/854 736/918/857
f 736/918/857 705/915/854 735/916/855
f 736/918/857 735/916/855 751/919/858
f 751/919/858 735/916/855 750/348/342
f 751/919/858 750/348/342 771/350/344
f 710/912/851 711/911/850 707/920/859
f 707/920/859 711/911/850 706/917/856
f 707/920/859 706/917/856 737/921/860
f 737/921/860 706/917/856 736/918/857
f 737/921/860 736/918/857 752/922/861
f 752/922/861 736/918/857 751/919/858
f 752/922/861 751/919/858 770/923/862
f 770/923/862 751/919/858 771/350/344
f 770/923/862 771/350/344 767/352/346
f 709/588/557 710/912/851 708/586/556
f 708/586/556 710/912/851 707/920/859
f 708/586/556 707/920/859 738/584/555
f 738/584/555 707/920/859 737/921/860
f 738/584/555 737/921/860 753/582/554
f 753/582/554 737/921/860 752/922/861
f 753/582/554 752/922/861 769/580/553
f 769/580/553 752/922/861 770/923/862
f 769/580/553 770/923/862 768/578/552
f 768/578/552 770/923/862 767/352/346
f 768/578/552 767/352/346 798/354/348
f 694/573/548 724/575/550 725/913/852
f 725/913/852 724/575/550 740/396/389
f 725/913/852 740/396/389 741/398/391
f 739/394/387 740/396/389 724/575/550
f 782/395/388 783/393/386 755/875/814
f 755/875/814 783/393/386 754/391/384
f 755/875/814 754/391/384 785/874/813
f 785/874/813 754/391/384 784/389/382
f 785/874/813 784/389/382 452/383/376
f 96/924/863 236/925/549 65/926/864
f 65/926/864 236/925/549 832/927/865
f 65/926/864 832/927/865 66/928/866
f 66/928/866 832/927/865 67/929/867
f 67/929/867 832/927/865 68/930/868
f 68/930/868 832/927/865 833/931/869
f 68/930/868 833/931/869 69/932/870
f 69/932/870 833/931/869 70/933/871
f 70/933/871 833/931/869 71/934/872
f 71/934/872 833/931/869 837/935/873
f 71/934/872 837/935/873 72/936/874
f 72/936/874 837/935/873 73/937/875
f 73/937/875 837/935/873 836/938/876
f 73/937/875 836/938/876 74/939/877
f 74/939/877 836/938/876 75/940/878
f 75/940/878 836/938/876 76/941/879
f 76/941/879 836/938/876 835/942/880
f 76/941/879 835/942/880 77/943/881
f 77/943/881 835/942/880 78/944/882
f 78/944/882 835/942/880 79/945/883
f 79/945/883 835/942/880 80/946/884
f 80/946/884 835/942/880 834/947/885
f 80/946/884 834/947/885 81/948/886
f 81/948/886 834/947/885 193/949/380
f 81/948/886 193/949/380 82/950/887
f 82/950/887 193/949/380 240/951/381
f 82/950/887 240/951/381 83/952/888
f 83/952/888 240/951/381 84/953/889
f 84/953/889 240/951/381 85/954/890
f 85/954/890 240/951/381 86/955/891
f 86/955/891 240/951/381 239/956/383
f 86/955/891 239/956/383 87/957/892
f 87/957/892 239/956/383 88/958/893
f 88/958/893 239/956/383 89/959/894
f 89/959/894 239/956/383 238/960/385
f 89/959/894 238/960/385 90/961/895
f 90/961/895 238/960/385 91/962/896
f 91/962/896 238/960/385 237/963/551
f 91/962/896 237/963/551 92/964/897
f 92/964/897 237/963/551 93/965/898
f 93/965/898 237/963/551 94/966/899
f 94/966/899 237/963/551 236/925/549
f 94/966/899 236/925/549 95/967/900
f 95/967/900 236/925/549 96/924/863
f 128/968/901 838/969/902 97/970/903
f 97/970/903 838/969/902 230/971/411
f 97/970/903 230/971/411 98/972/904
f 98/972/904 230/971/411 99/973/905
f 99/973/905 230/971/411 100/974/906
f 100/974/906 230/971/411 229/975/413
f 100/974/906 229/975/413 101/976/907
f 101/976/907 229/975/413 102/977/908
f 102/977/908 229/975/413 103/978/909
f 103/978/909 229/975/413 228/979/530
f 103/978/909 228/979/530 104/980/910
f 104/980/910 228/979/530 105/981/911
f 105/981/911 228/979/530 227/982/528
f 105/981/911 227/982/528 106/983/912
f 106/983/912 227/982/528 107/984/913
f 107/984/913 227/982/528 108/985/914
f 108/985/914 227/982/528 226/986/434
f 108/985/914 226/986/434 109/987/915
f 109/987/915 226/986/434 110/988/916
f 110/988/916 226/986/434 111/989/917
f 111/989/917 226/986/434 112/990/918
f 112/990/918 226/986/434 225/991/435
f 112/990/918 225/991/435 113/992/919
f 113/992/919 225/991/435 831/993/920
f 113/992/919 831/993/920 842/994/921
f 842/994/921 831/993/920 815/995/922
f 842/994/921 815/995/922 816/996/923
f 128/968/901 127/997/924 838/969/902
f 838/969/902 127/997/924 126/998/925
f 838/969/902 126/998/925 839/999/926
f 839/999/926 126/998/925 125/1000/927
f 839/999/926 125/1000/927 124/1001/928
f 124/1001/928 123/1002/929 839/999/926
f 839/999/926 123/1002/929 840/1003/930
f 839/999/926 840/1003/930 818/1004/931
f 818/1004/931 840/1003/930 817/1005/932
f 817/1005/932 840/1003/930 841/1006/933
f 817/1005/932 841/1006/933 816/996/923
f 816/996/923 841/1006/933 842/994/921
f 123/1002/929 122/1007/934 840/1003/930
f 840/1003/930 122/1007/934 121/1008/935
f 840/1003/930 121/1008/935 841/1006/933
f 841/1006/933 121/1008/935 120/1009/936
f 841/1006/933 120/1009/936 119/1010/937
f 119/1010/937 118/1011/938 841/1006/933
f 841/1006/933 118/1011/938 842/994/921
f 118/1011/938 117/1012/939 842/994/921
f 842/994/921 117/1012/939 116/1013/940
f 842/994/921 116/1013/940 115/1014/941
f 115/1014/941 114/1015/942 842/994/921
f 842/994/921 114/1015/942 113/992/919
f 160/1016/943 193/949/380 129/1017/944
f 129/1017/944 193/949/380 834/947/885
f 129/1017/944 834/947/885 843/1018/945
f 843/1018/945 834/947/885 799/1019/946
f 843/1018/945 799/1019/946 800/1020/947
f 193/949/380 160/1016/943 210/1021/506
f 210/1021/506 160/1016/943 159/1022/948
f 210/1021/506 159/1022/948 158/1023/949
f 158/1023/949 157/1024/950 210/1021/506
f 210/1021/506 157/1024/950 156/1025/951
f 210/1021/506 156/1025/951 211/1026/508
f 211/1026/508 156/1025/951 155/1027/952
f 211/1026/508 155/1027/952 154/1028/953
f 154/1028/953 153/1029/954 211/1026/508
f 211/1026/508 153/1029/954 212/1030/510
f 212/1030/510 153/1029/954 152/1031/955
f 212/1030/510 152/1031/955 151/1032/956
f 212/1030/510 151/1032/956 213/1033/512
f 213/1033/512 151/1032/956 150/1034/957
f 213/1033/512 150/1034/957 149/1035/958
f 149/1035/958 148/1036/959 213/1033/512
f 213/1033/512 148/1036/959 214/1037/514
f 214/1037/514 148/1036/959 147/1038/960
f 214/1037/514 147/1038/960 146/1039/961
f 146/1039/961 145/1040/962 214/1037/514
f 214/1037/514 145/1040/962 844/1041/963
f 214/1037/514 844/1041/963 215/1042/522
f 215/1042/522 844/1041/963 862/1043/964
f 215/1042/522 862/1043/964 216/1044/525
f 216/1044/525 862/1043/964 861/1045/965
f 216/1044/525 861/1045/965 217/1046/527
f 217/1046/527 861/1045/965 860/1047/966
f 217/1046/527 860/1047/966 218/1048/240
f 218/1048/240 860/1047/966 859/1049/967
f 218/1048/240 859/1049/967 219/1050/241
f 219/1050/241 859/1049/967 858/1051/968
f 219/1050/241 858/1051/968 220/1052/248
f 220/1052/248 858/1051/968 852/1053/969
f 220/1052/248 852/1053/969 177/1054/970
f 177/1054/970 852/1053/969 178/1055/971
f 178/1055/971 852/1053/969 179/1056/972
f 179/1056/972 852/1053/969 180/1057/973
f 180/1057/973 852/1053/969 851/1058/974
f 180/1057/973 851/1058/974 181/1059/975
f 181/1059/975 851/1058/974 182/1060/976
f 182/1060/976 851/1058/974 183/1061/977
f 183/1061/977 851/1058/974 850/1062/978
f 183/1061/977 850/1062/978 184/1063/979
f 184/1063/979 850/1062/978 185/1064/980
f 185/1064/980 850/1062/978 849/1065/981
f 185/1064/980 849/1065/981 186/1066/982
f 186/1066/982 849/1065/981 187/1067/983
f 187/1067/983 849/1065/981 188/1068/984
f 188/1068/984 849/1065/981 848/1069/985
f 188/1068/984 848/1069/985 189/1070/986
f 189/1070/986 848/1069/985 190/1071/987
f 190/1071/987 848/1069/985 191/1072/988
f 191/1072/988 848/1069/985 192/1073/989
f 192/1073/989 848/1069/985 831/1074/920
f 192/1073/989 831/1074/920 161/1075/990
f 161/1075/990 831/1074/920 225/1076/435
f 161/1075/990 225/1076/435 162/1077/991
f 162/1077/991 225/1076/435 224/1078/297
f 162/1077/991 224/1078/297 163/1079/992
f 163/1079/992 224/1078/297 164/1080/993
f 164/1080/993 224/1078/297 165/1081/994
f 165/1081/994 224/1078/297 166/1082/995
f 166/1082/995 224/1078/297 223/1083/299
f 166/1082/995 223/1083/299 167/1084/996
f 167/1084/996 223/1083/299 168/1085/997
f 168/1085/997 223/1083/299 169/1086/998
f 169/1086/998 223/1083/299 222/1087/251
f 169/1086/998 222/1087/251 170/1088/999
f 170/1088/999 222/1087/251 171/1089/1000
f 171/1089/1000 222/1087/251 221/1090/249
f 171/1089/1000 221/1090/249 172/1091/1001
f 172/1091/1001 221/1090/249 173/1092/1002
f 173/1092/1002 221/1090/249 174/1093/1003
f 174/1093/1003 221/1090/249 220/1052/248
f 174/1093/1003 220/1052/248 175/1094/1004
f 175/1094/1004 220/1052/248 176/1095/1005
f 176/1095/1005 220/1052/248 177/1054/970
f 145/1040/962 144/1096/1006 844/1041/963
f 844/1041/963 144/1096/1006 143/1097/1007
f 844/1041/963 143/1097/1007 142/1098/1008
f 844/1041/963 142/1098/1008 845/1099/1009
f 845/1099/1009 142/1098/1008 141/1100/1010
f 845/1099/1009 141/1100/1010 140/1101/1011
f 140/1101/1011 139/1102/1012 845/1099/1009
f 845/1099/1009 139/1102/1012 846/1103/1013
f 845/1099/1009 846/1103/1013 802/1104/1014
f 802/1104/1014 846/1103/1013 801/1105/1015
f 801/1105/1015 846/1103/1013 847/1106/1016
f 801/1105/1015 847/1106/1016 800/1020/947
f 800/1020/947 847/1106/1016 843/1018/945
f 139/1102/1012 138/1107/1017 846/1103/1013
f 846/1103/1013 138/1107/1017 137/1108/1018
f 846/1103/1013 137/1108/1018 847/1106/1016
f 847/1106/1016 137/1108/1018 136/1109/1019
f 847/1106/1016 136/1109/1019 135/1110/1020
f 135/1110/1020 134/1111/1021 847/1106/1016
f 847/1106/1016 134/1111/1021 843/1018/945
f 134/1111/1021 133/1112/1022 843/1018/945
f 843/1018/945 133/1112/1022 132/1113/1023
f 843/1018/945 132/1113/1023 131/1114/1024
f 131/1114/1024 130/1115/1025 843/1018/945
f 843/1018/945 130/1115/1025 129/1017/944
f 832/927/865 236/925/549 853/1116/1026
f 853/1116/1026 236/925/549 235/1117/544
f 853/1116/1026 235/1117/544 854/1118/1027
f 854/1118/1027 235/1117/544 234/1119/540
f 854/1118/1027 234/1119/540 855/1120/1028
f 855/1120/1028 234/1119/540 233/1121/533
f 855/1120/1028 233/1121/533 856/1122/1029
f 856/1122/1029 233/1121/533 232/1123/531
f 856/1122/1029 232/1123/531 857/1124/1030
f 857/1124/1030 232/1123/531 231/1125/410
f 857/1124/1030 231/1125/410 838/969/902
f 838/969/902 231/1125/410 230/971/411
f 802/1104/1014 803/1126/1031 845/1099/1009
f 845/1099/1009 803/1126/1031 844/1041/963
f 803/1126/1031 804/1127/1032 844/1041/963
f 844/1041/963 804/1127/1032 862/1043/964
f 804/1127/1032 805/1128/1033 862/1043/964
f 862/1043/964 805/1128/1033 861/1045/965
f 805/1128/1033 806/1129/1034 861/1045/965
f 861/1045/965 806/1129/1034 860/1047/966
f 806/1129/1034 807/1130/1035 860/1047/966
f 860/1047/966 807/1130/1035 859/1049/967
f 807/1130/1035 808/1131/1036 859/1049/967
f 859/1049/967 808/1131/1036 858/1051/968
f 808/1131/1036 809/1132/1037 858/1051/968
f 858/1051/968 809/1132/1037 852/1053/969
f 809/1132/1037 810/1133/1038 852/1053/969
f 852/1053/969 810/1133/1038 851/1058/974
f 810/1133/1038 811/1134/1039 851/1058/974
f 851/1058/974 811/1134/1039 850/1062/978
f 811/1134/1039 812/1135/1040 850/1062/978
f 850/1062/978 812/1135/1040 849/1065/981
f 812/1135/1040 813/1136/1041 849/1065/981
f 849/1065/981 813/1136/1041 848/1069/985
f 813/1136/1041 814/1137/1042 848/1069/985
f 848/1069/985 814/1137/1042 831/1074/920
f 814/1137/1042 815/1138/922 831/1074/920
f 818/1004/931 819/1139/1043 839/999/926
f 839/999/926 819/1139/1043 838/969/902
f 819/1139/1043 820/1140/1044 838/969/902
f 838/969/902 820/1140/1044 857/1124/1030
f 820/1140/1044 821/1141/1045 857/1124/1030
f 857/1124/1030 821/1141/1045 856/1122/1029
f 821/1141/1045 822/1142/1046 856/1122/1029
f 856/1122/1029 822/1142/1046 855/1120/1028
f 822/1142/1046 823/1143/1047 855/1120/1028
f 855/1120/1028 823/1143/1047 854/1118/1027
f 823/1143/1047 824/1144/1048 854/1118/1027
f 854/1118/1027 824/1144/1048 853/1116/1026
f 824/1144/1048 825/1145/1049 853/1116/1026
f 853/1116/1026 825/1145/1049 832/927/865
f 825/1145/1049 826/1146/1050 832/927/865
f 832/927/865 826/1146/1050 833/931/869
f 826/1146/1050 827/1147/1051 833/931/869
f 833/931/869 827/1147/1051 837/935/873
f 827/1147/1051 828/1148/1052 837/935/873
f 837/935/873 828/1148/1052 836/938/876
f 828/1148/1052 829/1149/1053 836/938/876
f 836/938/876 829/1149/1053 835/942/880
f 829/1149/1053 830/1150/1054 835/942/880
f 835/942/880 830/1150/1054 834/947/885
f 830/1150/1054 799/1019/946 834/947/885
f 830/1151/1054 871/1152/1055 799/1153/946
f 799/1153/946 871/1152/1055 884/1154/1056
f 799/1153/946 884/1154/1056 800/1155/947
f 800/1155/947 884/1154/1056 1081/1156/1057
f 800/1155/947 1081/1156/1057 801/1157/1015
f 801/1157/1015 1081/1156/1057 1074/1158/1058
f 801/1157/1015 1074/1158/1058 802/1159/1014
f 802/1159/1014 1074/1158/1058 1067/1160/1059
f 802/1159/1014 1067/1160/1059 803/1161/1031
f 803/1161/1031 1067/1160/1059 1060/1162/1060
f 803/1161/1031 1060/1162/1060 804/1163/1032
f 804/1163/1032 1060/1162/1060 1053/1164/1061
f 804/1163/1032 1053/1164/1061 805/1165/1033
f 805/1165/1033 1053/1164/1061 1046/1166/1062
f 805/1165/1033 1046/1166/1062 806/1167/1034
f 806/1167/1034 1046/1166/1062 1039/1168/1063
f 806/1167/1034 1039/1168/1063 807/1169/1035
f 807/1169/1035 1039/1168/1063 1032/1170/1064
f 807/1169/1035 1032/1170/1064 808/1171/1036
f 808/1171/1036 1032/1170/1064 1025/1172/1065
f 808/1171/1036 1025/1172/1065 809/1173/1037
f 809/1173/1037 1025/1172/1065 1018/1174/1066
f 809/1173/1037 1018/1174/1066 810/1175/1038
f 810/1175/1038 1018/1174/1066 1011/1176/1067
f 810/1175/1038 1011/1176/1067 811/1177/1039
f 811/1177/1039 1011/1176/1067 1004/1178/1068
f 811/1177/1039 1004/1178/1068 812/1179/1040
f 812/1179/1040 1004/1178/1068 997/1180/1069
f 812/1179/1040 997/1180/1069 813/1181/1041
f 813/1181/1041 997/1180/1069 990/1182/1070
f 813/1181/1041 990/1182/1070 814/1183/1042
f 814/1183/1042 990/1182/1070 983/1184/1071
f 814/1183/1042 983/1184/1071 815/1185/922
f 815/1185/922 983/1184/1071 976/1186/1072
f 815/1185/922 976/1186/1072 816/1187/923
f 816/1187/923 976/1186/1072 969/1188/1073
f 816/1187/923 969/1188/1073 817/1189/932
f 817/1189/932 969/1188/1073 962/1190/1074
f 817/1189/932 962/1190/1074 818/1191/931
f 818/1191/931 962/1190/1074 955/1192/1075
f 818/1191/931 955/1192/1075 819/1193/1043
f 819/1193/1043 955/1192/1075 948/1194/1076
f 819/1193/1043 948/1194/1076 820/1195/1044
f 820/1195/1044 948/1194/1076 941/1196/1077
f 820/1195/1044 941/1196/1077 821/1197/1045
f 821/1197/1045 941/1196/1077 934/1198/1078
f 821/1197/1045 934/1198/1078 822/1199/1046
f 822/1199/1046 934/1198/1078 927/1200/1079
f 822/1199/1046 927/1200/1079 823/1201/1047
f 823/1201/1047 927/1200/1079 864/1202/1080
f 823/1203/1047 864/1204/1080 824/1205/1048
f 824/1205/1048 864/1204/1080 920/1206/1081
f 824/1205/1048 920/1206/1081 825/1207/1049
f 825/1207/1049 920/1206/1081 913/1208/1082
f 825/1207/1049 913/1208/1082 826/1209/1050
f 826/1209/1050 913/1208/1082 906/1210/1083
f 826/1209/1050 906/1210/1083 827/1211/1051
f 827/1211/1051 906/1210/1083 899/1212/1084
f 827/1211/1051 899/1212/1084 828/1213/1052
f 828/1213/1052 899/1212/1084 892/1214/1085
f 828/1213/1052 892/1214/1085 829/1215/1053
f 829/1215/1053 892/1214/1085 885/1216/1086
f 829/1215/1053 885/1216/1086 830/1151/1054
f 830/1151/1054 885/1216/1086 871/1152/1055
f 870/1217/1087 863/1218/1088 926/1219/1089
f 926/1219/1089 863/1220/1088 919/1221/1090
f 919/1221/1090 863/1222/1088 912/1223/1091
f 912/1223/1091 863/1224/1088 905/1225/1092
f 905/1225/1092 863/1226/1088 898/1227/1093
f 898/1227/1093 863/1228/1088 891/1229/1094
f 891/1229/1094 863/1230/1088 877/1231/1095
f 877/1231/1095 863/1232/1088 878/1233/1096
f 878/1233/1096 863/1234/1088 1087/1235/1097
f 1087/1235/1097 863/1236/1088 1080/1237/1098
f 1073/1238/1099 863/1239/1088 1066/1240/1100
f 1066/1240/1100 863/1241/1088 1059/1242/1101
f 1059/1242/1101 863/1243/1088 1052/1244/1102
f 1052/1244/1102 863/1245/1088 1045/1246/1103
f 1045/1246/1103 863/1247/1088 1038/1248/1104
f 1038/1248/1104 863/1249/1088 1031/1250/1105
f 1031/1250/1105 863/1251/1088 1024/1252/1106
f 1024/1252/1106 863/1253/1088 1017/1254/1107
f 1017/1254/1107 863/1255/1088 1010/1256/1108
f 1010/1256/1108 863/1257/1088 1003/1258/1109
f 996/1259/1110 863/1260/1088 989/1261/1111
f 989/1261/1111 863/1262/1088 982/1263/1112
f 982/1263/1112 863/1264/1088 975/1265/1113
f 975/1265/1113 863/1266/1088 968/1267/1114
f 968/1267/1114 863/1268/1088 961/1269/1115
f 961/1269/1115 863/1270/1088 954/1271/1116
f 954/1271/1116 863/1272/1088 947/1273/1117
f 947/1273/1117 863/1274/1088 940/1275/1118
f 940/1275/1118 863/1276/1088 933/1277/1119
f 933/1277/1119 863/1278/1088 870/1279/1087
f 864/1204/1080 865/1280/1120 920/1206/1081
f 920/1206/1081 865/1280/1120 921/1281/1121
f 920/1206/1081 921/1281/1121 913/1208/1082
f 913/1208/1082 921/1281/1121 914/1282/1122
f 913/1208/1082 914/1282/1122 906/1210/1083
f 906/1210/1083 914/1282/1122 907/1283/1123
f 906/1210/1083 907/1283/1123 899/1212/1084
f 899/1212/1084 907/1283/1123 900/1284/1124
f 899/1212/1084 900/1284/1124 892/1214/1085
f 892/1214/1085 900/1284/1124 893/1285/1125
f 892/1214/1085 893/1285/1125 885/1216/1086
f 885/1216/1086 893/1285/1125 886/1286/1126
f 885/1216/1086 886/1286/1126 871/1152/1055
f 871/1152/1055 886/1286/1126 872/1287/1127
f 871/1152/1055 872/1287/1127 884/1154/1056
f 884/1154/1056 872/1287/1127 883/1288/1128
f 884/1154/1056 883/1288/1128 1081/1156/1057
f 1081/1156/1057 883/1288/1128 1082/1289/1129
f 1081/1156/1057 1082/1289/1129 1074/1158/1058
f 1074/1158/1058 1082/1289/1129 1075/1290/1130
f 1074/1158/1058 1075/1290/1130 1067/1160/1059
f 1067/1160/1059 1075/1290/1130 1068/1291/1131
f 1067/1160/1059 1068/1291/1131 1060/1162/1060
f 1060/1162/1060 1068/1291/1131 1061/1292/1132
f 1060/1162/1060 1061/1292/1132 1053/1164/1061
f 1053/1164/1061 1061/1292/1132 1054/1293/1133
f 1053/1164/1061 1054/1293/1133 1046/1166/1062
f 1046/1166/1062 1054/1293/1133 1047/1294/1134
f 1046/1166/1062 1047/1294/1134 1039/1168/1063
f 1039/1168/1063 1047/1294/1134 1040/1295/1135
f 1039/1168/1063 1040/1295/1135 1032/1170/1064
f 1032/1170/1064 1040/1295/1135 1033/1296/1136
f 1032/1170/1064 1033/1296/1136 1025/1172/1065
f 1025/1172/1065 1033/1296/1136 1026/1297/1137
f 1025/1172/1065 1026/1297/1137 1018/1174/1066
f 1018/1174/1066 1026/1297/1137 1019/1298/1138
f 1018/1174/1066 1019/1298/1138 1011/1176/1067
f 1011/1176/1067 1019/1298/1138 1012/1299/1139
f 1011/1176/1067 1012/1299/1139 1004/1178/1068
f 1004/1178/1068 1012/1299/1139 1005/1300/1140
f 1004/1178/1068 1005/1300/1140 997/1180/1069
f 997/1180/1069 1005/1300/1140 998/1301/1141
f 997/1180/1069 998/1301/1141 990/1182/1070
f 990/1182/1070 998/1301/1141 991/1302/1142
f 990/1182/1070 991/1302/1142 983/1184/1071
f 983/1184/1071 991/1302/1142 984/1303/1143
f 983/1184/1071 984/1303/1143 976/1186/1072
f 976/1186/1072 984/1303/1143 977/1304/1144
f 976/1186/1072 977/1304/1144 969/1188/1073
f 969/1188/1073 977/1304/1144 970/1305/1145
f 969/1188/1073 970/1305/1145 962/1190/1074
f 962/1190/1074 970/1305/1145 963/1306/1146
f 962/1190/1074 963/1306/1146 955/1192/1075
f 955/1192/1075 963/1306/1146 956/1307/1147
f 955/1192/1075 956/1307/1147 948/1194/1076
f 948/1194/1076 956/1307/1147 949/1308/1148
f 948/1194/1076 949/1308/1148 941/1196/1077
f 941/1196/1077 949/1308/1148 942/1309/1149
f 941/1196/1077 942/1309/1149 934/1198/1078
f 934/1198/1078 942/1309/1149 935/1310/1150
f 934/1198/1078 935/1310/1150 927/1200/1079
f 927/1200/1079 935/1310/1150 928/1311/1151
f 927/1200/1079 928/1311/1151 864/1202/1080
f 864/1202/1080 928/1311/1151 865/1312/1120
f 865/1280/1120 866/1313/1152 921/1281/1121
f 921/1281/1121 866/1313/1152 922/1314/1153
f 921/1281/1121 922/1314/1153 914/1282/1122
f 914/1282/1122 922/1314/1153 915/1315/1154
f 914/1282/1122 915/1315/1154 907/1283/1123
f 907/1283/1123 915/1315/1154 908/1316/1155
f 907/1283/1123 908/1316/1155 900/1284/1124
f 900/1284/1124 908/1316/1155 901/1317/1156
f 900/1284/1124 901/1317/1156 893/1285/1125
f 893/1285/1125 901/1317/1156 894/1318/1157
f 893/1285/1125 894/1318/1157 886/1286/1126
f 886/1286/1126 894/1318/1157 887/1319/1158
f 886/1286/1126 887/1319/1158 872/1287/1127
f 872/1287/1127 887/1319/1158 873/1320/1159
f 872/1287/1127 873/1320/1159 883/1288/1128
f 883/1288/1128 873/1320/1159 882/1321/1160
f 883/1288/1128 882/1321/1160 1082/1289/1129
f 1082/1289/1129 882/1321/1160 1083/1322/1161
f 1082/1289/1129 1083/1322/1161 1075/1290/1130
f 1075/1290/1130 1083/1322/1161 1076/1323/1162
f 1075/1290/1130 1076/1323/1162 1068/1291/1131
f 1068/1291/1131 1076/1323/1162 1069/1324/1163
f 1068/1291/1131 1069/1324/1163 1061/1292/1132
f 1061/1292/1132 1069/1324/1163 1062/1325/1164
f 1061/1292/1132 1062/1325/1164 1054/1293/1133
f 1054/1293/1133 1062/1325/1164 1055/1326/1165
f 1054/1293/1133 1055/1326/1165 1047/1294/1134
f 1047/1294/1134 1055/1326/1165 1048/1327/1166
f 1047/1294/1134 1048/1327/1166 1040/1295/1135
f 1040/1295/1135 1048/1327/1166 1041/1328/1167
f 1040/1295/1135 1041/1328/1167 1033/1296/1136
f 1033/1296/1136 1041/1328/1167 1034/1329/1168
f 1033/1296/1136 1034/1329/1168 1026/1297/1137
f 1026/1297/1137 1034/1329/1168 1027/1330/1169
f 1026/1297/1137 1027/1330/1169 1019/1298/1138
f 1019/1298/1138 1027/1330/1169 1020/1331/1170
f 1019/1298/1138 1020/1331/1170 1012/1299/1139
f 1012/1299/1139 1020/1331/1170 1013/1332/1171
f 1012/1299/1139 1013/1332/1171 1005/1300/1140
f 1005/1300/1140 1013/1332/1171 1006/1333/1172
f 1005/1300/1140 1006/1333/1172 998/1301/1141
f 998/1301/1141 1006/1333/1172 999/1334/1173
f 998/1301/1141 999/1334/1173 991/1302/1142
f 991/1302/1142 999/1334/1173 992/1335/1174
f 991/1302/1142 992/1335/1174 984/1303/1143
f 984/1303/1143 992/1335/1174 985/1336/1175
f 984/1303/1143 985/1336/1175 977/1304/1144
f 977/1304/1144 985/1336/1175 978/1337/1176
f 977/1304/1144 978/1337/1176 970/1305/1145
f 970/1305/1145 978/1337/1176 971/1338/1177
f 970/1305/1145 971/1338/1177 963/1306/1146
f 963/1306/1146 971/1338/1177 964/1339/1178
f 963/1306/1146 964/1339/1178 956/1307/1147
f 956/1307/1147 964/1339/1178 957/1340/1179
f 956/1307/1147 957/1340/1179 949/1308/1148
f 949/1308/1148 957/1340/1179 950/1341/1180
f 949/1308/1148 950/1341/1180 942/1309/1149
f 942/1309/1149 950/1341/1180 943/1342/1181
f 942/1309/1149 943/1342/1181 935/1310/1150
f 935/1310/1150 943/1342/1181 936/1343/1182
f 935/1310/1150 936/1343/1182 928/1311/1151
f 928/1311/1151 936/1343/1182 929/1344/1183
f 928/1311/1151 929/1344/1183 865/1312/1120
f 865/1312/1120 929/1344/1183 866/1345/1152
f 866/1313/1152 867/1346/1184 922/1314/1153
f 922/1314/1153 867/1346/1184 923/1347/1185
f 922/1314/1153 923/1347/1185 915/1315/1154
f 915/1315/1154 923/1347/1185 916/1348/1186
f 915/1315/1154 916/1348/1186 908/1316/1155
f 908/1316/1155 916/1348/1186 909/1349/1187
f 908/1316/1155 909/1349/1187 901/1317/1156
f 901/1317/1156 909/1349/1187 902/1350/1188
f 901/1317/1156 902/1350/1188 894/1318/1157
f 894/1318/1157 902/1350/1188 895/1351/1189
f 894/1318/1157 895/1351/1189 887/1319/1158
f 887/1319/1158 895/1351/1189 888/1352/1190
f 887/1319/1158 888/1352/1190 873/1320/1159
f 873/1320/1159 888/1352/1190 874/1353/1191
f 873/1320/1159 874/1353/1191 882/1321/1160
f 882/1321/1160 874/1353/1191 881/1354/1192
f 882/1321/1160 881/1354/1192 1083/1322/1161
f 1083/1322/1161 881/1354/1192 1084/1355/1193
f 1083/1322/1161 1084/1355/1193 1076/1323/1162
f 1076/1323/1162 1084/1355/1193 1077/1356/1194
f 1076/1323/1162 1077/1356/1194 1069/1324/1163
f 1069/1324/1163 1077/1356/1194 1070/1357/1195
f 1069/1324/1163 1070/1357/1195 1062/1325/1164
f 1062/1325/1164 1070/1357/1195 1063/1358/1196
f 1062/1325/1164 1063/1358/1196 1055/1326/1165
f 1055/1326/1165 1063/1358/1196 1056/1359/1197
f 1055/1326/1165 1056/1359/1197 1048/1327/1166
f 1048/1327/1166 1056/1359/1197 1049/1360/1198
f 1048/1327/1166 1049/1360/1198 1041/1328/1167
f 1041/1328/1167 1049/1360/1198 1042/1361/1199
f 1041/1328/1167 1042/1361/1199 1034/1329/1168
f 1034/1329/1168 1042/1361/1199 1035/1362/1200
f 1034/1329/1168 1035/1362/1200 1027/1330/1169
f 1027/1330/1169 1035/1362/1200 1028/1363/1201
f 1027/1330/1169 1028/1363/1201 1020/1331/1170
f 1020/1331/1170 1028/1363/1201 1021/1364/1202
f 1020/1331/1170 1021/1364/1202 1013/1332/1171
f 1013/1332/1171 1021/1364/1202 1014/1365/1203
f 1013/1332/1171 1014/1365/1203 1006/1333/1172
f 1006/1333/1172 1014/1365/1203 1007/1366/1204
f 1006/1333/1172 1007/1366/1204 999/1334/1173
f 999/1334/1173 1007/1366/1204 1000/1367/1205
f 999/1334/1173 1000/1367/1205 992/1335/1174
f 992/1335/1174 1000/1367/1205 993/1368/1206
f 992/1335/1174 993/1368/1206 985/1336/1175
f 985/1336/1175 993/1368/1206 986/1369/1207
f 985/1336/1175 986/1369/1207 978/1337/1176
f 978/1337/1176 986/1369/1207 979/1370/1208
f 978/1337/1176 979/1370/1208 971/1338/1177
f 971/1338/1177 979/1370/1208 972/1371/1209
f 971/1338/1177 972/1371/1209 964/1339/1178
f 964/1339/1178 972/1371/1209 965/1372/1210
f 964/1339/1178 965/1372/1210 957/1340/1179
f 957/1340/1179 965/1372/1210 958/1373/1211
f 957/1340/1179 958/1373/1211 950/1341/1180
f 950/1341/1180 958/1373/1211 951/1374/1212
f 950/1341/1180 951/1374/1212 943/1342/1181
f 943/1342/1181 951/1374/1212 944/1375/1213
f 943/1342/1181 944/1375/1213 936/1343/1182
f 936/1343/1182 944/1375/1213 937/1376/1214
f 936/1343/1182 937/1376/1214 929/1344/1183
f 929/1344/1183 937/1376/1214 930/1377/1215
f 929/1344/1183 930/1377/1215 866/1345/1152
f 866/1345/1152 930/1377/1215 867/1378/1184
f 867/1346/1184 868/1379/1216 923/1347/1185
f 923/1347/1185 868/1379/1216 924/1380/1217
f 923/1347/1185 924/1380/1217 916/1348/1186
f 916/1348/1186 924/1380/1217 917/1381/1218
f 916/1348/1186 917/1381/1218 909/1349/1187
f 909/1349/1187 917/1381/1218 910/1382/1219
f 909/1349/1187 910/1382/1219 902/1350/1188
f 902/1350/1188 910/1382/1219 903/1383/1220
f 902/1350/1188 903/1383/1220 895/1351/1189
f 895/1351/1189 903/1383/1220 896/1384/1221
f 895/1351/1189 896/1384/1221 888/1352/1190
f 888/1352/1190 896/1384/1221 889/1385/1222
f 888/1352/1190 889/1385/1222 874/1353/1191
f 874/1353/1191 889/1385/1222 875/1386/1223
f 874/1353/1191 875/1386/1223 881/1354/1192
f 881/1354/1192 875/1386/1223 880/1387/1224
f 881/1354/1192 880/1387/1224 1084/1355/1193
f 1084/1355/1193 880/1387/1224 1085/1388/1225
f 1084/1355/1193 1085/1388/1225 1077/1356/1194
f 1077/1356/1194 1085/1388/1225 1078/1389/1226
f 1077/1356/1194 1078/1389/1226 1070/1357/1195
f 1070/1357/1195 1078/1389/1226 1071/1390/1227
f 1070/1357/1195 1071/1390/1227 1063/1358/1196
f 1063/1358/1196 1071/1390/1227 1064/1391/1228
f 1063/1358/1196 1064/1391/1228 1056/1359/1197
f 1056/1359/1197 1064/1391/1228 1057/1392/1229
f 1056/1359/1197 1057/1392/1229 1049/1360/1198
f 1049/1360/1198 1057/1392/1229 1050/1393/1230
f 1049/1360/1198 1050/1393/1230 1042/1361/1199
f 1042/1361/1199 1050/1393/1230 1043/1394/1231
f 1042/1361/1199 1043/1394/1231 1035/1362/1200
f 1035/1362/1200 1043/1394/1231 1036/1395/1232
f 1035/1362/1200 1036/1395/1232 1028/1363/1201
f 1028/1363/1201 1036/1395/1232 1029/1396/1233
f 1028/1363/1201 1029/1396/1233 1021/1364/1202
f 1021/1364/1202 1029/1396/1233 1022/1397/1234
f 1021/1364/1202 1022/1397/1234 1014/1365/1203
f 1014/1365/1203 1022/1397/1234 1015/1398/1235
f 1014/1365/1203 1015/1398/1235 1007/1366/1204
f 1007/1366/1204 1015/1398/1235 1008/1399/1236
f 1007/1366/1204 1008/1399/1236 1000/1367/1205
f 1000/1367/1205 1008/1399/1236 1001/1400/1237
f 1000/1367/1205 1001/1400/1237 993/1368/1206
f 993/1368/1206 1001/1400/1237 994/1401/1238
f 993/1368/1206 994/1401/1238 986/1369/1207
f 986/1369/1207 994/1401/1238 987/1402/1239
f 986/1369/1207 987/1402/1239 979/1370/1208
f 979/1370/1208 987/1402/1239 980/1403/1240
f 979/1370/1208 980/1403/1240 972/1371/1209
f 972/1371/1209 980/1403/1240 973/1404/1241
f 972/1371/1209 973/1404/1241 965/1372/1210
f 965/1372/1210 973/1404/1241 966/1405/1242
f 965/1372/1210 966/1405/1242 958/1373/1211
f 958/1373/1211 966/1405/1242 959/1406/1243
f 958/1373/1211 959/1406/1243 951/1374/1212
f 951/1374/1212 959/1406/1243 952/1407/1244
f 951/1374/1212 952/1407/1244 944/1375/1213
f 944/1375/1213 952/1407/1244 945/1408/1245
f 944/1375/1213 945/1408/1245 937/1376/1214
f 937/1376/1214 945/1408/1245 938/1409/1246
f 937/1376/1214 938/1409/1246 930/1377/1215
f 930/1377/1215 938/1409/1246 931/1410/1247
f 930/1377/1215 931/1410/1247 867/1378/1184
f 867/1378/1184 931/1410/1247 868/1411/1216
f 868/1379/1216 869/1412/1248 924/1380/1217
f 924/1380/1217 869/1412/1248 925/1413/1249
f 924/1380/1217 925/1413/1249 917/1381/1218
f 917/1381/1218 925/1413/1249 918/1414/1250
f 917/1381/1218 918/1414/1250 910/1382/1219
f 910/1382/1219 918/1414/1250 911/1415/1251
f 910/1382/1219 911/1415/1251 903/1383/1220
f 903/1383/1220 911/1415/1251 904/1416/1252
f 903/1383/1220 904/1416/1252 896/1384/1221
f 896/1384/1221 904/1416/1252 897/1417/1253
f 896/1384/1221 897/1417/1253 889/1385/1222
f 889/1385/1222 897/1417/1253 890/1418/1254
f 889/1385/1222 890/1418/1254 875/1386/1223
f 875/1386/1223 890/1418/1254 876/1419/1255
f 875/1386/1223 876/1419/1255 880/1387/1224
f 880/1387/1224 876/1419/1255 879/1420/1256
f 880/1387/1224 879/1420/1256 1085/1388/1225
f 1085/1388/1225 879/1420/1256 1086/1421/1257
f 1085/1388/1225 1086/1421/1257 1078/1389/1226
f 1078/1389/1226 1086/1421/1257 1079/1422/1258
f 1078/1389/1226 1079/1422/1258 1071/1390/1227
f 1071/1390/1227 1079/1422/1258 1072/1423/1259
f 1071/1390/1227 1072/1423/1259 1064/1391/1228
f 1064/1391/1228 1072/1423/1259 1065/1424/1260
f 1064/1391/1228 1065/1424/1260 1057/1392/1229
f 1057/1392/1229 1065/1424/1260 1058/1425/1261
f 1057/1392/1229 1058/1425/1261 1050/1393/1230
f 1050/1393/1230 1058/1425/1261 1051/1426/1262
f 1050/1393/1230 1051/1426/1262 1043/1394/1231
f 1043/1394/1231 1051/1426/1262 1044/1427/1263
f 1043/1394/1231 1044/1427/1263 1036/1395/1232
f 1036/1395/1232 1044/1427/1263 1037/1428/1264
f 1036/1395/1232 1037/1428/1264 1029/1396/1233
f 1029/1396/1233 1037/1428/1264 1030/1429/1265
f 1029/1396/1233 1030/1429/1265 1022/1397/1234
f 1022/1397/1234 1030/1429/1265 1023/1430/1266
f 1022/1397/1234 1023/1430/1266 1015/1398/1235
f 1015/1398/1235 1023/1430/1266 1016/1431/1267
f 1015/1398/1235 1016/1431/1267 1008/1399/1236
f 1008/1399/1236 1016/1431/1267 1009/1432/1268
f 1008/1399/1236 1009/1432/1268 1001/1400/1237
f 1001/1400/1237 1009/1432/1268 1002/1433/1269
f 1001/1400/1237 1002/1433/1269 994/1401/1238
f 994/1401/1238 1002/1433/1269 995/1434/1270
f 994/1401/1238 995/1434/1270 987/1402/1239
f 987/1402/1239 995/1434/1270 988/1435/1271
f 987/1402/1239 988/1435/1271 980/1403/1240
f 980/1403/1240 988/1435/1271 981/1436/1272
f 980/1403/1240 981/1436/1272 973/1404/1241
f 973/1404/1241 981/1436/1272 974/1437/1273
f 973/1404/1241 974/1437/1273 966/1405/1242
f 966/1405/1242 974/1437/1273 967/1438/1274
f 966/1405/1242 967/1438/1274 959/1406/1243
f 959/1406/1243 967/1438/1274 960/1439/1275
f 959/1406/1243 960/1439/1275 952/1407/1244
f 952/1407/1244 960/1439/1275 953/1440/1276
f 952/1407/1244 953/1440/1276 945/1408/1245
f 945/1408/1245 953/1440/1276 946/1441/1277
f 945/1408/1245 946/1441/1277 938/1409/1246
f 938/1409/1246 946/1441/1277 939/1442/1278
f 938/1409/1246 939/1442/1278 931/1410/1247
f 931/1410/1247 939/1442/1278 932/1443/1279
f 931/1410/1247 932/1443/1279 868/1411/1216
f 868/1411/1216 932/1443/1279 869/1444/1248
f 869/1412/1248 870/1217/1087 925/1413/1249
f 925/1413/1249 870/1217/1087 926/1219/1089
f 925/1413/1249 926/1219/1089 918/1414/1250
f 918/1414/1250 926/1219/1089 919/1221/1090
f 918/1414/1250 919/1221/1090 911/1415/1251
f 911/1415/1251 919/1221/1090 912/1223/1091
f 911/1415/1251 912/1223/1091 904/1416/1252
f 904/1416/1252 912/1223/1091 905/1225/1092
f 904/1416/1252 905/1225/1092 897/1417/1253
f 897/1417/1253 905/1225/1092 898/1227/1093
f 897/1417/1253 898/1227/1093 890/1418/1254
f 890/1418/1254 898/1227/1093 891/1229/1094
f 890/1418/1254 891/1229/1094 876/1419/1255
f 876/1419/1255 891/1229/1094 877/1231/1095
f 876/1419/1255 877/1231/1095 879/1420/1256
f 879/1420/1256 877/1231/1095 878/1233/1096
f 879/1420/1256 878/1233/1096 1086/1421/1257
f 1086/1421/1257 878/1233/1096 1087/1235/1097
f 1086/1421/1257 1087/1235/1097 1079/1422/1258
f 1079/1422/1258 1087/1235/1097 1080/1237/1098
f 1079/1422/1258 1080/1237/1098 1072/1423/1259
f 1072/1423/1259 1080/1237/1098 1073/1238/1099
f 1072/1423/1259 1073/1238/1099 1065/1424/1260
f 1065/1424/1260 1073/1238/1099 1066/1240/1100
f 1065/1424/1260 1066/1240/1100 1058/1425/1261
f 1058/1425/1261 1066/1240/1100 1059/1242/1101
f 1058/1425/1261 1059/1242/1101 1051/1426/1262
f 1051/1426/1262 1059/1242/1101 1052/1244/1102
f 1051/1426/1262 1052/1244/1102 1044/1427/1263
f 1044/1427/1263 1052/1244/1102 1045/1246/1103
f 1044/1427/1263 1045/1246/1103 1037/1428/1264
f 1037/1428/1264 1045/1246/1103 1038/1248/1104
f 1037/1428/1264 1038/1248/1104 1030/1429/1265
f 1030/1429/1265 1038/1248/1104 1031/1250/1105
f 1030/1429/1265 1031/1250/1105 1023/1430/1266
f 1023/1430/1266 1031/1250/1105 1024/1252/1106
f 1023/1430/1266 1024/1252/1106 1016/1431/1267
f 1016/1431/1267 1024/1252/1106 1017/1254/1107
f 1016/1431/1267 1017/1254/1107 1009/1432/1268
f 1009/1432/1268 1017/1254/1107 1010/1256/1108
f 1009/1432/1268 1010/1256/1108 1002/1433/1269
f 1002/1433/1269 1010/1256/1108 1003/1258/1109
f 1002/1433/1269 1003/1258/1109 995/1434/1270
f 995/1434/1270 1003/1258/1109 996/1259/1110
f 995/1434/1270 996/1259/1110 988/1435/1271
f 988/1435/1271 996/1259/1110 989/1261/1111
f 988/1435/1271 989/1261/1111 981/1436/1272
f 981/1436/1272 989/1261/1111 982/1263/1112
f 981/1436/1272 982/1263/1112 974/1437/1273
f 974/1437/1273 982/1263/1112 975/1265/1113
f 974/1437/1273 975/1265/1113 967/1438/1274
f 967/1438/1274 975/1265/1113 968/1267/1114
f 967/1438/1274 968/1267/1114 960/1439/1275
f 960/1439/1275 968/1267/1114 961/1269/1115
f 960/1439/1275 961/1269/1115 953/1440/1276
f 953/1440/1276 961/1269/1115 954/1271/1116
f 953/1440/1276 954/1271/1116 946/1441/1277
f 946/1441/1277 954/1271/1116 947/1273/1117
f 946/1441/1277 947/1273/1117 939/1442/1278
f 939/1442/1278 947/1273/1117 940/1275/1118
f 939/1442/1278 940/1275/1118 932/1443/1279
f 932/1443/1279 940/1275/1118 933/1277/1119
f 932/1443/1279 933/1277/1119 869/1444/1248
f 869/1444/1248 933/1277/1119 870/1279/1087
f 1080/1237/1098 863/1445/1088 1073/1238/1099
f 1003/1258/1109 863/1446/1088 996/1259/1110
# 1087 vertices
# 1446 texture params
# 1279 normals
# 2182 facets

# 1 groups
