# WaveFront *.obj file (generated by Autodesk ATF)

mtllib narwhal_body.mtl

g Body2

v 1150.800000 -88.875068 -61.361407
v 1152.605686 -93.146614 -54.651999
v 1153.297174 -96.987297 -47.496651
v 1152.732096 -100.284891 -40.075390
v 1150.800000 -102.950096 -32.638593
v 1147.430720 -104.958281 -25.450186
v 1142.790169 -106.311692 -19.021189
v 1137.115205 -107.136555 -13.627842
v 1130.288267 -107.604691 -9.232295
v 1122.650740 -107.822839 -6.186389
v 1114.681901 -107.898821 -4.678417
v 1106.807900 -107.898376 -4.688671
v 1098.839958 -107.821005 -6.218292
v 1091.210591 -107.600184 -9.284669
v 1084.397881 -107.127785 -13.696582
v 1078.738354 -106.296989 -19.103164
v 1074.113317 -104.935072 -25.545658
v 1070.763613 -102.917214 -32.741385
v 1068.845052 -100.232859 -40.216254
v 1068.302470 -97.015207 -47.455715
v 1068.954500 -93.281799 -54.428489
v 1073.526288 -84.372641 -67.417897
v 1081.544552 -74.878554 -77.827967
v 1092.619250 -66.092912 -85.414746
v 1099.422423 -62.682239 -87.948526
v 1106.829407 -60.721948 -89.313793
v 1114.537744 -60.690725 -89.335004
v 1121.959490 -62.597989 -88.008511
v 1128.784134 -65.973285 -85.507211
v 1134.821854 -70.215078 -82.059749
v 1144.282153 -79.430755 -73.176067
v 1150.800000 102.950096 -32.638593
v 1152.731319 100.286806 -40.070339
v 1153.297275 96.988897 -47.493181
v 1152.605995 93.148374 -54.649497
v 1150.800000 88.875068 -61.361407
v 1144.282153 79.430755 -73.176067
v 1134.821854 70.215078 -82.059749
v 1128.784134 65.973285 -85.507211
v 1121.959490 62.597989 -88.008511
v 1114.537744 60.690725 -89.335004
v 1106.829407 60.721948 -89.313793
v 1099.422423 62.682239 -87.948526
v 1092.619250 66.092912 -85.414746
v 1081.544552 74.878554 -77.827967
v 1073.526288 84.372641 -67.417897
v 1068.954500 93.281799 -54.428489
v 1068.302470 97.015207 -47.455715
v 1068.845052 100.232859 -40.216254
v 1070.763613 102.917214 -32.741385
v 1074.113317 104.935072 -25.545658
v 1078.738354 106.296989 -19.103164
v 1084.397881 107.127785 -13.696582
v 1091.210591 107.600184 -9.284669
v 1098.839958 107.821005 -6.218292
v 1106.807900 107.898376 -4.688671
v 1114.681901 107.898821 -4.678417
v 1122.650740 107.822839 -6.186389
v 1130.288267 107.604691 -9.232295
v 1137.115205 107.136555 -13.627842
v 1142.790169 106.311692 -19.021189
v 1147.430720 104.958281 -25.450186
v 0.000000 0.000000 108.000000
v 0.000000 -22.454463 105.639941
v 0.000000 -43.927557 98.662909
v 0.000000 -63.480807 87.373835
v 0.000000 -80.259641 72.266105
v 0.000000 -93.530744 54.000000
v 0.000000 -102.714104 33.373835
v 0.000000 -107.408365 11.289074
v 0.000000 -107.408365 -11.289074
v 0.000000 -102.714104 -33.373835
v 0.000000 -93.530744 -54.000000
v 0.000000 -80.259641 -72.266105
v 0.000000 -63.480807 -87.373835
v 0.000000 -43.927557 -98.662909
v 0.000000 -22.454463 -105.639941
v 0.000000 0.000000 -108.000000
v 0.000000 22.454463 -105.639941
v 0.000000 43.927557 -98.662909
v 0.000000 63.480807 -87.373835
v 0.000000 80.259641 -72.266105
v 0.000000 93.530744 -54.000000
v 0.000000 102.714104 -33.373835
v 0.000000 107.408365 -11.289074
v 0.000000 107.408365 11.289074
v 0.000000 102.714104 33.373835
v 0.000000 93.530744 54.000000
v 0.000000 80.259641 72.266105
v 0.000000 63.480807 87.373835
v 0.000000 43.927557 98.662909
v 0.000000 22.454463 105.639941
v 1150.800000 -107.477942 -10.606221
v 1150.800000 -107.343925 11.886198
v 1150.800000 -102.553858 33.863051
v 1150.800000 -93.315509 54.371093
v 1150.800000 -80.029594 72.520784
v 1150.800000 -63.272389 87.524881
v 1150.800000 -43.770740 98.732580
v 1150.800000 -22.370532 105.657746
v 1150.800000 0.000000 108.000000
v 1150.800000 22.370532 105.657746
v 1150.800000 43.770740 98.732580
v 1150.800000 63.272389 87.524881
v 1150.800000 80.029594 72.520784
v 1150.800000 93.315509 54.371093
v 1150.800000 102.553858 33.863051
v 1150.800000 107.343925 11.886198
v 1150.800000 107.477942 -10.606221
v 1150.800000 75.431983 -77.291759
v 1150.800000 59.179000 -90.342936
v 1150.800000 40.721555 -100.028771
v 1150.800000 20.747202 -105.988460
v 1150.800000 0.000000 -108.000000
v 1150.800000 -20.747202 -105.988460
v 1150.800000 -40.721555 -100.028771
v 1150.800000 -59.179000 -90.342936
v 1150.800000 -75.431983 -77.291759
v 86.400000 42.500000 -99.286202
v 78.161858 41.693921 -99.627391
v 70.062453 39.234354 -100.621396
v 62.649320 35.244222 -102.087437
v 56.358547 30.062620 -103.731571
v 51.170586 23.772640 -105.351135
v 47.171630 16.351912 -106.754930
v 44.706986 8.242729 -107.684992
v 43.900000 -0.000000 -108.000000
v 44.706986 -8.242729 -107.684992
v 47.171630 -16.351912 -106.754930
v 51.170586 -23.772640 -105.351135
v 56.358547 -30.062620 -103.731571
v 62.649320 -35.244222 -102.087437
v 70.062453 -39.234354 -100.621396
v 78.161858 -41.693921 -99.627391
v 86.400000 -42.500000 -99.286202
v 94.638142 -41.693921 -99.627391
v 102.737547 -39.234354 -100.621396
v 110.150680 -35.244222 -102.087437
v 116.441453 -30.062620 -103.731571
v 121.629414 -23.772640 -105.351135
v 125.628370 -16.351912 -106.754930
v 128.093014 -8.242729 -107.684992
v 128.900000 0.000000 -108.000000
v 128.093014 8.242729 -107.684992
v 125.628370 16.351912 -106.754930
v 121.629414 23.772640 -105.351135
v 116.441453 30.062620 -103.731571
v 110.150680 35.244222 -102.087437
v 102.737547 39.234354 -100.621396
v 94.638142 41.693921 -99.627391
v 86.400000 42.500000 99.286202
v 94.638142 41.693921 99.627391
v 102.737547 39.234354 100.621396
v 110.150680 35.244222 102.087437
v 116.441453 30.062620 103.731571
v 121.629414 23.772640 105.351135
v 125.628370 16.351912 106.754930
v 128.093014 8.242729 107.684992
v 128.900000 0.000000 108.000000
v 128.093014 -8.242729 107.684992
v 125.628370 -16.351912 106.754930
v 121.629414 -23.772640 105.351135
v 116.441453 -30.062620 103.731571
v 110.150680 -35.244222 102.087437
v 102.737547 -39.234354 100.621396
v 94.638142 -41.693921 99.627391
v 86.400000 -42.500000 99.286202
v 78.161858 -41.693921 99.627391
v 70.062453 -39.234354 100.621396
v 62.649320 -35.244222 102.087437
v 56.358547 -30.062620 103.731571
v 51.170586 -23.772640 105.351135
v 47.171630 -16.351912 106.754930
v 44.706986 -8.242729 107.684992
v 43.900000 0.000000 108.000000
v 44.706986 8.242729 107.684992
v 47.171630 16.351912 106.754930
v 51.170586 23.772640 105.351135
v 56.358547 30.062620 103.731571
v 62.649320 35.244222 102.087437
v 70.062453 39.234354 100.621396
v 78.161858 41.693921 99.627391
v 383.600000 -0.000000 -108.000000
v 767.200000 -0.000000 -108.000000
v 383.600000 -43.875297 98.686161
v 767.200000 -43.823025 98.709384
v 767.200000 -43.313597 98.933980
v 383.600000 -42.855527 99.133263
v 383.600000 -63.480807 87.373835
v 767.200000 -63.480807 87.373835
v 383.600000 -80.259641 72.266105
v 767.200000 -80.259641 72.266105
v 383.600000 -93.530744 54.000000
v 767.200000 -93.530744 54.000000
v 383.600000 -102.714104 33.373835
v 767.200000 -102.714104 33.373835
v 383.600000 -107.408365 11.289074
v 767.200000 -107.408365 11.289074
v 383.600000 -107.408365 -11.289074
v 767.200000 -107.408365 -11.289074
v 383.600000 -102.714104 -33.373835
v 767.200000 -102.714104 -33.373835
v 383.600000 -93.530744 -54.000000
v 767.200000 -93.530744 -54.000000
v 383.600000 -80.259641 -72.266105
v 767.200000 -80.259641 -72.266105
v 383.600000 -63.480807 -87.373835
v 767.200000 -63.480807 -87.373835
v 383.600000 -43.927557 -98.662909
v 767.200000 -43.927557 -98.662909
v 383.600000 -22.454463 -105.639941
v 767.200000 -22.454463 -105.639941
v 383.600000 63.480807 -87.373835
v 767.200000 63.480807 -87.373835
v 767.200000 43.927557 -98.662909
v 383.600000 43.927557 -98.662909
v 383.600000 80.259641 -72.266105
v 767.200000 80.259641 -72.266105
v 383.600000 93.530744 -54.000000
v 767.200000 93.530744 -54.000000
v 383.600000 102.714104 -33.373835
v 767.200000 102.714104 -33.373835
v 383.600000 107.408365 -11.289074
v 767.200000 107.408365 -11.289074
v 383.600000 107.408365 11.289074
v 767.200000 107.408365 11.289074
v 383.600000 102.714104 33.373835
v 767.200000 102.714104 33.373835
v 383.600000 93.530744 54.000000
v 767.200000 93.530744 54.000000
v 383.600000 80.259641 72.266105
v 767.200000 80.259641 72.266105
v 383.600000 63.480807 87.373835
v 767.200000 63.480807 87.373835
v 383.600000 43.875297 98.686161
v 767.200000 43.823025 98.709384
v 383.600000 22.433143 105.644470
v 767.200000 22.401838 105.651113
v 767.200000 -22.401838 105.651113
v 383.600000 -22.433143 105.644470
v 767.200000 0.000000 108.000000
v 383.600000 0.000000 108.000000
v 767.200000 22.454463 -105.639941
v 383.600000 22.454463 -105.639941
v 1287.719000 0.000000 84.535041
v 1286.865481 8.474787 84.442014
v 1284.341401 16.603921 84.205355
v 1280.254554 24.057431 83.943933
v 1274.772682 30.542245 83.829357
v 1268.113017 35.806623 84.055196
v 1260.580707 39.627365 84.791798
v 1252.495157 41.872637 86.130373
v 1244.246878 42.489366 88.060154
v 1236.135634 41.518011 90.472997
v 1228.441888 39.048441 93.202080
v 1221.384949 35.187897 96.047550
v 1215.165107 30.050375 98.805376
v 1209.978566 23.756302 101.270232
v 1206.044353 16.480618 103.231945
v 1203.566820 8.446936 104.506567
v 1202.719000 0.000000 104.949449
v 1203.567619 -8.450594 104.506289
v 1206.044397 -16.480647 103.231954
v 1209.983606 -23.763986 101.267523
v 1215.165611 -30.050865 98.805077
v 1221.387601 -35.189686 96.046499
v 1228.446471 -39.050379 93.199768
v 1236.144498 -41.520004 90.470285
v 1244.243754 -42.489287 88.061134
v 1252.512273 -41.869723 86.127096
v 1260.570601 -39.631376 84.793304
v 1268.118852 -35.802912 84.055146
v 1274.767291 -30.547542 83.829617
v 1280.256089 -24.055217 83.943591
v 1284.340937 -16.604950 84.205730
v 1286.865369 -8.475299 84.442037
v 1203.816557 -9.596233 -104.376930
v 1202.735492 -1.184028 -104.940795
v 1203.348625 7.288521 -104.620307
v 1205.606501 15.398340 -103.455133
v 1209.354340 22.803303 -101.575995
v 1214.373416 29.237131 -99.172170
v 1220.463576 34.545887 -96.441983
v 1227.417611 38.592219 -93.594804
v 1235.037295 41.262495 -90.837759
v 1243.095150 42.447230 -88.372231
v 1251.361775 42.054091 -86.363119
v 1259.463648 40.042418 -84.943260
v 1267.112225 36.427221 -84.124390
v 1273.900413 31.362921 -83.836425
v 1279.569121 25.026380 -83.914159
v 1283.859941 17.695418 -84.167163
v 1286.611057 9.640955 -84.415630
v 1287.702258 1.193522 -84.532954
v 1287.086939 -7.302549 -84.465478
v 1284.791610 -15.500366 -84.243387
v 1280.913508 -23.068422 -83.976019
v 1275.616669 -29.702338 -83.829024
v 1269.102899 -35.154109 -83.996350
v 1261.673926 -39.185667 -84.653832
v 1253.636466 -41.658315 -85.907770
v 1245.396312 -42.500083 -87.758466
v 1237.244118 -41.745150 -90.114425
v 1229.480285 -39.478441 -92.810292
v 1222.323088 -35.805412 -95.651229
v 1215.974911 -30.838980 -98.433850
v 1210.630468 -24.695843 -100.952622
v 1206.511016 -17.548713 -102.995165
v 1176.944777 0.000000 107.234650
v 1306.166622 0.000000 76.464055
v 1322.654128 0.000000 67.428394
v 1336.973510 0.000000 57.542051
v 1348.944114 0.000000 46.929754
v 1358.414918 0.000000 35.725387
v 1365.266437 0.000000 24.070307
v 1369.412232 0.000000 12.111553
v 1370.800000 0.000000 0.000000
v 1234.990355 44.131119 -89.489056
v 1234.990355 -47.035490 87.997213
v 1172.363771 59.712661 89.366313
v 1172.363771 83.083125 68.184559
v 1172.363771 107.350486 -5.273791
v 1172.363771 86.328706 -64.025732
v 1172.363771 47.537167 -96.395838
v 1172.363771 -37.859818 -100.591123
v 1172.363771 -107.249828 -7.029525
v 1172.363771 -65.429648 85.269578
v 1172.363771 -50.665698 94.788854
v 1369.740640 -10.309317 -2.403796
v 1366.572762 -20.519349 -4.784441
v 1361.326874 -30.531769 -7.119010
v 1354.053497 -40.250151 -9.385019
v 1344.822678 -49.580902 -11.560645
v 1333.723315 -58.434163 -13.624936
v 1320.862300 -66.724670 -15.558011
v 1306.363492 -74.372582 -17.341254
v 1290.366523 -81.304245 -18.957491
v 1273.025451 -87.452904 -20.391157
v 1254.507282 -92.759344 -21.628446
v 1234.990355 -97.172461 -22.657440
v 1214.662629 -100.649754 -23.468231
v 1193.719871 -103.157734 -24.053010
v 1172.363771 -104.672250 -24.406146
v 1172.363771 -99.298526 -41.130796
v 1193.719871 -97.861764 -40.535670
v 1214.662629 -95.482540 -39.550163
v 1234.990355 -92.183766 -38.183766
v 1254.507282 -87.997213 -36.449639
v 1273.025451 -82.963198 -34.364482
v 1290.366523 -77.130202 -31.948376
v 1306.363492 -70.554400 -29.224589
v 1320.862300 -63.299121 -26.219354
v 1333.723315 -55.434236 -22.961613
v 1344.822678 -47.035490 -19.482738
v 1354.053497 -38.183766 -15.816234
v 1361.326874 -28.964312 -11.997411
v 1366.572762 -19.465915 -8.063046
v 1369.740640 -9.780051 -4.051030
v 1172.363771 -91.272208 -56.756706
v 1193.719871 -89.951580 -55.935487
v 1214.662629 -87.764669 -54.575578
v 1234.990355 -84.732536 -52.690077
v 1254.507282 -80.884382 -50.297141
v 1273.025451 -76.257267 -47.419816
v 1290.366523 -70.895754 -44.085813
v 1306.363492 -64.851475 -40.327239
v 1320.862300 -58.182641 -36.180291
v 1333.723315 -50.953477 -31.684908
v 1344.822678 -43.233603 -26.884382
v 1354.053497 -35.097365 -21.824944
v 1361.326874 -26.623121 -16.555321
v 1366.572762 -17.892482 -11.126260
v 1369.740640 -8.989528 -5.590048
v 1172.363771 -80.807705 -70.866456
v 1193.719871 -79.638489 -69.841080
v 1214.662629 -77.702310 -68.143097
v 1234.990355 -75.017816 -65.788859
v 1254.507282 -71.610859 -62.801038
v 1273.025451 -67.514251 -59.208409
v 1290.366523 -62.767443 -55.045570
v 1306.363492 -57.416151 -50.352613
v 1320.862300 -51.511909 -45.174732
v 1333.723315 -45.111580 -39.561794
v 1344.822678 -38.276802 -33.567854
v 1354.053497 -31.073397 -27.250638
v 1361.326874 -23.570738 -20.670983
v 1366.572762 -15.841080 -13.892255
v 1369.740640 -7.958864 -6.979737
v 1172.363771 -68.184559 -83.083125
v 1193.719871 -67.197988 -81.880986
v 1214.662629 -65.564264 -79.890287
v 1234.990355 -63.299121 -77.130202
v 1254.507282 -60.424372 -73.627310
v 1273.025451 -56.967704 -69.415348
v 1290.366523 -52.962405 -64.534877
v 1306.363492 -48.447050 -59.032901
v 1320.862300 -43.465123 -52.962405
v 1333.723315 -38.064603 -46.381853
v 1344.822678 -32.297500 -39.354617
v 1354.053497 -26.219354 -31.948376
v 1361.326874 -19.888702 -24.234454
v 1366.572762 -13.366511 -16.287141
v 1369.740640 -6.715593 -8.182974
v 1172.363771 -53.739975 -93.080368
v 1193.719871 -52.962405 -91.733577
v 1214.662629 -51.674778 -89.503341
v 1234.990355 -49.889495 -86.411140
v 1254.507282 -47.623748 -82.486752
v 1273.025451 -44.899359 -77.767971
v 1290.366523 -41.742564 -72.300243
v 1306.363492 -38.183766 -66.136223
v 1320.862300 -34.257237 -59.335276
v 1333.723315 -30.000793 -51.962897
v 1344.822678 -25.455424 -44.090087
v 1354.053497 -20.664905 -35.792666
v 1361.326874 -15.675373 -27.150542
v 1366.572762 -10.534877 -18.246943
v 1369.740640 -5.292926 -9.167616
v 1193.719871 -37.312019 -99.135658
v 1214.662629 -36.404886 -96.725462
v 1290.366523 -29.407641 -78.134227
v 1306.363492 -26.900467 -71.472826
v 1320.862300 -24.134227 -64.123103
v 1333.723315 -21.135561 -56.155839
v 1344.822678 -17.933348 -47.647764
v 1354.053497 -14.558428 -38.680815
v 1361.326874 -11.043301 -29.341348
v 1366.572762 -7.421822 -19.719308
v 1369.740640 -3.728867 -9.907361
v 1172.363771 -3.516645 -107.422404
v 1193.719871 -3.465763 -105.868097
v 1193.719871 -20.664905 -103.889495
v 1172.363771 -20.968298 -105.414753
v 1172.363771 14.028949 -106.560445
v 1193.719871 13.825962 -105.018609
v 1172.363771 31.199783 -102.851900
v 1193.719871 30.748349 -101.363724
v 1214.662629 30.000793 -98.899359
v 1172.363771 47.437472 -96.444938
v 1193.719871 46.652792 -95.097752
v 1214.662629 45.422605 -92.832741
v 1234.990355 43.760632 -89.670808
v 1172.363771 62.604674 -87.364721
v 1193.719871 61.698840 -86.100631
v 1214.662629 60.198812 -84.007344
v 1234.990355 58.119036 -81.105021
v 1254.507282 55.479542 -77.421612
v 1273.025451 52.305751 -72.992590
v 1290.366523 48.628226 -67.860610
v 1306.363492 44.482384 -62.075095
v 1320.862300 39.908153 -55.691764
v 1333.723315 34.949585 -48.772090
v 1344.822678 29.654433 -41.382714
v 1354.053497 24.073693 -33.594800
v 1361.326874 18.261110 -25.483349
v 1366.572762 12.272662 -17.126480
v 1369.740640 6.166022 -8.604674
v 1369.740640 4.682002 -9.494161
v 1366.572762 9.318914 -18.896889
v 1361.326874 13.866080 -28.117629
v 1354.053497 18.279708 -37.067581
v 1344.822678 22.517292 -45.660551
v 1333.723315 26.538023 -53.813786
v 1320.862300 30.303177 -61.448765
v 1306.363492 33.776496 -68.491958
v 1290.366523 36.924528 -74.875536
v 1273.025451 39.716957 -80.538023
v 1254.507282 42.126890 -85.424883
v 1214.662629 45.710340 -92.691400
v 1193.719871 46.849346 -95.001075
v 1172.363771 75.999802 -75.999802
v 1193.719871 74.900152 -74.900152
v 1214.662629 73.079172 -73.079172
v 1234.990355 70.554400 -70.554400
v 1254.507282 67.350151 -67.350151
v 1273.025451 63.497283 -63.497283
v 1290.366523 59.032901 -59.032901
v 1306.363492 54.000000 -54.000000
v 1320.862300 48.447050 -48.447050
v 1333.723315 42.427528 -42.427528
v 1344.822678 35.999406 -35.999406
v 1354.053497 29.224589 -29.224589
v 1361.326874 22.168324 -22.168324
v 1366.572762 14.898566 -14.898566
v 1369.740640 7.485327 -7.485327
v 1369.740640 8.502635 -6.305984
v 1366.572762 16.923386 -12.551238
v 1361.326874 25.181155 -18.675617
v 1354.053497 33.196415 -24.620139
v 1344.822678 40.891976 -30.327556
v 1333.723315 48.193725 -35.742903
v 1320.862300 55.031342 -40.814025
v 1306.363492 61.338977 -45.492086
v 1290.366523 67.055884 -49.732033
v 1273.025451 72.127007 -53.493034
v 1254.507282 76.503507 -56.738867
v 1234.990355 80.143236 -59.438275
v 1214.662629 83.011142 -61.565259
v 1193.719871 85.079605 -63.099336
v 1172.363771 94.788854 -50.665698
v 1193.719871 93.417343 -49.932610
v 1214.662629 91.146171 -48.718644
v 1234.990355 87.997213 -47.035490
v 1254.507282 84.000793 -44.899359
v 1273.025451 79.195399 -42.330823
v 1290.366523 73.627310 -39.354617
v 1306.363492 67.350151 -35.999406
v 1320.862300 60.424372 -32.297500
v 1333.723315 52.916674 -28.284551
v 1344.822678 44.899359 -23.999207
v 1354.053497 36.449639 -19.482738
v 1361.326874 27.648889 -14.778639
v 1366.572762 18.581865 -9.932214
v 1369.740640 9.335887 -4.990136
v 1172.363771 101.197110 -36.208905
v 1193.719871 99.732876 -35.684994
v 1214.662629 97.308161 -34.817417
v 1234.990355 93.946315 -33.614529
v 1254.507282 89.679715 -32.087915
v 1273.025451 84.549450 -30.252277
v 1290.366523 78.604928 -28.125293
v 1306.363492 71.903397 -25.727447
v 1320.862300 64.509397 -23.081831
v 1333.723315 56.494136 -20.213925
v 1344.822678 47.934806 -17.151348
v 1354.053497 38.913838 -13.923594
v 1361.326874 29.518108 -10.561748
v 1366.572762 19.838103 -7.098187
v 1369.740640 9.967045 -3.566266
v 1172.363771 105.414753 -20.968298
v 1193.719871 103.889495 -20.664905
v 1214.662629 101.363724 -20.162498
v 1234.990355 97.861764 -19.465915
v 1254.507282 93.417343 -18.581865
v 1273.025451 88.073261 -17.518861
v 1290.366523 81.880986 -16.287141
v 1306.363492 74.900152 -14.898566
v 1320.862300 67.197988 -13.366511
v 1333.723315 58.848672 -11.705729
v 1344.822678 49.932610 -9.932214
v 1354.053497 40.535670 -8.063046
v 1361.326874 30.748349 -6.116227
v 1366.572762 20.664905 -4.110505
v 1369.740640 10.382447 -2.065197
v 1193.719871 105.797219 -5.197484
v 1214.662629 103.225067 -5.071122
v 1234.990355 99.658801 -4.895923
v 1254.507282 95.132767 -4.673573
v 1273.025451 89.690552 -4.406214
v 1290.366523 83.384567 -4.096421
v 1306.363492 76.275544 -3.747177
v 1320.862300 68.431946 -3.361846
v 1333.723315 59.929311 -2.944138
v 1344.822678 50.849523 -2.498077
v 1354.053497 41.280027 -2.027958
v 1361.326874 31.312982 -1.538308
v 1366.572762 21.044375 -1.033844
v 1369.740640 10.573100 -0.519423
v 1172.363771 104.258911 26.115498
v 1193.719871 102.750376 25.737629
v 1214.662629 100.252300 25.111894
v 1234.990355 96.788738 24.244317
v 1254.507282 92.393048 23.143254
v 1273.025451 87.107563 21.819309
v 1290.366523 80.983184 20.285232
v 1306.363492 74.078893 18.555797
v 1320.862300 66.461182 16.647659
v 1333.723315 58.203413 14.579196
v 1344.822678 49.385113 12.370327
v 1354.053497 40.091208 10.042325
v 1361.326874 30.411203 7.617610
v 1366.572762 20.438321 5.119533
v 1369.740640 10.268606 2.572152
v 1369.740640 10.534877 1.037595
v 1366.572762 20.968298 2.065197
v 1361.326874 31.199783 3.072910
v 1354.053497 41.130796 4.051030
v 1344.822678 50.665698 4.990136
v 1333.723315 59.712661 5.881184
v 1320.862300 68.184559 6.715593
v 1306.363492 75.999802 7.485327
v 1290.366523 83.083125 8.182974
v 1273.025451 89.366313 8.801814
v 1254.507282 94.788854 9.335887
v 1234.990355 99.298526 9.780051
v 1214.662629 102.851900 10.130028
v 1193.719871 105.414753 10.382447
v 1172.363771 106.962405 10.534877
v 1172.363771 99.298526 41.130796
v 1193.719871 97.861764 40.535670
v 1214.662629 95.482540 39.550163
v 1234.990355 92.183766 38.183766
v 1254.507282 87.997213 36.449639
v 1273.025451 82.963198 34.364482
v 1290.366523 77.130202 31.948376
v 1306.363492 70.554400 29.224589
v 1320.862300 63.299121 26.219354
v 1333.723315 55.434236 22.961613
v 1344.822678 47.035490 19.482738
v 1354.053497 38.183766 15.816234
v 1361.326874 28.964312 11.997411
v 1366.572762 19.465915 8.063046
v 1369.740640 9.780051 4.051030
v 1172.363771 92.188629 55.255737
v 1193.719871 90.854740 54.456236
v 1214.662629 88.645871 53.132290
v 1234.990355 85.583294 51.296652
v 1254.507282 81.696503 48.966999
v 1273.025451 77.022930 46.165767
v 1290.366523 71.607584 42.919934
v 1306.363492 65.502617 39.260758
v 1320.862300 58.766825 35.223479
v 1333.723315 51.465076 30.846980
v 1344.822678 43.667691 26.173406
v 1354.053497 35.449761 21.247769
v 1361.326874 26.890431 16.117504
v 1366.572762 18.072131 10.832019
v 1369.740640 9.079787 5.442215
v 1172.363771 72.179123 79.637390
v 1193.719871 71.134755 78.485107
v 1214.662629 69.405320 76.576970
v 1234.990355 67.007474 73.931355
v 1254.507282 63.964309 70.573740
v 1273.025451 60.305133 66.536461
v 1290.366523 56.065186 61.858400
v 1306.363492 51.285300 56.584609
v 1320.862300 46.011509 50.765877
v 1333.723315 40.294602 44.458242
v 1344.822678 34.189636 37.722450
v 1354.053497 27.755404 30.623370
v 1361.326874 21.053874 23.229370
v 1366.572762 14.149582 15.611659
v 1369.740640 7.109023 7.843598
v 1369.740640 8.182974 6.715593
v 1366.572762 16.287141 13.366511
v 1361.326874 24.234454 19.888702
v 1354.053497 31.948376 26.219354
v 1344.822678 39.354617 32.297500
v 1333.723315 46.381853 38.064603
v 1320.862300 52.962405 43.465123
v 1306.363492 59.032901 48.447050
v 1290.366523 64.534877 52.962405
v 1273.025451 69.415348 56.967704
v 1254.507282 73.627310 60.424372
v 1234.990355 77.130202 63.299121
v 1214.662629 79.890287 65.564264
v 1193.719871 81.880986 67.197988
v 1193.719871 58.848672 88.073261
v 1214.662629 57.417937 85.932015
v 1234.990355 55.434236 82.963198
v 1254.507282 52.916674 79.195399
v 1273.025451 49.889495 74.664905
v 1290.366523 46.381853 69.415348
v 1306.363492 42.427528 63.497283
v 1320.862300 38.064603 56.967704
v 1333.723315 33.335095 49.889495
v 1344.822678 28.284551 42.330823
v 1354.053497 22.961613 34.364482
v 1361.326874 17.417541 26.067192
v 1366.572762 11.705729 17.518861
v 1369.740640 5.881184 8.801814
v 1172.363771 31.224390 102.844432
v 1193.719871 30.796851 101.348998
v 1214.662629 30.071773 98.877799
v 1234.990355 42.661015 90.199138
v 1214.662629 44.187629 93.426892
v 1193.719871 45.288692 95.754894
v 1172.363771 45.953600 97.160724
v 1172.363771 15.770584 106.316642
v 1193.719871 15.542398 104.778334
v 1273.025451 38.393899 81.177080
v 1290.366523 35.694492 75.469663
v 1306.363492 32.651327 69.035432
v 1320.862300 29.293713 61.936352
v 1333.723315 25.653983 54.240791
v 1344.822678 21.767192 46.022861
v 1354.053497 17.670771 37.361706
v 1361.326874 13.404171 28.340738
v 1366.572762 9.008481 19.046833
v 1369.740640 4.526035 9.569496
v 1290.366523 24.234454 79.890287
v 1306.363492 22.168324 73.079172
v 1320.862300 19.888702 65.564264
v 1333.723315 17.417541 57.417937
v 1344.822678 14.778639 48.718644
v 1354.053497 11.997411 39.550163
v 1361.326874 9.100641 30.000793
v 1366.572762 6.116227 20.162498
v 1369.740640 3.072910 10.130028
v 1290.366523 12.249813 82.581529
v 1306.363492 11.205444 75.540969
v 1320.862300 10.053161 67.772909
v 1333.723315 8.804061 59.352159
v 1344.822678 7.470173 50.359815
v 1354.053497 6.064343 40.882478
v 1361.326874 4.600110 31.011421
v 1366.572762 3.091575 20.841706
v 1369.740640 1.553267 10.471275
v 1290.366523 -13.599350 82.370046
v 1306.363492 -12.439925 75.347517
v 1320.862300 -11.160698 67.599350
v 1333.723315 -9.773987 59.200164
v 1344.822678 -8.293147 50.230848
v 1354.053497 -6.732439 40.777782
v 1361.326874 -5.106894 30.932004
v 1366.572762 -3.432168 20.788333
v 1369.740640 -1.724387 10.444459
v 1290.366523 -26.835415 79.054584
v 1306.363492 -24.547539 72.314717
v 1320.862300 -22.023256 64.878420
v 1333.723315 -19.286877 56.817309
v 1344.822678 -16.364756 48.209015
v 1354.053497 -13.285032 39.136443
v 1361.326874 -10.077367 29.686965
v 1366.572762 -6.772651 19.951586
v 1369.740640 -3.402710 10.024061
v 1193.719871 -49.932610 93.417343
v 1214.662629 -48.718644 91.146171
v 1254.507282 -44.899359 84.000793
v 1273.025451 -42.330823 79.195399
v 1290.366523 -39.354617 73.627310
v 1306.363492 -35.999406 67.350151
v 1320.862300 -32.297500 60.424372
v 1333.723315 -28.284551 52.916674
v 1344.822678 -23.999207 44.899359
v 1354.053497 -19.482738 36.449639
v 1361.326874 -14.778639 27.648889
v 1366.572762 -9.932214 18.581865
v 1369.740640 -4.990136 9.335887
v 1234.990355 -44.253551 89.428575
v 1214.662629 -46.561862 92.266591
v 1193.719871 -48.461920 94.188681
v 1172.363771 -49.921091 95.183110
v 1214.662629 -33.220626 97.864809
v 1193.719871 -34.048414 100.303394
v 1172.363771 -34.548298 101.776003
v 1193.719871 -17.254672 104.510008
v 1172.363771 -17.507997 106.044376
v 1193.719871 -64.482939 84.035802
v 1214.662629 -62.915224 81.992716
v 1234.990355 -60.741600 79.159995
v 1254.507282 -57.983002 75.564920
v 1273.025451 -54.665996 71.242113
v 1290.366523 -50.822526 66.233206
v 1306.363492 -46.489608 60.586437
v 1320.862300 -41.708970 54.356187
v 1333.723315 -36.526651 47.602458
v 1344.822678 -30.992560 40.390291
v 1354.053497 -25.159995 32.789143
v 1361.326874 -19.085124 24.872218
v 1366.572762 -12.826454 16.715760
v 1369.740640 -6.444258 8.398320
v 1172.363771 -89.366313 59.712661
v 1193.719871 -88.073261 58.848672
v 1214.662629 -85.932015 57.417937
v 1234.990355 -82.963198 55.434236
v 1254.507282 -79.195399 52.916674
v 1273.025451 -74.664905 49.889495
v 1290.366523 -69.415348 46.381853
v 1306.363492 -63.497283 42.427528
v 1320.862300 -56.967704 38.064603
v 1333.723315 -49.889495 33.335095
v 1344.822678 -42.330823 28.284551
v 1354.053497 -34.364482 22.961613
v 1361.326874 -26.067192 17.417541
v 1366.572762 -17.518861 11.705729
v 1369.740640 -8.801814 5.881184
v 1369.740640 -7.726232 7.236406
v 1366.572762 -15.378057 14.403122
v 1361.326874 -22.881783 21.431128
v 1354.053497 -30.165144 28.252740
v 1344.822678 -37.157999 34.802263
v 1333.723315 -43.793001 41.016622
v 1320.862300 -50.006254 46.835967
v 1306.363492 -55.737918 52.204257
v 1290.366523 -60.932796 57.069791
v 1273.025451 -65.540858 61.385712
v 1254.507282 -69.517726 65.110455
v 1234.990355 -72.825100 68.208149
v 1214.662629 -75.431128 70.648961
v 1193.719871 -77.310713 72.409385
v 1172.363771 -78.445754 73.472467
v 1172.363771 -97.899599 44.357731
v 1193.719871 -96.483078 43.715914
v 1214.662629 -94.137372 42.653088
v 1234.990355 -90.885072 41.179490
v 1254.507282 -86.757499 39.309311
v 1273.025451 -81.794404 37.060562
v 1290.366523 -76.043584 34.454900
v 1306.363492 -69.560423 31.517417
v 1320.862300 -62.407356 28.276405
v 1333.723315 -54.653273 24.763076
v 1344.822678 -46.372849 21.011265
v 1354.053497 -37.645829 17.057103
v 1361.326874 -28.556260 12.938673
v 1366.572762 -19.191677 8.695636
v 1369.740640 -9.642269 4.368855
v 1172.363771 -103.817660 27.817858
v 1193.719871 -102.315510 27.415358
v 1214.662629 -99.828006 26.748833
v 1234.990355 -96.379103 25.824703
v 1254.507282 -92.002017 24.651866
v 1273.025451 -86.738901 23.241618
v 1290.366523 -80.640442 21.607541
v 1306.363492 -73.765372 19.765372
v 1320.862300 -66.179901 17.732851
v 1333.723315 -57.957081 15.529553
v 1344.822678 -49.176103 13.176697
v 1354.053497 -39.921532 10.696942
v 1361.326874 -30.282494 8.114170
v 1366.572762 -20.351820 5.453254
v 1369.740640 -10.225147 2.739820
v 1172.363771 -106.962405 10.534877
v 1193.719871 -105.414753 10.382447
v 1214.662629 -102.851900 10.130028
v 1234.990355 -99.298526 9.780051
v 1254.507282 -94.788854 9.335887
v 1273.025451 -89.366313 8.801814
v 1290.366523 -83.083125 8.182974
v 1306.363492 -75.999802 7.485327
v 1320.862300 -68.184559 6.715593
v 1333.723315 -59.712661 5.881184
v 1344.822678 -50.665698 4.990136
v 1354.053497 -41.130796 4.051030
v 1361.326874 -31.199783 3.072910
v 1366.572762 -20.968298 2.065197
v 1369.740640 -10.534877 1.037595
v 1369.740640 -10.563186 -0.692348
v 1366.572762 -21.024643 -1.378028
v 1361.326874 -31.283621 -2.050437
v 1354.053497 -41.241320 -2.703099
v 1344.822678 -50.801844 -3.329729
v 1333.723315 -59.873117 -3.924291
v 1320.862300 -68.367780 -4.481061
v 1306.363492 -76.204024 -4.994676
v 1290.366523 -83.306381 -5.460189
v 1273.025451 -89.606452 -5.873117
v 1254.507282 -95.043564 -6.229484
v 1234.990355 -99.565355 -6.525858
v 1214.662629 -103.128277 -6.759384
v 1193.719871 -105.698017 -6.927814
v 1290.366523 -16.287141 -81.880986
v 1306.363492 -14.898566 -74.900152
v 1320.862300 -13.366511 -67.197988
v 1333.723315 -11.705729 -58.848672
v 1344.822678 -9.932214 -49.932610
v 1354.053497 -8.063046 -40.535670
v 1361.326874 -6.116227 -30.748349
v 1366.572762 -4.110505 -20.664905
v 1369.740640 -2.065197 -10.382447
v 1290.366523 -2.731557 -83.440430
v 1306.363492 -2.498676 -76.326644
v 1320.862300 -2.241731 -68.477791
v 1333.723315 -1.963197 -59.969460
v 1344.822678 -1.665756 -50.883589
v 1354.053497 -1.352273 -41.307682
v 1361.326874 -1.025768 -31.333960
v 1366.572762 -0.689383 -21.058474
v 1369.740640 -0.346359 -10.580183
v 1290.366523 10.896996 -82.770902
v 1306.363492 9.967963 -75.714198
v 1320.862300 8.942933 -67.928324
v 1333.723315 7.831778 -59.488263
v 1344.822678 6.645199 -50.475298
v 1354.053497 5.394623 -40.976228
v 1361.326874 4.092093 -31.082535
v 1366.572762 2.750155 -20.889500
v 1369.740640 1.381731 -10.495288
v 1290.366523 24.234454 -79.890287
v 1306.363492 22.168324 -73.079172
v 1320.862300 19.888702 -65.564264
v 1333.723315 17.417541 -57.417937
v 1344.822678 14.778639 -48.718644
v 1354.053497 11.997411 -39.550163
v 1361.326874 9.100641 -30.000793
v 1366.572762 6.116227 -20.162498
v 1369.740640 3.072910 -10.130028
v -140.000000 0.000000 0.000000
v -139.325862 0.000000 10.585851
v -137.309939 0.000000 21.069755
v -133.971647 0.000000 31.350745
v -129.343135 0.000000 41.329811
v -123.468977 0.000000 50.910848
v -116.405746 0.000000 60.001585
v -108.221463 0.000000 68.514475
v -98.994949 0.000000 76.367532
v -77.779833 0.000000 89.798718
v -53.575681 0.000000 99.778990
v -27.312645 0.000000 105.924810
v -13.722400 59.712661 89.366313
v -13.722400 83.083125 68.184559
v -13.722400 107.350486 -5.273791
v -13.722400 94.788854 -50.665698
v -13.722400 47.537167 -96.395838
v -13.722400 -3.516645 -107.422404
v -13.722400 -91.272208 -56.756706
v -13.722400 -107.249828 -7.029525
v -13.722400 -65.429648 85.269578
v -13.722400 15.770584 106.316642
v -27.312645 15.542398 104.778334
v -40.639855 15.164529 102.230953
v -53.575681 14.640618 98.699033
v -65.995543 13.975710 94.216586
v -77.779833 13.176209 88.826783
v -88.815060 12.249813 82.581529
v -98.994949 11.205444 75.540969
v -108.221463 10.053161 67.772909
v -116.405746 8.804061 59.352159
v -123.468977 7.470173 50.359815
v -129.343135 6.064343 40.882478
v -133.971647 4.600110 31.011421
v -137.309939 3.091575 20.841706
v -139.325862 1.553267 10.471275
v -13.722400 31.199783 102.851900
v -27.312645 30.748349 101.363724
v -40.639855 30.000793 98.899359
v -53.575681 28.964312 95.482540
v -65.995543 27.648889 91.146171
v -77.779833 26.067192 85.932015
v -88.815060 24.234454 79.890287
v -98.994949 22.168324 73.079172
v -108.221463 19.888702 65.564264
v -116.405746 17.417541 57.417937
v -123.468977 14.778639 48.718644
v -129.343135 11.997411 39.550163
v -133.971647 9.100641 30.000793
v -137.309939 6.116227 20.162498
v -139.325862 3.072910 10.130028
v -13.722400 45.953600 97.160724
v -27.312645 45.288692 95.754894
v -40.639855 44.187629 93.426892
v -53.575681 42.661015 90.199138
v -65.995543 40.723552 86.102717
v -77.779833 38.393899 81.177080
v -88.815060 35.694492 75.469663
v -98.994949 32.651327 69.035432
v -108.221463 29.293713 61.936352
v -116.405746 25.653983 54.240791
v -123.468977 21.767192 46.022861
v -129.343135 17.670771 37.361706
v -133.971647 13.404171 28.340738
v -137.309939 9.008481 19.046833
v -139.325862 4.526035 9.569496
v -13.722400 72.179123 79.637390
v -27.312645 71.134755 78.485107
v -40.639855 69.405320 76.576970
v -53.575681 67.007474 73.931355
v -65.995543 63.964309 70.573740
v -77.779833 60.305133 66.536461
v -88.815060 56.065186 61.858400
v -98.994949 51.285300 56.584609
v -108.221463 46.011509 50.765877
v -116.405746 40.294602 44.458242
v -123.468977 34.189636 37.722450
v -129.343135 27.755404 30.623370
v -133.971647 21.053874 23.229370
v -137.309939 14.149582 15.611659
v -139.325862 7.109023 7.843598
v -139.325862 5.881184 8.801814
v -137.309939 11.705729 17.518861
v -133.971647 17.417541 26.067192
v -129.343135 22.961613 34.364482
v -123.468977 28.284551 42.330823
v -116.405746 33.335095 49.889495
v -108.221463 38.064603 56.967704
v -98.994949 42.427528 63.497283
v -88.815060 46.381853 69.415348
v -77.779833 49.889495 74.664905
v -65.995543 52.916674 79.195399
v -53.575681 55.434236 82.963198
v -40.639855 57.417937 85.932015
v -27.312645 58.848672 88.073261
v -27.312645 81.880986 67.197988
v -40.639855 79.890287 65.564264
v -53.575681 77.130202 63.299121
v -65.995543 73.627310 60.424372
v -77.779833 69.415348 56.967704
v -88.815060 64.534877 52.962405
v -98.994949 59.032901 48.447050
v -108.221463 52.962405 43.465123
v -116.405746 46.381853 38.064603
v -123.468977 39.354617 32.297500
v -129.343135 31.948376 26.219354
v -133.971647 24.234454 19.888702
v -137.309939 16.287141 13.366511
v -139.325862 8.182974 6.715593
v -13.722400 99.298526 41.130796
v -27.312645 97.861764 40.535670
v -40.639855 95.482540 39.550163
v -53.575681 92.183766 38.183766
v -65.995543 87.997213 36.449639
v -77.779833 82.963198 34.364482
v -88.815060 77.130202 31.948376
v -98.994949 70.554400 29.224589
v -108.221463 63.299121 26.219354
v -116.405746 55.434236 22.961613
v -123.468977 47.035490 19.482738
v -129.343135 38.183766 15.816234
v -133.971647 28.964312 11.997411
v -137.309939 19.465915 8.063046
v -139.325862 9.780051 4.051030
v -139.325862 9.079787 5.442215
v -137.309939 18.072131 10.832019
v -133.971647 26.890431 16.117504
v -129.343135 35.449761 21.247769
v -123.468977 43.667691 26.173406
v -116.405746 51.465076 30.846980
v -108.221463 58.766825 35.223479
v -98.994949 65.502617 39.260758
v -88.815060 71.607584 42.919934
v -77.779833 77.022930 46.165767
v -65.995543 81.696503 48.966999
v -53.575681 85.583294 51.296652
v -40.639855 88.645871 53.132290
v -27.312645 90.854740 54.456236
v -13.722400 92.188629 55.255737
v -13.722400 104.258911 26.115498
v -27.312645 102.750376 25.737629
v -40.639855 100.252300 25.111894
v -53.575681 96.788738 24.244317
v -65.995543 92.393048 23.143254
v -77.779833 87.107563 21.819309
v -88.815060 80.983184 20.285232
v -98.994949 74.078893 18.555797
v -108.221463 66.461182 16.647659
v -116.405746 58.203413 14.579196
v -123.468977 49.385113 12.370327
v -129.343135 40.091208 10.042325
v -133.971647 30.411203 7.617610
v -137.309939 20.438321 5.119533
v -139.325862 10.268606 2.572152
v -13.722400 106.962405 10.534877
v -27.312645 105.414753 10.382447
v -40.639855 102.851900 10.130028
v -53.575681 99.298526 9.780051
v -65.995543 94.788854 9.335887
v -77.779833 89.366313 8.801814
v -88.815060 83.083125 8.182974
v -98.994949 75.999802 7.485327
v -108.221463 68.184559 6.715593
v -116.405746 59.712661 5.881184
v -123.468977 50.665698 4.990136
v -129.343135 41.130796 4.051030
v -133.971647 31.199783 3.072910
v -137.309939 20.968298 2.065197
v -139.325862 10.534877 1.037595
v -13.722400 105.414753 -20.968298
v -27.312645 103.889495 -20.664905
v -40.639855 101.363724 -20.162498
v -53.575681 97.861764 -19.465915
v -65.995543 93.417343 -18.581865
v -77.779833 88.073261 -17.518861
v -88.815060 81.880986 -16.287141
v -98.994949 74.900152 -14.898566
v -108.221463 67.197988 -13.366511
v -116.405746 58.848672 -11.705729
v -123.468977 49.932610 -9.932214
v -129.343135 40.535670 -8.063046
v -133.971647 30.748349 -6.116227
v -137.309939 20.664905 -4.110505
v -139.325862 10.382447 -2.065197
v -139.325862 10.573100 -0.519423
v -137.309939 21.044375 -1.033844
v -133.971647 31.312982 -1.538308
v -129.343135 41.280027 -2.027958
v -123.468977 50.849523 -2.498077
v -116.405746 59.929311 -2.944138
v -108.221463 68.431946 -3.361846
v -98.994949 76.275544 -3.747177
v -88.815060 83.384567 -4.096421
v -77.779833 89.690552 -4.406214
v -65.995543 95.132767 -4.673573
v -53.575681 99.658801 -4.895923
v -40.639855 103.225067 -5.071122
v -27.312645 105.797219 -5.197484
v -13.722400 101.197110 -36.208905
v -27.312645 99.732876 -35.684994
v -40.639855 97.308161 -34.817417
v -53.575681 93.946315 -33.614529
v -65.995543 89.679715 -32.087915
v -77.779833 84.549450 -30.252277
v -88.815060 78.604928 -28.125293
v -98.994949 71.903397 -25.727447
v -108.221463 64.509397 -23.081831
v -116.405746 56.494136 -20.213925
v -123.468977 47.934806 -17.151348
v -129.343135 38.913838 -13.923594
v -133.971647 29.518108 -10.561748
v -137.309939 19.838103 -7.098187
v -139.325862 9.967045 -3.566266
v -13.722400 86.328706 -64.025732
v -27.312645 85.079605 -63.099336
v -40.639855 83.011142 -61.565259
v -53.575681 80.143236 -59.438275
v -65.995543 76.503507 -56.738867
v -77.779833 72.127007 -53.493034
v -88.815060 67.055884 -49.732033
v -98.994949 61.338977 -45.492086
v -108.221463 55.031342 -40.814025
v -116.405746 48.193725 -35.742903
v -123.468977 40.891976 -30.327556
v -129.343135 33.196415 -24.620139
v -133.971647 25.181155 -18.675617
v -137.309939 16.923386 -12.551238
v -139.325862 8.502635 -6.305984
v -139.325862 9.335887 -4.990136
v -137.309939 18.581865 -9.932214
v -133.971647 27.648889 -14.778639
v -129.343135 36.449639 -19.482738
v -123.468977 44.899359 -23.999207
v -116.405746 52.916674 -28.284551
v -108.221463 60.424372 -32.297500
v -98.994949 67.350151 -35.999406
v -88.815060 73.627310 -39.354617
v -77.779833 79.195399 -42.330823
v -65.995543 84.000793 -44.899359
v -53.575681 87.997213 -47.035490
v -40.639855 91.146171 -48.718644
v -27.312645 93.417343 -49.932610
v -13.722400 75.999802 -75.999802
v -27.312645 74.900152 -74.900152
v -40.639855 73.079172 -73.079172
v -53.575681 70.554400 -70.554400
v -65.995543 67.350151 -67.350151
v -77.779833 63.497283 -63.497283
v -88.815060 59.032901 -59.032901
v -98.994949 54.000000 -54.000000
v -108.221463 48.447050 -48.447050
v -116.405746 42.427528 -42.427528
v -123.468977 35.999406 -35.999406
v -129.343135 29.224589 -29.224589
v -133.971647 22.168324 -22.168324
v -137.309939 14.898566 -14.898566
v -139.325862 7.485327 -7.485327
v -13.722400 62.604674 -87.364721
v -27.312645 61.698840 -86.100631
v -40.639855 60.198812 -84.007344
v -53.575681 58.119036 -81.105021
v -65.995543 55.479542 -77.421612
v -77.779833 52.305751 -72.992590
v -88.815060 48.628226 -67.860610
v -98.994949 44.482384 -62.075095
v -108.221463 39.908153 -55.691764
v -116.405746 34.949585 -48.772090
v -123.468977 29.654433 -41.382714
v -129.343135 24.073693 -33.594800
v -133.971647 18.261110 -25.483349
v -137.309939 12.272662 -17.126480
v -139.325862 6.166022 -8.604674
v -13.722400 31.199783 -102.851900
v -27.312645 30.748349 -101.363724
v -40.639855 30.000793 -98.899359
v -53.575681 28.964312 -95.482540
v -65.995543 27.648889 -91.146171
v -77.779833 26.067192 -85.932015
v -88.815060 24.234454 -79.890287
v -98.994949 22.168324 -73.079172
v -108.221463 19.888702 -65.564264
v -116.405746 17.417541 -57.417937
v -123.468977 14.778639 -48.718644
v -129.343135 11.997411 -39.550163
v -133.971647 9.100641 -30.000793
v -137.309939 6.116227 -20.162498
v -139.325862 3.072910 -10.130028
v -139.325862 4.682002 -9.494161
v -137.309939 9.318914 -18.896889
v -133.971647 13.866080 -28.117629
v -129.343135 18.279708 -37.067581
v -123.468977 22.517292 -45.660551
v -116.405746 26.538023 -53.813786
v -108.221463 30.303177 -61.448765
v -98.994949 33.776496 -68.491958
v -88.815060 36.924528 -74.875536
v -77.779833 39.716957 -80.538023
v -65.995543 42.126890 -85.424883
v -53.575681 44.131119 -89.489056
v -40.639855 45.710340 -92.691400
v -27.312645 46.849346 -95.001075
v -13.722400 14.028949 -106.560445
v -27.312645 13.825962 -105.018609
v -40.639855 13.489824 -102.465386
v -53.575681 13.023772 -98.925366
v -65.995543 12.432293 -94.432641
v -77.779833 11.721085 -89.030478
v -88.815060 10.896996 -82.770902
v -98.994949 9.967963 -75.714198
v -108.221463 8.942933 -67.928324
v -116.405746 7.831778 -59.488263
v -123.468977 6.645199 -50.475298
v -129.343135 5.394623 -40.976228
v -133.971647 4.092093 -31.082535
v -137.309939 2.750155 -20.889500
v -139.325862 1.381731 -10.495288
v -27.312645 -3.465763 -105.868097
v -40.639855 -3.381503 -103.294222
v -53.575681 -3.264677 -99.725567
v -65.995543 -3.116411 -95.196500
v -77.779833 -2.938132 -89.750639
v -88.815060 -2.731557 -83.440430
v -98.994949 -2.498676 -76.326644
v -108.221463 -2.241731 -68.477791
v -116.405746 -1.963197 -59.969460
v -123.468977 -1.665756 -50.883589
v -129.343135 -1.352273 -41.307682
v -133.971647 -1.025768 -31.333960
v -137.309939 -0.689383 -21.058474
v -139.325862 -0.346359 -10.580183
v -13.722400 -37.859818 -100.591123
v -27.312645 -37.312019 -99.135658
v -40.639855 -36.404886 -96.725462
v -53.575681 -35.147154 -93.383748
v -65.995543 -33.550935 -89.142697
v -77.779833 -31.631603 -84.043153
v -88.815060 -29.407641 -78.134227
v -98.994949 -26.900467 -71.472826
v -108.221463 -24.134227 -64.123103
v -116.405746 -21.135561 -56.155839
v -123.468977 -17.933348 -47.647764
v -129.343135 -14.558428 -38.680815
v -133.971647 -11.043301 -29.341348
v -137.309939 -7.421822 -19.719308
v -139.325862 -3.728867 -9.907361
v -139.325862 -2.065197 -10.382447
v -137.309939 -4.110505 -20.664905
v -133.971647 -6.116227 -30.748349
v -129.343135 -8.063046 -40.535670
v -123.468977 -9.932214 -49.932610
v -116.405746 -11.705729 -58.848672
v -108.221463 -13.366511 -67.197988
v -98.994949 -14.898566 -74.900152
v -88.815060 -16.287141 -81.880986
v -77.779833 -17.518861 -88.073261
v -65.995543 -18.581865 -93.417343
v -53.575681 -19.465915 -97.861764
v -40.639855 -20.162498 -101.363724
v -27.312645 -20.664905 -103.889495
v -13.722400 -20.968298 -105.414753
v -13.722400 -53.739975 -93.080368
v -27.312645 -52.962405 -91.733577
v -40.639855 -51.674778 -89.503341
v -53.575681 -49.889495 -86.411140
v -65.995543 -47.623748 -82.486752
v -77.779833 -44.899359 -77.767971
v -88.815060 -41.742564 -72.300243
v -98.994949 -38.183766 -66.136223
v -108.221463 -34.257237 -59.335276
v -116.405746 -30.000793 -51.962897
v -123.468977 -25.455424 -44.090087
v -129.343135 -20.664905 -35.792666
v -133.971647 -15.675373 -27.150542
v -137.309939 -10.534877 -18.246943
v -139.325862 -5.292926 -9.167616
v -13.722400 -68.184559 -83.083125
v -27.312645 -67.197988 -81.880986
v -40.639855 -65.564264 -79.890287
v -53.575681 -63.299121 -77.130202
v -65.995543 -60.424372 -73.627310
v -77.779833 -56.967704 -69.415348
v -88.815060 -52.962405 -64.534877
v -98.994949 -48.447050 -59.032901
v -108.221463 -43.465123 -52.962405
v -116.405746 -38.064603 -46.381853
v -123.468977 -32.297500 -39.354617
v -129.343135 -26.219354 -31.948376
v -133.971647 -19.888702 -24.234454
v -137.309939 -13.366511 -16.287141
v -139.325862 -6.715593 -8.182974
v -13.722400 -80.807705 -70.866456
v -27.312645 -79.638489 -69.841080
v -40.639855 -77.702310 -68.143097
v -53.575681 -75.017816 -65.788859
v -65.995543 -71.610859 -62.801038
v -77.779833 -67.514251 -59.208409
v -88.815060 -62.767443 -55.045570
v -98.994949 -57.416151 -50.352613
v -108.221463 -51.511909 -45.174732
v -116.405746 -45.111580 -39.561794
v -123.468977 -38.276802 -33.567854
v -129.343135 -31.073397 -27.250638
v -133.971647 -23.570738 -20.670983
v -137.309939 -15.841080 -13.892255
v -139.325862 -7.958864 -6.979737
v -13.722400 -99.298526 -41.130796
v -27.312645 -97.861764 -40.535670
v -40.639855 -95.482540 -39.550163
v -53.575681 -92.183766 -38.183766
v -65.995543 -87.997213 -36.449639
v -77.779833 -82.963198 -34.364482
v -88.815060 -77.130202 -31.948376
v -98.994949 -70.554400 -29.224589
v -108.221463 -63.299121 -26.219354
v -116.405746 -55.434236 -22.961613
v -123.468977 -47.035490 -19.482738
v -129.343135 -38.183766 -15.816234
v -133.971647 -28.964312 -11.997411
v -137.309939 -19.465915 -8.063046
v -139.325862 -9.780051 -4.051030
v -139.325862 -8.989528 -5.590048
v -137.309939 -17.892482 -11.126260
v -133.971647 -26.623121 -16.555321
v -129.343135 -35.097365 -21.824944
v -123.468977 -43.233603 -26.884382
v -116.405746 -50.953477 -31.684908
v -108.221463 -58.182641 -36.180291
v -98.994949 -64.851475 -40.327239
v -88.815060 -70.895754 -44.085813
v -77.779833 -76.257267 -47.419816
v -65.995543 -80.884382 -50.297141
v -53.575681 -84.732536 -52.690077
v -40.639855 -87.764669 -54.575578
v -27.312645 -89.951580 -55.935487
v -13.722400 -104.672250 -24.406146
v -27.312645 -103.157734 -24.053010
v -40.639855 -100.649754 -23.468231
v -53.575681 -97.172461 -22.657440
v -65.995543 -92.759344 -21.628446
v -77.779833 -87.452904 -20.391157
v -88.815060 -81.304245 -18.957491
v -98.994949 -74.372582 -17.341254
v -108.221463 -66.724670 -15.558011
v -116.405746 -58.434163 -13.624936
v -123.468977 -49.580902 -11.560645
v -129.343135 -40.250151 -9.385019
v -133.971647 -30.531769 -7.119010
v -137.309939 -20.519349 -4.784441
v -139.325862 -10.309317 -2.403796
v -27.312645 -105.698017 -6.927814
v -40.639855 -103.128277 -6.759384
v -53.575681 -99.565355 -6.525858
v -65.995543 -95.043564 -6.229484
v -77.779833 -89.606452 -5.873117
v -88.815060 -83.306381 -5.460189
v -98.994949 -76.204024 -4.994676
v -108.221463 -68.367780 -4.481061
v -116.405746 -59.873117 -3.924291
v -123.468977 -50.801844 -3.329729
v -129.343135 -41.241320 -2.703099
v -133.971647 -31.283621 -2.050437
v -137.309939 -21.024643 -1.378028
v -139.325862 -10.563186 -0.692348
v -13.722400 -103.817660 27.817858
v -27.312645 -102.315510 27.415358
v -40.639855 -99.828006 26.748833
v -53.575681 -96.379103 25.824703
v -65.995543 -92.002017 24.651866
v -77.779833 -86.738901 23.241618
v -88.815060 -80.640442 21.607541
v -98.994949 -73.765372 19.765372
v -108.221463 -66.179901 17.732851
v -116.405746 -57.957081 15.529553
v -123.468977 -49.176103 13.176697
v -129.343135 -39.921532 10.696942
v -133.971647 -30.282494 8.114170
v -137.309939 -20.351820 5.453254
v -139.325862 -10.225147 2.739820
v -139.325862 -10.534877 1.037595
v -137.309939 -20.968298 2.065197
v -133.971647 -31.199783 3.072910
v -129.343135 -41.130796 4.051030
v -123.468977 -50.665698 4.990136
v -116.405746 -59.712661 5.881184
v -108.221463 -68.184559 6.715593
v -98.994949 -75.999802 7.485327
v -88.815060 -83.083125 8.182974
v -77.779833 -89.366313 8.801814
v -65.995543 -94.788854 9.335887
v -53.575681 -99.298526 9.780051
v -40.639855 -102.851900 10.130028
v -27.312645 -105.414753 10.382447
v -13.722400 -106.962405 10.534877
v -13.722400 -97.899599 44.357731
v -27.312645 -96.483078 43.715914
v -40.639855 -94.137372 42.653088
v -53.575681 -90.885072 41.179490
v -65.995543 -86.757499 39.309311
v -77.779833 -81.794404 37.060562
v -88.815060 -76.043584 34.454900
v -98.994949 -69.560423 31.517417
v -108.221463 -62.407356 28.276405
v -116.405746 -54.653273 24.763076
v -123.468977 -46.372849 21.011265
v -129.343135 -37.645829 17.057103
v -133.971647 -28.556260 12.938673
v -137.309939 -19.191677 8.695636
v -139.325862 -9.642269 4.368855
v -13.722400 -89.366313 59.712661
v -27.312645 -88.073261 58.848672
v -40.639855 -85.932015 57.417937
v -53.575681 -82.963198 55.434236
v -65.995543 -79.195399 52.916674
v -77.779833 -74.664905 49.889495
v -88.815060 -69.415348 46.381853
v -98.994949 -63.497283 42.427528
v -108.221463 -56.967704 38.064603
v -116.405746 -49.889495 33.335095
v -123.468977 -42.330823 28.284551
v -129.343135 -34.364482 22.961613
v -133.971647 -26.067192 17.417541
v -137.309939 -17.518861 11.705729
v -139.325862 -8.801814 5.881184
v -13.722400 -78.445754 73.472467
v -27.312645 -77.310713 72.409385
v -40.639855 -75.431128 70.648961
v -53.575681 -72.825100 68.208149
v -65.995543 -69.517726 65.110455
v -77.779833 -65.540858 61.385712
v -88.815060 -60.932796 57.069791
v -98.994949 -55.737918 52.204257
v -108.221463 -50.006254 46.835967
v -116.405746 -43.793001 41.016622
v -123.468977 -37.157999 34.802263
v -129.343135 -30.165144 28.252740
v -133.971647 -22.881783 21.431128
v -137.309939 -15.378057 14.403122
v -139.325862 -7.726232 7.236406
v -13.722400 -50.665698 94.788854
v -27.312645 -49.932610 93.417343
v -40.639855 -48.718644 91.146171
v -53.575681 -47.035490 87.997213
v -65.995543 -44.899359 84.000793
v -77.779833 -42.330823 79.195399
v -88.815060 -39.354617 73.627310
v -98.994949 -35.999406 67.350151
v -108.221463 -32.297500 60.424372
v -116.405746 -28.284551 52.916674
v -123.468977 -23.999207 44.899359
v -129.343135 -19.482738 36.449639
v -133.971647 -14.778639 27.648889
v -137.309939 -9.932214 18.581865
v -139.325862 -4.990136 9.335887
v -139.325862 -6.444258 8.398320
v -137.309939 -12.826454 16.715760
v -133.971647 -19.085124 24.872218
v -129.343135 -25.159995 32.789143
v -123.468977 -30.992560 40.390291
v -116.405746 -36.526651 47.602458
v -108.221463 -41.708970 54.356187
v -98.994949 -46.489608 60.586437
v -88.815060 -50.822526 66.233206
v -77.779833 -54.665996 71.242113
v -65.995543 -57.983002 75.564920
v -53.575681 -60.741600 79.159995
v -40.639855 -62.915224 81.992716
v -27.312645 -64.482939 84.035802
v -13.722400 -34.548298 101.776003
v -27.312645 -34.048414 100.303394
v -40.639855 -33.220626 97.864809
v -53.575681 -32.072905 94.483731
v -65.995543 -30.616304 90.192724
v -77.779833 -28.864852 85.033112
v -88.815060 -26.835415 79.054584
v -98.994949 -24.547539 72.314717
v -108.221463 -22.023256 64.878420
v -116.405746 -19.286877 56.817309
v -123.468977 -16.364756 48.209015
v -129.343135 -13.285032 39.136443
v -133.971647 -10.077367 29.686965
v -137.309939 -6.772651 19.951586
v -139.325862 -3.402710 10.024061
v -13.722400 -17.507997 106.044376
v -27.312645 -17.254672 104.510008
v -40.639855 -16.835175 101.969151
v -53.575681 -16.253546 98.446275
v -65.995543 -15.515386 93.975307
v -77.779833 -14.627805 88.599306
v -88.815060 -13.599350 82.370046
v -98.994949 -12.439925 75.347517
v -108.221463 -11.160698 67.599350
v -116.405746 -9.773987 59.200164
v -123.468977 -8.293147 50.230848
v -129.343135 -6.732439 40.777782
v -133.971647 -5.106894 30.932004
v -137.309939 -3.432168 20.788333
v -139.325862 -1.724387 10.444459
vt -9.314661 0.769392 0.000000
vt 9.314837 0.769140 0.000000
vt -8.887507 1.464980 0.000000
vt 8.887507 1.464980 0.000000
vt 7.943075 2.820042 0.000000
vt -9.698730 0.049666 0.000000
vt 9.698890 0.049319 0.000000
vt -10.028489 -0.695562 0.000000
vt 10.028681 -0.696073 0.000000
vt -10.295010 -1.464980 0.000000
vt 10.295010 -1.464980 0.000000
vt -10.495828 -2.260028 0.000000
vt 10.495828 -2.260028 0.000000
vt 10.631169 -3.054080 0.000000
vt -10.631169 -3.054080 0.000000
vt -10.713656 -3.838106 0.000000
vt -10.760469 -4.651319 0.000000
vt 10.760469 -4.651319 0.000000
vt 10.713656 -3.838106 0.000000
vt -10.782284 -5.474870 0.000000
vt 10.782284 -5.474870 0.000000
vt 10.789882 -6.287146 0.000000
vt -10.789882 -6.287146 0.000000
vt -10.789838 -7.075691 0.000000
vt 10.789838 -7.075691 0.000000
vt -10.782101 -7.888286 0.000000
vt 10.782101 -7.888286 0.000000
vt 10.760018 -8.711840 0.000000
vt -10.760018 -8.711840 0.000000
vt -10.712778 -9.524744 0.000000
vt -10.629699 -10.308565 0.000000
vt 10.629699 -10.308565 0.000000
vt 10.712778 -9.524744 0.000000
vt -10.493507 -11.102807 0.000000
vt 10.493507 -11.102807 0.000000
vt 10.291721 -11.897693 0.000000
vt -10.291721 -11.897693 0.000000
vt -10.023286 -12.670478 0.000000
vt 10.023286 -12.670478 0.000000
vt -9.701521 -13.397341 0.000000
vt 9.701521 -13.397341 0.000000
vt 9.701521 13.306196 0.000000
vt -9.701521 13.306196 0.000000
vt 9.328180 12.605080 0.000000
vt -9.328180 12.605080 0.000000
vt -8.437264 11.221927 0.000000
vt 8.437264 11.221927 0.000000
vt -7.487855 9.902620 0.000000
vt 7.487855 9.902620 0.000000
vt -6.609291 8.554555 0.000000
vt 6.609291 8.554555 0.000000
vt 6.268224 7.827696 0.000000
vt -6.268224 7.827696 0.000000
vt -6.072195 7.073527 0.000000
vt 6.072195 7.073527 0.000000
vt -6.069072 6.301624 0.000000
vt 6.069072 6.301624 0.000000
vt 6.259799 5.546691 0.000000
vt -6.259799 5.546691 0.000000
vt -6.597328 4.818941 0.000000
vt -7.021508 4.122898 0.000000
vt 7.021508 4.122898 0.000000
vt 6.597328 4.818941 0.000000
vt -7.943075 2.820042 0.000000
vt -57.540000 -2.261947 0.000000
vt -53.069301 -0.825075 0.000000
vt -57.540000 0.000000 0.000000
vt -53.150000 0.000000 0.000000
vt -53.069301 0.825075 0.000000
vt -57.540000 -4.523893 0.000000
vt -51.904145 -3.046504 0.000000
vt -52.422941 -2.396892 0.000000
vt -52.822837 -1.641504 0.000000
vt -57.540000 -6.785840 0.000000
vt -19.180000 -6.785840 0.000000
vt -19.180000 -4.518174 0.000000
vt -19.180000 -4.406825 0.000000
vt 19.180000 -4.456779 0.000000
vt 19.180000 -2.256567 0.000000
vt 57.540000 -2.253367 0.000000
vt 19.180000 0.000000 0.000000
vt 57.540000 0.000000 0.000000
vt 57.540000 2.253367 0.000000
vt -19.180000 -9.047787 0.000000
vt -57.540000 -9.047787 0.000000
vt -19.180000 -11.309734 0.000000
vt -57.540000 -11.309734 0.000000
vt -19.180000 -13.571680 0.000000
vt -57.540000 -13.571680 0.000000
vt -19.180000 -15.833627 0.000000
vt -57.540000 -15.833627 0.000000
vt -19.180000 -18.095574 0.000000
vt -57.540000 -18.095574 0.000000
vt -19.180000 -20.357520 0.000000
vt -57.540000 -20.357520 0.000000
vt -19.180000 -22.619467 0.000000
vt -57.540000 -22.619467 0.000000
vt -19.180000 -24.881414 0.000000
vt -57.540000 -24.881414 0.000000
vt -19.180000 -27.143361 0.000000
vt -57.540000 -27.143361 0.000000
vt -19.180000 -29.405307 0.000000
vt -57.540000 -29.405307 0.000000
vt -48.900000 -29.561078 0.000000
vt -49.723814 -29.648610 0.000000
vt -50.533755 -29.913899 0.000000
vt -51.275068 -30.339020 0.000000
vt -57.540000 -31.667254 0.000000
vt -51.904145 -30.882697 0.000000
vt -52.422941 -31.532309 0.000000
vt -52.822837 -32.287697 0.000000
vt -53.069301 -33.104125 0.000000
vt -57.540000 -33.929201 0.000000
vt -53.150000 -33.929201 0.000000
vt -53.150000 33.929201 0.000000
vt -57.540000 33.929201 0.000000
vt -53.069301 33.104125 0.000000
vt -57.540000 31.667254 0.000000
vt -52.822837 32.287697 0.000000
vt -52.422941 31.532309 0.000000
vt -51.904145 30.882697 0.000000
vt -57.540000 29.405307 0.000000
vt -51.275068 30.339020 0.000000
vt -50.533755 29.913899 0.000000
vt -49.723814 29.648610 0.000000
vt -48.900000 29.561078 0.000000
vt -19.180000 29.405307 0.000000
vt -48.076186 29.648610 0.000000
vt -47.266245 29.913899 0.000000
vt -46.524932 30.339020 0.000000
vt -45.895855 30.882697 0.000000
vt -19.180000 31.667254 0.000000
vt -45.377059 31.532309 0.000000
vt -44.977163 32.287697 0.000000
vt -44.730699 33.104125 0.000000
vt -19.180000 33.929201 0.000000
vt -44.650000 33.929201 0.000000
vt -44.650000 -33.929201 0.000000
vt -19.180000 -33.929201 0.000000
vt -44.730699 -33.104125 0.000000
vt -19.180000 -31.667254 0.000000
vt -44.977163 -32.287697 0.000000
vt -45.377059 -31.532309 0.000000
vt -45.895855 -30.882697 0.000000
vt -46.524932 -30.339020 0.000000
vt -47.266245 -29.913899 0.000000
vt -48.076186 -29.648610 0.000000
vt -19.180000 27.143361 0.000000
vt -57.540000 27.143361 0.000000
vt -19.180000 24.881414 0.000000
vt -57.540000 24.881414 0.000000
vt -19.180000 22.619467 0.000000
vt -57.540000 22.619467 0.000000
vt -19.180000 20.357520 0.000000
vt -57.540000 20.357520 0.000000
vt -19.180000 18.095574 0.000000
vt -57.540000 18.095574 0.000000
vt -19.180000 15.833627 0.000000
vt -57.540000 15.833627 0.000000
vt -19.180000 13.571680 0.000000
vt -57.540000 13.571680 0.000000
vt -19.180000 11.309734 0.000000
vt -57.540000 11.309734 0.000000
vt -19.180000 9.047787 0.000000
vt -57.540000 9.047787 0.000000
vt -19.180000 6.785840 0.000000
vt -57.540000 6.785840 0.000000
vt -57.540000 4.523893 0.000000
vt -57.540000 2.261947 0.000000
vt -51.275068 3.590180 0.000000
vt -50.533755 4.015301 0.000000
vt -49.723814 4.280591 0.000000
vt -52.822837 1.641504 0.000000
vt -52.422941 2.396892 0.000000
vt 57.540000 -23.490712 0.000000
vt 56.888215 -25.004503 0.000000
vt 57.540000 -25.578410 0.000000
vt 55.942185 -26.285288 0.000000
vt 55.338413 -26.831954 0.000000
vt 57.540000 -27.666107 0.000000
vt 54.655949 -27.252089 0.000000
vt 53.913774 -27.484413 0.000000
vt 53.142941 -27.480638 0.000000
vt 19.180000 -29.405307 0.000000
vt 57.540000 -29.753805 0.000000
vt 19.180000 -31.667254 0.000000
vt 57.540000 -31.841503 0.000000
vt 19.180000 -33.929201 0.000000
vt 57.540000 -33.929201 0.000000
vt 57.540000 33.929201 0.000000
vt 19.180000 33.929201 0.000000
vt 57.540000 31.841503 0.000000
vt 19.180000 31.667254 0.000000
vt 57.540000 29.753805 0.000000
vt 19.180000 29.405307 0.000000
vt 57.540000 27.666107 0.000000
vt 19.180000 27.143361 0.000000
vt 53.142941 27.480638 0.000000
vt 52.402242 27.241747 0.000000
vt 51.721925 26.816834 0.000000
vt 50.614455 25.655469 0.000000
vt 19.180000 24.881414 0.000000
vt 49.812629 24.245539 0.000000
vt 19.180000 22.619467 0.000000
vt 49.355450 22.669023 0.000000
vt 49.290247 21.877910 0.000000
vt 19.180000 20.357520 0.000000
vt 49.344505 21.085500 0.000000
vt 49.536361 20.291094 0.000000
vt 49.871332 19.543613 0.000000
vt 19.180000 18.095574 0.000000
vt 50.333835 18.885023 0.000000
vt 50.899788 18.337959 0.000000
vt 51.581059 17.894215 0.000000
vt 52.343996 17.586773 0.000000
vt 53.140790 17.433614 0.000000
vt 19.180000 15.833627 0.000000
vt 53.928190 17.432588 0.000000
vt 57.540000 15.773568 0.000000
vt 57.540000 18.026935 0.000000
vt 19.180000 -27.143361 0.000000
vt 52.402242 -27.241747 0.000000
vt 51.721925 -26.816834 0.000000
vt 50.614455 -25.655469 0.000000
vt 19.180000 -24.881414 0.000000
vt 49.812629 -24.245539 0.000000
vt 19.180000 -22.619467 0.000000
vt 49.355450 -22.669023 0.000000
vt 49.290247 -21.877910 0.000000
vt 19.180000 -20.357520 0.000000
vt 49.344505 -21.085500 0.000000
vt 49.536361 -20.291094 0.000000
vt 49.871332 -19.543613 0.000000
vt 19.180000 -18.095574 0.000000
vt 50.333835 -18.885023 0.000000
vt 50.899788 -18.337959 0.000000
vt 51.581059 -17.894215 0.000000
vt 52.343996 -17.586773 0.000000
vt 53.140790 -17.433614 0.000000
vt 19.180000 -15.833627 0.000000
vt 53.928190 -17.432588 0.000000
vt 57.540000 -15.773568 0.000000
vt 57.540000 -18.026935 0.000000
vt 54.725074 -17.583577 0.000000
vt 55.488827 -17.888958 0.000000
vt 56.171521 -18.331030 0.000000
vt 56.739017 -18.876694 0.000000
vt 57.203072 -19.533788 0.000000
vt 57.540000 -20.280302 0.000000
vt 19.180000 -13.571680 0.000000
vt 57.540000 -13.520201 0.000000
vt 19.180000 -11.309734 0.000000
vt 57.540000 -11.266834 0.000000
vt 19.180000 -9.047787 0.000000
vt 57.540000 -9.013467 0.000000
vt 19.180000 -6.785840 0.000000
vt 57.540000 -6.760101 0.000000
vt 19.180000 -4.512454 0.000000
vt 57.540000 -4.506734 0.000000
vt 19.180000 2.256567 0.000000
vt 57.540000 4.506734 0.000000
vt 19.180000 4.512454 0.000000
vt 57.540000 6.760101 0.000000
vt 19.180000 6.785840 0.000000
vt 57.540000 9.013467 0.000000
vt 19.180000 9.047787 0.000000
vt 57.540000 11.266834 0.000000
vt 19.180000 11.309734 0.000000
vt 57.540000 13.520201 0.000000
vt 19.180000 13.571680 0.000000
vt 57.540000 20.280302 0.000000
vt 57.203072 19.533788 0.000000
vt 56.739017 18.876694 0.000000
vt 56.171521 18.331030 0.000000
vt 55.488827 17.888958 0.000000
vt 54.725074 17.583577 0.000000
vt 53.913774 27.484413 0.000000
vt 54.655949 27.252089 0.000000
vt 55.338413 26.831954 0.000000
vt 57.540000 25.578410 0.000000
vt 55.942185 26.285288 0.000000
vt 56.888215 25.004503 0.000000
vt 57.540000 23.490712 0.000000
vt -48.076186 4.280591 0.000000
vt -19.180000 4.518174 0.000000
vt -48.900000 4.368123 0.000000
vt -47.266245 4.015301 0.000000
vt -46.524932 3.590180 0.000000
vt -19.180000 2.259767 0.000000
vt -45.895855 3.046504 0.000000
vt -45.377059 2.396892 0.000000
vt -44.977163 1.641504 0.000000
vt -44.730699 0.825075 0.000000
vt -19.180000 0.000000 0.000000
vt -44.650000 0.000000 0.000000
vt -44.730699 -0.825075 0.000000
vt -19.180000 -2.259767 0.000000
vt -44.977163 -1.641504 0.000000
vt -45.377059 -2.396892 0.000000
vt -45.895855 -3.046504 0.000000
vt -46.524932 -3.590180 0.000000
vt -47.266245 -4.015301 0.000000
vt -48.076186 -4.280591 0.000000
vt -48.900000 -4.368123 0.000000
vt -49.723814 -4.280591 0.000000
vt -50.533755 -4.015301 0.000000
vt -51.275068 -3.590180 0.000000
vt -51.904145 3.046504 0.000000
vt 9.962739 7.504947 0.000000
vt -9.962739 7.504947 0.000000
vt 9.928620 6.675884 0.000000
vt -9.928620 6.675884 0.000000
vt -9.962739 5.846822 0.000000
vt 10.062140 8.352814 0.000000
vt -10.062140 8.352814 0.000000
vt 10.208744 9.196074 0.000000
vt -10.208744 9.196074 0.000000
vt -10.373157 10.012330 0.000000
vt 10.373157 10.012330 0.000000
vt 10.535113 10.828931 0.000000
vt 10.675493 11.673283 0.000000
vt -10.675493 11.673283 0.000000
vt -10.535113 10.828931 0.000000
vt 10.768499 12.522239 0.000000
vt -10.768499 12.522239 0.000000
vt -10.800000 13.351769 0.000000
vt 10.800000 13.351769 0.000000
vt -10.800000 -13.351769 0.000000
vt 10.800000 -13.351769 0.000000
vt -10.768499 -12.522239 0.000000
vt 10.768499 -12.522239 0.000000
vt 10.675493 -11.673283 0.000000
vt 10.535113 -10.828931 0.000000
vt -10.535113 -10.828931 0.000000
vt -10.675493 -11.673283 0.000000
vt 10.373157 -10.012330 0.000000
vt -10.373157 -10.012330 0.000000
vt -10.208744 -9.196074 0.000000
vt 10.208744 -9.196074 0.000000
vt 10.062140 -8.352814 0.000000
vt -10.062140 -8.352814 0.000000
vt 9.962739 -7.504947 0.000000
vt -9.962739 -7.504947 0.000000
vt -9.928620 -6.675884 0.000000
vt 9.928620 -6.675884 0.000000
vt 9.962739 -5.846822 0.000000
vt 10.062140 -4.998955 0.000000
vt -10.062140 -4.998955 0.000000
vt -9.962739 -5.846822 0.000000
vt 10.208744 -4.155695 0.000000
vt -10.208744 -4.155695 0.000000
vt 10.373157 -3.339439 0.000000
vt -10.373157 -3.339439 0.000000
vt -10.535113 -2.522838 0.000000
vt 10.535113 -2.522838 0.000000
vt 10.675493 -1.678486 0.000000
vt 10.768499 -0.829530 0.000000
vt -10.768499 -0.829530 0.000000
vt -10.675493 -1.678486 0.000000
vt 10.800000 0.000000 0.000000
vt -10.800000 0.000000 0.000000
vt 10.768499 0.829530 0.000000
vt -10.768499 0.829530 0.000000
vt -10.675493 1.678486 0.000000
vt 10.675493 1.678486 0.000000
vt 10.535113 2.522838 0.000000
vt 10.373157 3.339439 0.000000
vt -10.373157 3.339439 0.000000
vt -10.535113 2.522838 0.000000
vt 10.208744 4.155695 0.000000
vt -10.208744 4.155695 0.000000
vt 10.062140 4.998955 0.000000
vt -10.062140 4.998955 0.000000
vt 9.962739 5.846822 0.000000
vt 8.444201 0.853198 0.000000
vt -8.453295 0.119368 0.000000
vt 8.453504 0.000000 0.000000
vt -8.446548 -0.733896 0.000000
vt 8.444204 -0.853250 0.000000
vt -8.424339 -1.586635 0.000000
vt 8.420573 -1.705937 0.000000
vt -8.397602 -2.438443 0.000000
vt 8.394359 -2.557020 0.000000
vt -8.382902 -3.288774 0.000000
vt 8.382962 -3.408603 0.000000
vt -8.399635 -4.139611 0.000000
vt 8.405515 -4.257484 0.000000
vt -8.465383 -4.986247 0.000000
vt 8.479330 -5.105244 0.000000
vt -8.590777 -5.828540 0.000000
vt 8.612710 -5.942932 0.000000
vt -8.775847 -6.658153 0.000000
vt 8.806113 -6.773416 0.000000
vt -9.011443 -7.478127 0.000000
vt 9.047028 -7.590373 0.000000
vt -9.281029 -8.288147 0.000000
vt 9.319977 -8.400043 0.000000
vt -9.565123 -9.093819 0.000000
vt 9.604650 -9.205815 0.000000
vt -9.843385 -9.901038 0.000000
vt 9.880508 -10.014005 0.000000
vt -10.095262 -10.716543 0.000000
vt 10.126752 -10.829983 0.000000
vt -10.299517 -11.542774 0.000000
vt 10.323195 -11.659332 0.000000
vt -10.437693 -12.383798 0.000000
vt 10.450629 -12.501040 0.000000
vt -10.494080 -13.233351 0.000000
vt 10.494945 -13.351769 0.000000
vt 10.494945 13.351769 0.000000
vt -10.494080 13.470187 0.000000
vt -10.462031 12.619296 0.000000
vt 10.450657 12.501414 0.000000
vt -10.345513 11.776089 0.000000
vt 10.323195 11.659336 0.000000
vt -10.157599 10.944828 0.000000
vt 10.127023 10.830901 0.000000
vt -9.917217 10.127575 0.000000
vt 9.880538 10.014075 0.000000
vt -9.644198 9.318438 0.000000
vt 9.604755 9.206135 0.000000
vt -9.359480 8.512673 0.000000
vt 9.320208 8.400541 0.000000
vt -9.083776 7.704052 0.000000
vt 9.047300 7.591282 0.000000
vt -8.837223 6.888356 0.000000
vt 8.806015 6.773104 0.000000
vt -8.636312 6.059453 0.000000
vt 8.613037 5.944669 0.000000
vt -8.494326 5.223327 0.000000
vt 8.479180 5.104157 0.000000
vt -8.412439 4.375938 0.000000
vt 8.405520 4.258175 0.000000
vt -8.383642 3.527616 0.000000
vt 8.382936 3.407847 0.000000
vt -8.391416 2.675981 0.000000
vt 8.394393 2.557289 0.000000
vt -8.416716 1.825125 0.000000
vt 8.420535 1.705824 0.000000
vt -8.441563 0.972562 0.000000
vt -27.068473 33.084051 0.000000
vt -25.519373 32.988406 0.000000
vt -27.220665 33.642797 0.000000
vt -25.519373 34.237967 0.000000
vt -27.220665 35.236168 0.000000
vt -25.519373 35.487527 0.000000
vt -27.220665 36.829539 0.000000
vt -25.519373 36.737088 0.000000
vt -25.519373 37.986649 0.000000
vt -23.818081 36.737088 0.000000
vt -23.818081 37.986649 0.000000
vt -22.116790 36.737088 0.000000
vt -22.116790 37.986649 0.000000
vt -20.415498 36.737088 0.000000
vt -20.415498 37.986649 0.000000
vt -18.714207 36.737088 0.000000
vt -18.714207 37.986649 0.000000
vt -17.012915 36.737088 0.000000
vt -17.012915 37.986649 0.000000
vt -15.311624 36.737088 0.000000
vt -15.311624 37.986649 0.000000
vt -13.610332 36.737088 0.000000
vt -13.610332 37.986649 0.000000
vt -11.909041 36.737088 0.000000
vt -11.909041 37.986649 0.000000
vt -10.207749 36.737088 0.000000
vt -10.207749 37.986649 0.000000
vt -8.506458 36.737088 0.000000
vt -8.506458 37.986649 0.000000
vt -6.805166 36.737088 0.000000
vt -6.805166 37.986649 0.000000
vt -5.103875 36.737088 0.000000
vt -5.103875 37.986649 0.000000
vt -3.402583 36.737088 0.000000
vt -3.402583 37.986649 0.000000
vt -1.701292 36.737088 0.000000
vt -1.701292 37.986649 0.000000
vt -0.000000 36.737088 0.000000
vt -27.023960 32.509650 0.000000
vt -25.519373 31.738845 0.000000
vt -23.818081 31.738845 0.000000
vt -23.818081 30.489284 0.000000
vt -22.116790 30.489284 0.000000
vt -22.116790 29.239723 0.000000
vt -20.415498 29.239723 0.000000
vt -20.415498 27.990162 0.000000
vt -18.714207 27.990162 0.000000
vt -19.518307 27.435717 0.000000
vt -18.791906 27.439640 0.000000
vt -27.078430 31.935247 0.000000
vt -27.220665 31.372694 0.000000
vt -25.519373 30.489284 0.000000
vt -27.220665 29.896469 0.000000
vt -25.519373 29.239723 0.000000
vt -27.220665 28.420244 0.000000
vt -25.519373 27.990162 0.000000
vt -27.220665 26.944018 0.000000
vt -25.519373 26.740602 0.000000
vt -27.220665 25.467793 0.000000
vt -25.519373 25.491041 0.000000
vt -25.519373 24.241480 0.000000
vt -23.818081 24.241480 0.000000
vt -23.818081 22.991919 0.000000
vt -23.041049 23.460401 0.000000
vt -22.857652 22.863192 0.000000
vt -23.818081 21.742358 0.000000
vt -22.552118 22.305115 0.000000
vt -22.140586 21.802185 0.000000
vt -22.116790 21.742358 0.000000
vt -21.637220 21.364795 0.000000
vt -22.116790 20.516486 0.000000
vt -21.056384 21.004889 0.000000
vt -22.116790 20.492798 0.000000
vt -20.415498 20.492798 0.000000
vt -20.415498 19.243237 0.000000
vt -18.714207 19.243237 0.000000
vt -18.714207 17.993676 0.000000
vt -17.012915 17.993676 0.000000
vt -17.012915 16.869071 0.000000
vt -15.311624 16.869071 0.000000
vt -15.311624 15.744466 0.000000
vt -13.610332 15.744466 0.000000
vt -13.610332 14.619862 0.000000
vt -11.909041 14.619862 0.000000
vt -11.909041 13.495257 0.000000
vt -10.207749 13.495257 0.000000
vt -10.207749 12.370652 0.000000
vt -8.506458 12.370652 0.000000
vt -8.506458 11.246047 0.000000
vt -6.805166 11.246047 0.000000
vt -6.805166 10.121443 0.000000
vt -5.103875 10.121443 0.000000
vt -5.103875 8.996838 0.000000
vt -3.402583 8.996838 0.000000
vt -3.402583 7.872233 0.000000
vt -1.701292 7.872233 0.000000
vt -1.701292 6.747628 0.000000
vt -0.000000 6.747628 0.000000
vt -27.220665 23.991568 0.000000
vt -25.519373 22.991919 0.000000
vt -27.220665 22.515343 0.000000
vt -25.519373 21.742358 0.000000
vt -23.818081 20.508590 0.000000
vt -27.220665 21.039117 0.000000
vt -25.519373 20.500694 0.000000
vt -23.818081 20.492798 0.000000
vt -22.116790 19.243237 0.000000
vt -20.415498 17.993676 0.000000
vt -18.714207 16.869071 0.000000
vt -17.012915 15.744466 0.000000
vt -15.311624 14.619862 0.000000
vt -13.610332 13.495257 0.000000
vt -11.909041 12.370652 0.000000
vt -10.207749 11.246047 0.000000
vt -8.506458 10.121443 0.000000
vt -6.805166 8.996838 0.000000
vt -5.103875 7.872233 0.000000
vt -3.402583 6.747628 0.000000
vt -1.701292 5.623024 0.000000
vt -0.000000 5.623024 0.000000
vt -25.519373 20.492798 0.000000
vt -27.220665 19.562892 0.000000
vt -25.519373 19.243237 0.000000
vt -27.220665 18.086667 0.000000
vt -25.519373 17.993676 0.000000
vt -25.519373 16.869071 0.000000
vt -23.818081 16.869071 0.000000
vt -23.818081 15.744466 0.000000
vt -22.116790 15.744466 0.000000
vt -22.116790 14.619862 0.000000
vt -20.415498 14.619862 0.000000
vt -20.415498 13.495257 0.000000
vt -18.714207 13.495257 0.000000
vt -18.714207 12.370652 0.000000
vt -17.012915 12.370652 0.000000
vt -17.012915 11.246047 0.000000
vt -15.311624 11.246047 0.000000
vt -15.311624 10.121443 0.000000
vt -13.610332 10.121443 0.000000
vt -13.610332 8.996838 0.000000
vt -11.909041 8.996838 0.000000
vt -11.909041 7.872233 0.000000
vt -10.207749 7.872233 0.000000
vt -10.207749 6.747628 0.000000
vt -8.506458 6.747628 0.000000
vt -8.506458 5.623024 0.000000
vt -6.805166 5.623024 0.000000
vt -6.805166 4.498419 0.000000
vt -5.103875 4.498419 0.000000
vt -5.103875 3.373814 0.000000
vt -3.402583 3.373814 0.000000
vt -3.402583 2.249209 0.000000
vt -1.701292 2.249209 0.000000
vt -1.701292 1.124605 0.000000
vt -0.000000 1.124605 0.000000
vt -27.220665 16.610442 0.000000
vt -27.078406 16.047673 0.000000
vt -25.519373 15.744466 0.000000
vt -27.023952 15.473216 0.000000
vt -25.519373 14.619862 0.000000
vt -27.068534 14.898703 0.000000
vt -27.220665 14.340339 0.000000
vt -25.519373 13.495257 0.000000
vt -27.220665 12.746968 0.000000
vt -25.519373 12.370652 0.000000
vt -27.220665 11.153597 0.000000
vt -25.519373 11.246047 0.000000
vt -25.519373 10.121443 0.000000
vt -23.818081 10.121443 0.000000
vt -23.818081 8.996838 0.000000
vt -22.116790 8.996838 0.000000
vt -22.116790 7.872233 0.000000
vt -20.415498 7.872233 0.000000
vt -20.415498 6.747628 0.000000
vt -18.714207 6.747628 0.000000
vt -18.714207 5.623024 0.000000
vt -17.012915 5.623024 0.000000
vt -17.012915 4.498419 0.000000
vt -15.311624 4.498419 0.000000
vt -15.311624 3.373814 0.000000
vt -13.610332 3.373814 0.000000
vt -13.610332 2.249209 0.000000
vt -11.909041 2.249209 0.000000
vt -11.909041 1.124605 0.000000
vt -10.207749 1.124605 0.000000
vt -11.684785 0.000000 0.000000
vt -9.737321 0.000000 0.000000
vt -27.220665 9.560226 0.000000
vt -25.519373 8.996838 0.000000
vt -23.818081 7.872233 0.000000
vt -22.116790 6.747628 0.000000
vt -20.415498 5.623024 0.000000
vt -18.714207 4.498419 0.000000
vt -18.167095 3.338692 0.000000
vt -17.012915 3.373814 0.000000
vt -17.474246 3.075385 0.000000
vt -16.846865 2.668211 0.000000
vt -27.220665 7.966855 0.000000
vt -25.519373 7.872233 0.000000
vt -23.818081 6.747628 0.000000
vt -22.116790 5.623024 0.000000
vt -20.415498 4.498419 0.000000
vt -19.618457 3.433125 0.000000
vt -18.893436 3.455705 0.000000
vt -25.519373 6.747628 0.000000
vt -27.220665 6.373484 0.000000
vt -25.519373 5.623024 0.000000
vt -27.220665 4.780113 0.000000
vt -25.519373 4.498419 0.000000
vt -27.220665 3.186742 0.000000
vt -25.519373 3.373814 0.000000
vt -25.519373 2.251037 0.000000
vt -23.818081 2.252864 0.000000
vt -23.818081 1.124605 0.000000
vt -22.501091 1.759638 0.000000
vt -22.822030 1.208979 0.000000
vt -23.023346 0.615916 0.000000
vt -25.156384 0.000000 0.000000
vt -23.092104 0.000000 0.000000
vt -27.220665 1.593371 0.000000
vt -25.519373 1.124605 0.000000
vt -27.220665 0.000000 0.000000
vt -22.116790 2.254691 0.000000
vt -22.075410 2.254735 0.000000
vt -21.560649 2.681827 0.000000
vt -22.116790 3.373814 0.000000
vt -20.970245 3.029868 0.000000
vt -20.415498 3.373814 0.000000
vt -20.317743 3.285561 0.000000
vt -16.318589 2.131482 0.000000
vt -15.311624 2.249209 0.000000
vt -15.917007 1.486770 0.000000
vt -15.311624 1.124605 0.000000
vt -13.610332 1.124605 0.000000
vt -13.632249 0.000000 0.000000
vt -15.665428 0.763884 0.000000
vt -15.579713 0.000000 0.000000
vt -8.506458 1.124605 0.000000
vt -7.789857 0.000000 0.000000
vt -6.805166 1.124605 0.000000
vt -5.842392 0.000000 0.000000
vt -5.103875 1.124605 0.000000
vt -3.894928 0.000000 0.000000
vt -3.402583 1.124605 0.000000
vt -1.947464 0.000000 0.000000
vt -0.000000 0.000000 0.000000
vt -3.894928 47.983136 0.000000
vt -3.402583 46.733575 0.000000
vt -1.947464 47.983136 0.000000
vt -1.701292 46.733575 0.000000
vt -0.000000 46.733575 0.000000
vt -5.103875 46.733575 0.000000
vt -5.842392 47.983136 0.000000
vt -6.805166 46.733575 0.000000
vt -7.789857 47.983136 0.000000
vt -8.506458 46.733575 0.000000
vt -9.737321 47.983136 0.000000
vt -10.207749 46.733575 0.000000
vt -11.684785 47.983136 0.000000
vt -11.909041 46.733575 0.000000
vt -13.632249 47.983136 0.000000
vt -13.610332 46.733575 0.000000
vt -15.311624 46.733575 0.000000
vt -13.610332 45.484014 0.000000
vt -15.311624 45.484014 0.000000
vt -13.610332 44.234453 0.000000
vt -15.311624 44.234453 0.000000
vt -13.610332 42.984892 0.000000
vt -15.311624 42.984892 0.000000
vt -13.610332 41.735332 0.000000
vt -15.311624 41.735332 0.000000
vt -13.610332 40.485771 0.000000
vt -15.311624 40.485771 0.000000
vt -13.610332 39.236210 0.000000
vt -15.311624 39.236210 0.000000
vt -15.579713 47.983136 0.000000
vt -15.665440 47.219207 0.000000
vt -15.917066 46.496283 0.000000
vt -16.318427 45.851831 0.000000
vt -16.847386 45.314506 0.000000
vt -17.473711 44.908035 0.000000
vt -17.012915 44.234453 0.000000
vt -18.168018 44.644199 0.000000
vt -18.714207 44.234453 0.000000
vt -17.012915 42.984892 0.000000
vt -18.714207 42.984892 0.000000
vt -17.012915 41.735332 0.000000
vt -18.714207 41.735332 0.000000
vt -17.012915 40.485771 0.000000
vt -18.714207 40.485771 0.000000
vt -17.012915 39.236210 0.000000
vt -18.714207 39.236210 0.000000
vt -18.891919 44.527526 0.000000
vt -19.618731 44.550049 0.000000
vt -20.415498 44.234453 0.000000
vt -20.415498 44.473914 0.000000
vt -22.116790 44.414049 0.000000
vt -20.969851 44.953065 0.000000
vt -21.560430 45.301157 0.000000
vt -20.316988 44.697349 0.000000
vt -22.116790 45.484014 0.000000
vt -22.075367 45.728359 0.000000
vt -22.500676 46.222903 0.000000
vt -22.822026 46.774155 0.000000
vt -23.818081 46.733575 0.000000
vt -23.818081 45.484014 0.000000
vt -23.023282 47.366953 0.000000
vt -25.156384 47.983136 0.000000
vt -25.519373 46.733575 0.000000
vt -27.220665 47.983136 0.000000
vt -27.220665 46.389765 0.000000
vt -23.092104 47.983136 0.000000
vt -25.519373 45.484014 0.000000
vt -27.220665 44.796394 0.000000
vt -25.519373 44.294318 0.000000
vt -25.519373 44.234453 0.000000
vt -23.818081 44.234453 0.000000
vt -23.818081 42.984892 0.000000
vt -22.116790 42.984892 0.000000
vt -22.116790 41.735332 0.000000
vt -20.415498 41.735332 0.000000
vt -20.415498 40.485771 0.000000
vt -27.220665 43.203023 0.000000
vt -25.519373 42.984892 0.000000
vt -23.818081 41.735332 0.000000
vt -22.116790 40.485771 0.000000
vt -20.415498 39.236210 0.000000
vt -27.220665 41.609652 0.000000
vt -25.519373 41.735332 0.000000
vt -23.818081 40.485771 0.000000
vt -22.116790 39.236210 0.000000
vt -25.519373 40.485771 0.000000
vt -27.220665 40.016281 0.000000
vt -25.519373 39.236210 0.000000
vt -27.220665 38.422910 0.000000
vt -22.784043 25.280371 0.000000
vt -23.818081 25.491041 0.000000
vt -23.003081 24.691709 0.000000
vt -23.090767 24.077728 0.000000
vt -22.447752 25.823750 0.000000
vt -23.818081 26.740602 0.000000
vt -22.008665 26.310165 0.000000
vt -22.116790 26.740602 0.000000
vt -23.818081 27.990162 0.000000
vt -22.116790 27.990162 0.000000
vt -23.818081 29.239723 0.000000
vt -21.482568 26.726944 0.000000
vt -20.882743 27.062929 0.000000
vt -20.222906 27.304503 0.000000
vt -18.067556 27.302283 0.000000
vt -17.012915 27.990162 0.000000
vt -18.714207 29.239723 0.000000
vt -17.012915 29.239723 0.000000
vt -18.714207 30.489284 0.000000
vt -17.012915 30.489284 0.000000
vt -18.714207 31.738845 0.000000
vt -17.012915 31.738845 0.000000
vt -18.714207 32.988406 0.000000
vt -17.012915 32.988406 0.000000
vt -18.714207 34.237967 0.000000
vt -17.012915 34.237967 0.000000
vt -18.714207 35.487527 0.000000
vt -17.012915 35.487527 0.000000
vt -17.381923 27.018539 0.000000
vt -16.766254 26.592024 0.000000
vt -15.311624 26.740602 0.000000
vt -16.254306 26.038902 0.000000
vt -15.311624 25.491041 0.000000
vt -15.872340 25.381151 0.000000
vt -15.643219 24.650173 0.000000
vt -15.311624 24.241480 0.000000
vt -15.581391 23.883752 0.000000
vt -15.311624 22.991919 0.000000
vt -15.690917 23.123151 0.000000
vt -15.964693 22.409054 0.000000
vt -15.311624 21.742358 0.000000
vt -16.385254 21.778136 0.000000
vt -16.929908 21.257775 0.000000
vt -17.567291 20.870879 0.000000
vt -17.012915 20.492798 0.000000
vt -15.311624 20.492798 0.000000
vt -13.610332 20.492798 0.000000
vt -13.610332 21.742358 0.000000
vt -11.909041 20.492798 0.000000
vt -11.909041 21.742358 0.000000
vt -10.207749 20.492798 0.000000
vt -10.207749 21.742358 0.000000
vt -8.506458 20.492798 0.000000
vt -8.506458 21.742358 0.000000
vt -6.805166 20.492798 0.000000
vt -6.805166 21.742358 0.000000
vt -5.103875 20.492798 0.000000
vt -5.103875 21.742358 0.000000
vt -3.402583 20.492798 0.000000
vt -3.402583 21.742358 0.000000
vt -1.701292 20.492798 0.000000
vt -1.701292 21.742358 0.000000
vt -0.000000 20.492798 0.000000
vt -18.268455 20.627513 0.000000
vt -18.714207 20.492798 0.000000
vt -17.012915 19.243237 0.000000
vt -18.993977 20.530979 0.000000
vt -19.718524 20.571963 0.000000
vt -20.415498 20.524382 0.000000
vt -20.411509 20.735428 0.000000
vt -0.000000 2.249209 0.000000
vt -1.701292 3.373814 0.000000
vt -0.000000 3.373814 0.000000
vt -1.701292 4.498419 0.000000
vt -0.000000 4.498419 0.000000
vt -0.000000 7.872233 0.000000
vt -1.701292 8.996838 0.000000
vt -0.000000 8.996838 0.000000
vt -1.701292 10.121443 0.000000
vt -0.000000 10.121443 0.000000
vt -1.701292 11.246047 0.000000
vt -0.000000 11.246047 0.000000
vt -1.701292 12.370652 0.000000
vt -0.000000 12.370652 0.000000
vt -1.701292 13.495257 0.000000
vt -0.000000 13.495257 0.000000
vt -1.701292 14.619862 0.000000
vt -0.000000 14.619862 0.000000
vt -1.701292 15.744466 0.000000
vt -1.701292 16.869071 0.000000
vt -0.000000 16.869071 0.000000
vt -1.701292 17.993676 0.000000
vt -0.000000 17.993676 0.000000
vt -1.701292 19.243237 0.000000
vt -0.000000 19.243237 0.000000
vt -0.000000 21.742358 0.000000
vt -1.701292 22.991919 0.000000
vt -0.000000 22.991919 0.000000
vt -1.701292 24.241480 0.000000
vt -0.000000 24.241480 0.000000
vt -1.701292 25.491041 0.000000
vt -0.000000 25.491041 0.000000
vt -1.701292 26.740602 0.000000
vt -0.000000 26.740602 0.000000
vt -1.701292 27.990162 0.000000
vt -0.000000 27.990162 0.000000
vt -1.701292 29.239723 0.000000
vt -0.000000 29.239723 0.000000
vt -1.701292 30.489284 0.000000
vt -0.000000 30.489284 0.000000
vt -1.701292 31.738845 0.000000
vt -1.701292 32.988406 0.000000
vt -0.000000 32.988406 0.000000
vt -1.701292 34.237967 0.000000
vt -0.000000 34.237967 0.000000
vt -1.701292 35.487527 0.000000
vt -0.000000 35.487527 0.000000
vt -0.000000 37.986649 0.000000
vt -1.701292 39.236210 0.000000
vt -0.000000 39.236210 0.000000
vt -1.701292 40.485771 0.000000
vt -0.000000 40.485771 0.000000
vt -1.701292 41.735332 0.000000
vt -0.000000 41.735332 0.000000
vt -1.701292 42.984892 0.000000
vt -0.000000 42.984892 0.000000
vt -1.701292 44.234453 0.000000
vt -0.000000 44.234453 0.000000
vt -1.701292 45.484014 0.000000
vt -0.000000 45.484014 0.000000
vt -0.000000 15.994379 0.000000
vt -0.000000 31.988757 0.000000
vt -3.402583 34.237967 0.000000
vt -3.402583 32.988406 0.000000
vt -3.402583 31.738845 0.000000
vt -3.402583 30.489284 0.000000
vt -3.402583 29.239723 0.000000
vt -3.402583 27.990162 0.000000
vt -3.402583 26.740602 0.000000
vt -3.402583 25.491041 0.000000
vt -3.402583 24.241480 0.000000
vt -3.402583 22.991919 0.000000
vt -5.103875 34.237967 0.000000
vt -5.103875 32.988406 0.000000
vt -5.103875 31.738845 0.000000
vt -5.103875 30.489284 0.000000
vt -5.103875 29.239723 0.000000
vt -5.103875 27.990162 0.000000
vt -5.103875 26.740602 0.000000
vt -5.103875 25.491041 0.000000
vt -5.103875 24.241480 0.000000
vt -5.103875 22.991919 0.000000
vt -3.402583 35.487527 0.000000
vt -6.805166 34.237967 0.000000
vt -6.805166 32.988406 0.000000
vt -6.805166 31.738845 0.000000
vt -6.805166 30.489284 0.000000
vt -6.805166 29.239723 0.000000
vt -6.805166 27.990162 0.000000
vt -6.805166 26.740602 0.000000
vt -6.805166 25.491041 0.000000
vt -6.805166 24.241480 0.000000
vt -6.805166 22.991919 0.000000
vt -5.103875 35.487527 0.000000
vt -8.506458 34.237967 0.000000
vt -8.506458 32.988406 0.000000
vt -8.506458 31.738845 0.000000
vt -8.506458 30.489284 0.000000
vt -8.506458 29.239723 0.000000
vt -8.506458 27.990162 0.000000
vt -8.506458 26.740602 0.000000
vt -8.506458 25.491041 0.000000
vt -8.506458 24.241480 0.000000
vt -8.506458 22.991919 0.000000
vt -6.805166 35.487527 0.000000
vt -10.207749 34.237967 0.000000
vt -10.207749 32.988406 0.000000
vt -10.207749 31.738845 0.000000
vt -10.207749 30.489284 0.000000
vt -10.207749 29.239723 0.000000
vt -10.207749 27.990162 0.000000
vt -10.207749 26.740602 0.000000
vt -10.207749 25.491041 0.000000
vt -10.207749 24.241480 0.000000
vt -10.207749 22.991919 0.000000
vt -8.506458 35.487527 0.000000
vt -11.909041 34.237967 0.000000
vt -11.909041 32.988406 0.000000
vt -11.909041 31.738845 0.000000
vt -11.909041 30.489284 0.000000
vt -11.909041 29.239723 0.000000
vt -11.909041 27.990162 0.000000
vt -11.909041 26.740602 0.000000
vt -11.909041 25.491041 0.000000
vt -11.909041 24.241480 0.000000
vt -11.909041 22.991919 0.000000
vt -10.207749 35.487527 0.000000
vt -13.610332 34.237967 0.000000
vt -13.610332 32.988406 0.000000
vt -13.610332 31.738845 0.000000
vt -13.610332 30.489284 0.000000
vt -13.610332 29.239723 0.000000
vt -13.610332 27.990162 0.000000
vt -13.610332 26.740602 0.000000
vt -13.610332 25.491041 0.000000
vt -13.610332 24.241480 0.000000
vt -13.610332 22.991919 0.000000
vt -11.909041 35.487527 0.000000
vt -15.311624 34.237967 0.000000
vt -15.311624 32.988406 0.000000
vt -15.311624 31.738845 0.000000
vt -15.311624 30.489284 0.000000
vt -15.311624 29.239723 0.000000
vt -15.311624 27.990162 0.000000
vt -13.610332 35.487527 0.000000
vt -15.311624 35.487527 0.000000
vt -20.415498 34.237967 0.000000
vt -20.415498 32.988406 0.000000
vt -20.415498 31.738845 0.000000
vt -20.415498 30.489284 0.000000
vt -22.116790 34.237967 0.000000
vt -22.116790 32.988406 0.000000
vt -22.116790 31.738845 0.000000
vt -20.415498 35.487527 0.000000
vt -23.818081 34.237967 0.000000
vt -23.818081 32.988406 0.000000
vt -22.116790 35.487527 0.000000
vt -23.818081 35.487527 0.000000
vt -23.818081 19.243237 0.000000
vt -22.116790 17.993676 0.000000
vt -20.415498 16.869071 0.000000
vt -18.714207 15.744466 0.000000
vt -17.012915 14.619862 0.000000
vt -15.311624 13.495257 0.000000
vt -13.610332 12.370652 0.000000
vt -11.909041 11.246047 0.000000
vt -10.207749 10.121443 0.000000
vt -8.506458 8.996838 0.000000
vt -6.805166 7.872233 0.000000
vt -5.103875 6.747628 0.000000
vt -3.402583 5.623024 0.000000
vt -23.818081 17.993676 0.000000
vt -15.311624 19.243237 0.000000
vt -15.311624 17.993676 0.000000
vt -13.610332 19.243237 0.000000
vt -13.610332 17.993676 0.000000
vt -13.610332 16.869071 0.000000
vt -11.909041 19.243237 0.000000
vt -11.909041 17.993676 0.000000
vt -11.909041 16.869071 0.000000
vt -11.909041 15.744466 0.000000
vt -10.207749 19.243237 0.000000
vt -10.207749 17.993676 0.000000
vt -10.207749 16.869071 0.000000
vt -10.207749 15.744466 0.000000
vt -10.207749 14.619862 0.000000
vt -8.506458 19.243237 0.000000
vt -8.506458 17.993676 0.000000
vt -8.506458 16.869071 0.000000
vt -8.506458 15.744466 0.000000
vt -8.506458 14.619862 0.000000
vt -8.506458 13.495257 0.000000
vt -6.805166 19.243237 0.000000
vt -6.805166 17.993676 0.000000
vt -6.805166 16.869071 0.000000
vt -6.805166 15.744466 0.000000
vt -6.805166 14.619862 0.000000
vt -6.805166 13.495257 0.000000
vt -6.805166 12.370652 0.000000
vt -5.103875 19.243237 0.000000
vt -5.103875 17.993676 0.000000
vt -5.103875 16.869071 0.000000
vt -5.103875 15.744466 0.000000
vt -5.103875 14.619862 0.000000
vt -5.103875 13.495257 0.000000
vt -5.103875 12.370652 0.000000
vt -5.103875 11.246047 0.000000
vt -3.402583 19.243237 0.000000
vt -3.402583 17.993676 0.000000
vt -3.402583 16.869071 0.000000
vt -3.402583 15.744466 0.000000
vt -3.402583 14.619862 0.000000
vt -3.402583 13.495257 0.000000
vt -3.402583 12.370652 0.000000
vt -3.402583 11.246047 0.000000
vt -3.402583 10.121443 0.000000
vt -22.116790 16.869071 0.000000
vt -20.415498 15.744466 0.000000
vt -18.714207 14.619862 0.000000
vt -17.012915 13.495257 0.000000
vt -15.311624 12.370652 0.000000
vt -13.610332 11.246047 0.000000
vt -11.909041 10.121443 0.000000
vt -10.207749 8.996838 0.000000
vt -8.506458 7.872233 0.000000
vt -6.805166 6.747628 0.000000
vt -5.103875 5.623024 0.000000
vt -3.402583 4.498419 0.000000
vt -23.818081 14.619862 0.000000
vt -22.116790 13.495257 0.000000
vt -20.415498 12.370652 0.000000
vt -18.714207 11.246047 0.000000
vt -17.012915 10.121443 0.000000
vt -15.311624 8.996838 0.000000
vt -13.610332 7.872233 0.000000
vt -11.909041 6.747628 0.000000
vt -10.207749 5.623024 0.000000
vt -8.506458 4.498419 0.000000
vt -6.805166 3.373814 0.000000
vt -5.103875 2.249209 0.000000
vt -23.818081 13.495257 0.000000
vt -22.116790 12.370652 0.000000
vt -20.415498 11.246047 0.000000
vt -18.714207 10.121443 0.000000
vt -17.012915 8.996838 0.000000
vt -15.311624 7.872233 0.000000
vt -13.610332 6.747628 0.000000
vt -11.909041 5.623024 0.000000
vt -10.207749 4.498419 0.000000
vt -8.506458 3.373814 0.000000
vt -6.805166 2.249209 0.000000
vt -23.818081 12.370652 0.000000
vt -22.116790 11.246047 0.000000
vt -20.415498 10.121443 0.000000
vt -18.714207 8.996838 0.000000
vt -17.012915 7.872233 0.000000
vt -15.311624 6.747628 0.000000
vt -13.610332 5.623024 0.000000
vt -11.909041 4.498419 0.000000
vt -10.207749 3.373814 0.000000
vt -8.506458 2.249209 0.000000
vt -23.818081 11.246047 0.000000
vt -22.116790 10.121443 0.000000
vt -20.415498 8.996838 0.000000
vt -18.714207 7.872233 0.000000
vt -17.012915 6.747628 0.000000
vt -15.311624 5.623024 0.000000
vt -13.610332 4.498419 0.000000
vt -11.909041 3.373814 0.000000
vt -10.207749 2.249209 0.000000
vt -23.818081 5.623024 0.000000
vt -22.116790 4.498419 0.000000
vt -23.818081 4.498419 0.000000
vt -23.818081 3.373814 0.000000
vt -11.909041 45.484014 0.000000
vt -11.909041 44.234453 0.000000
vt -11.909041 42.984892 0.000000
vt -11.909041 41.735332 0.000000
vt -11.909041 40.485771 0.000000
vt -11.909041 39.236210 0.000000
vt -10.207749 45.484014 0.000000
vt -10.207749 44.234453 0.000000
vt -10.207749 42.984892 0.000000
vt -10.207749 41.735332 0.000000
vt -10.207749 40.485771 0.000000
vt -10.207749 39.236210 0.000000
vt -8.506458 45.484014 0.000000
vt -8.506458 44.234453 0.000000
vt -8.506458 42.984892 0.000000
vt -8.506458 41.735332 0.000000
vt -8.506458 40.485771 0.000000
vt -8.506458 39.236210 0.000000
vt -6.805166 45.484014 0.000000
vt -6.805166 44.234453 0.000000
vt -6.805166 42.984892 0.000000
vt -6.805166 41.735332 0.000000
vt -6.805166 40.485771 0.000000
vt -6.805166 39.236210 0.000000
vt -5.103875 45.484014 0.000000
vt -5.103875 44.234453 0.000000
vt -5.103875 42.984892 0.000000
vt -5.103875 41.735332 0.000000
vt -5.103875 40.485771 0.000000
vt -5.103875 39.236210 0.000000
vt -3.402583 45.484014 0.000000
vt -3.402583 44.234453 0.000000
vt -3.402583 42.984892 0.000000
vt -3.402583 41.735332 0.000000
vt -3.402583 40.485771 0.000000
vt -3.402583 39.236210 0.000000
vt -22.116790 44.234453 0.000000
vt -23.818081 44.354184 0.000000
vt -20.415498 42.984892 0.000000
vt -23.818081 39.236210 0.000000
vt -39.279202 1.124605 0.000000
vt -38.051727 0.000000 0.000000
vt -38.051727 1.124605 0.000000
vt -36.824252 0.000000 0.000000
vt -36.824252 1.124605 0.000000
vt -35.596777 0.000000 0.000000
vt -35.596777 1.124605 0.000000
vt -34.369302 0.000000 0.000000
vt -34.369302 1.124605 0.000000
vt -33.141827 0.000000 0.000000
vt -33.141827 1.124605 0.000000
vt -31.914352 0.000000 0.000000
vt -31.914352 1.124605 0.000000
vt -30.686877 0.000000 0.000000
vt -30.686877 1.124605 0.000000
vt -29.459402 0.000000 0.000000
vt -29.459402 1.124605 0.000000
vt -28.231927 1.124605 0.000000
vt -29.459402 2.249209 0.000000
vt -28.231927 2.249209 0.000000
vt -29.459402 3.373814 0.000000
vt -28.231927 3.373814 0.000000
vt -29.459402 4.498419 0.000000
vt -28.231927 4.498419 0.000000
vt -29.459402 5.623024 0.000000
vt -28.231927 5.623024 0.000000
vt -29.459402 6.747628 0.000000
vt -28.231927 6.747628 0.000000
vt -29.459402 7.872233 0.000000
vt -28.231927 7.872233 0.000000
vt -29.459402 8.996838 0.000000
vt -28.231927 8.996838 0.000000
vt -29.459402 10.121443 0.000000
vt -28.231927 10.121443 0.000000
vt -29.459402 11.246047 0.000000
vt -28.231927 11.246047 0.000000
vt -29.459402 12.370652 0.000000
vt -28.231927 12.370652 0.000000
vt -29.459402 13.495257 0.000000
vt -28.231927 13.495257 0.000000
vt -29.459402 14.619862 0.000000
vt -28.231927 14.619862 0.000000
vt -29.459402 15.744466 0.000000
vt -28.231927 15.744466 0.000000
vt -29.459402 16.869071 0.000000
vt -28.231927 16.869071 0.000000
vt -29.459402 17.993676 0.000000
vt -28.231927 17.993676 0.000000
vt -29.459402 19.243237 0.000000
vt -28.231927 19.243237 0.000000
vt -29.459402 20.492798 0.000000
vt -28.231927 20.492798 0.000000
vt -29.459402 21.742358 0.000000
vt -28.231927 21.742358 0.000000
vt -29.459402 22.991919 0.000000
vt -28.231927 22.991919 0.000000
vt -29.459402 24.241480 0.000000
vt -28.231927 24.241480 0.000000
vt -29.459402 25.491041 0.000000
vt -28.231927 25.491041 0.000000
vt -29.459402 26.740602 0.000000
vt -28.231927 26.740602 0.000000
vt -29.459402 27.990162 0.000000
vt -28.231927 27.990162 0.000000
vt -29.459402 29.239723 0.000000
vt -28.231927 29.239723 0.000000
vt -29.459402 30.489284 0.000000
vt -28.231927 30.489284 0.000000
vt -29.459402 31.738845 0.000000
vt -28.231927 31.738845 0.000000
vt -29.459402 32.988406 0.000000
vt -28.231927 32.988406 0.000000
vt -29.459402 34.237967 0.000000
vt -28.231927 34.237967 0.000000
vt -29.459402 35.487527 0.000000
vt -28.231927 35.487527 0.000000
vt -29.459402 36.737088 0.000000
vt -28.231927 36.737088 0.000000
vt -29.459402 37.986649 0.000000
vt -28.231927 37.986649 0.000000
vt -29.459402 39.236210 0.000000
vt -28.231927 39.236210 0.000000
vt -29.459402 40.485771 0.000000
vt -28.231927 40.485771 0.000000
vt -29.459402 41.735332 0.000000
vt -28.231927 41.735332 0.000000
vt -29.459402 42.984892 0.000000
vt -28.231927 42.984892 0.000000
vt -29.459402 44.234453 0.000000
vt -28.231927 44.234453 0.000000
vt -29.459402 45.484014 0.000000
vt -28.231927 45.484014 0.000000
vt -29.459402 46.733575 0.000000
vt -28.231927 46.733575 0.000000
vt -29.459402 47.983136 0.000000
vt -27.004451 47.983136 0.000000
vt -27.004451 46.733575 0.000000
vt -25.776976 46.733575 0.000000
vt -25.776976 45.484014 0.000000
vt -24.549501 45.484014 0.000000
vt -24.549501 44.234453 0.000000
vt -23.322026 44.234453 0.000000
vt -23.322026 42.984892 0.000000
vt -22.094551 42.984892 0.000000
vt -22.094551 41.735332 0.000000
vt -20.867076 41.735332 0.000000
vt -20.867076 40.485771 0.000000
vt -19.639601 41.585384 0.000000
vt -19.639601 39.985946 0.000000
vt -20.867076 39.236210 0.000000
vt -19.639601 38.386509 0.000000
vt -20.867076 37.986649 0.000000
vt -19.639601 36.787071 0.000000
vt -20.867076 36.737088 0.000000
vt -20.867076 35.487527 0.000000
vt -22.094551 36.737088 0.000000
vt -22.094551 35.487527 0.000000
vt -23.322026 36.737088 0.000000
vt -23.322026 35.487527 0.000000
vt -24.549501 36.737088 0.000000
vt -24.549501 35.487527 0.000000
vt -25.776976 36.737088 0.000000
vt -25.776976 35.487527 0.000000
vt -27.004451 36.737088 0.000000
vt -27.004451 35.487527 0.000000
vt -27.004451 0.000000 0.000000
vt -27.004451 1.124605 0.000000
vt -27.004451 2.249209 0.000000
vt -27.004451 3.373814 0.000000
vt -27.004451 4.498419 0.000000
vt -27.004451 5.623024 0.000000
vt -27.004451 6.747628 0.000000
vt -27.004451 7.872233 0.000000
vt -27.004451 8.996838 0.000000
vt -27.004451 10.121443 0.000000
vt -27.004451 11.246047 0.000000
vt -27.004451 12.370652 0.000000
vt -27.004451 13.495257 0.000000
vt -27.004451 14.619862 0.000000
vt -27.004451 15.744466 0.000000
vt -27.004451 16.869071 0.000000
vt -27.004451 17.993676 0.000000
vt -27.004451 19.243237 0.000000
vt -27.004451 20.492798 0.000000
vt -27.004451 21.742358 0.000000
vt -27.004451 22.991919 0.000000
vt -27.004451 24.241480 0.000000
vt -27.004451 25.491041 0.000000
vt -27.004451 26.740602 0.000000
vt -27.004451 27.990162 0.000000
vt -27.004451 29.239723 0.000000
vt -27.004451 30.489284 0.000000
vt -27.004451 31.738845 0.000000
vt -27.004451 32.988406 0.000000
vt -27.004451 34.237967 0.000000
vt -25.776976 1.124605 0.000000
vt -24.549501 0.000000 0.000000
vt -24.549501 1.124605 0.000000
vt -23.322026 1.124605 0.000000
vt -24.549501 2.249209 0.000000
vt -23.322026 2.249209 0.000000
vt -24.549501 3.373814 0.000000
vt -23.322026 3.373814 0.000000
vt -24.549501 4.498419 0.000000
vt -23.322026 4.498419 0.000000
vt -24.549501 5.623024 0.000000
vt -23.322026 5.623024 0.000000
vt -24.549501 6.747628 0.000000
vt -23.322026 6.747628 0.000000
vt -24.549501 7.872233 0.000000
vt -23.322026 7.872233 0.000000
vt -24.549501 8.996838 0.000000
vt -23.322026 8.996838 0.000000
vt -24.549501 10.121443 0.000000
vt -23.322026 10.121443 0.000000
vt -24.549501 11.246047 0.000000
vt -23.322026 11.246047 0.000000
vt -24.549501 12.370652 0.000000
vt -23.322026 12.370652 0.000000
vt -24.549501 13.495257 0.000000
vt -23.322026 13.495257 0.000000
vt -24.549501 14.619862 0.000000
vt -23.322026 14.619862 0.000000
vt -24.549501 15.744466 0.000000
vt -23.322026 15.744466 0.000000
vt -24.549501 16.869071 0.000000
vt -23.322026 16.869071 0.000000
vt -24.549501 17.993676 0.000000
vt -23.322026 17.993676 0.000000
vt -24.549501 19.243237 0.000000
vt -23.322026 19.243237 0.000000
vt -24.549501 20.492798 0.000000
vt -23.322026 20.492798 0.000000
vt -24.549501 21.742358 0.000000
vt -23.322026 21.742358 0.000000
vt -24.549501 22.991919 0.000000
vt -23.322026 22.991919 0.000000
vt -24.549501 24.241480 0.000000
vt -23.322026 24.241480 0.000000
vt -24.549501 25.491041 0.000000
vt -23.322026 25.491041 0.000000
vt -24.549501 26.740602 0.000000
vt -23.322026 26.740602 0.000000
vt -24.549501 27.990162 0.000000
vt -23.322026 27.990162 0.000000
vt -24.549501 29.239723 0.000000
vt -23.322026 29.239723 0.000000
vt -24.549501 30.489284 0.000000
vt -23.322026 30.489284 0.000000
vt -24.549501 31.738845 0.000000
vt -23.322026 31.738845 0.000000
vt -24.549501 32.988406 0.000000
vt -23.322026 32.988406 0.000000
vt -24.549501 34.237967 0.000000
vt -23.322026 34.237967 0.000000
vt -22.094551 0.000000 0.000000
vt -22.094551 1.124605 0.000000
vt -22.094551 2.249209 0.000000
vt -22.094551 3.373814 0.000000
vt -22.094551 4.498419 0.000000
vt -22.094551 5.623024 0.000000
vt -22.094551 6.747628 0.000000
vt -22.094551 7.872233 0.000000
vt -22.094551 8.996838 0.000000
vt -22.094551 10.121443 0.000000
vt -22.094551 11.246047 0.000000
vt -22.094551 12.370652 0.000000
vt -22.094551 13.495257 0.000000
vt -22.094551 14.619862 0.000000
vt -22.094551 15.744466 0.000000
vt -22.094551 16.869071 0.000000
vt -22.094551 17.993676 0.000000
vt -22.094551 19.243237 0.000000
vt -22.094551 20.492798 0.000000
vt -22.094551 21.742358 0.000000
vt -22.094551 22.991919 0.000000
vt -22.094551 24.241480 0.000000
vt -22.094551 25.491041 0.000000
vt -22.094551 26.740602 0.000000
vt -22.094551 27.990162 0.000000
vt -22.094551 29.239723 0.000000
vt -22.094551 30.489284 0.000000
vt -22.094551 31.738845 0.000000
vt -22.094551 32.988406 0.000000
vt -22.094551 34.237967 0.000000
vt -20.867076 1.124605 0.000000
vt -19.639601 0.000000 0.000000
vt -19.639601 1.599438 0.000000
vt -20.867076 2.249209 0.000000
vt -19.639601 3.198876 0.000000
vt -20.867076 3.373814 0.000000
vt -20.867076 4.498419 0.000000
vt -19.639601 4.798314 0.000000
vt -20.867076 5.623024 0.000000
vt -19.639601 6.397751 0.000000
vt -20.867076 6.747628 0.000000
vt -19.639601 7.997189 0.000000
vt -20.867076 7.872233 0.000000
vt -20.867076 8.996838 0.000000
vt -19.639601 9.596627 0.000000
vt -20.867076 10.121443 0.000000
vt -19.639601 11.196065 0.000000
vt -20.867076 11.246047 0.000000
vt -20.867076 12.370652 0.000000
vt -19.639601 12.795503 0.000000
vt -20.867076 13.495257 0.000000
vt -19.639601 14.394941 0.000000
vt -20.867076 14.619862 0.000000
vt -20.867076 15.744466 0.000000
vt -19.639601 15.994379 0.000000
vt -20.867076 16.869071 0.000000
vt -19.639601 17.593816 0.000000
vt -20.867076 17.993676 0.000000
vt -19.639601 19.193254 0.000000
vt -20.867076 19.243237 0.000000
vt -20.867076 20.492798 0.000000
vt -19.639601 20.792692 0.000000
vt -20.867076 21.742358 0.000000
vt -19.639601 22.392130 0.000000
vt -20.867076 22.991919 0.000000
vt -19.639601 23.991568 0.000000
vt -20.867076 24.241480 0.000000
vt -19.639601 25.591006 0.000000
vt -20.867076 25.491041 0.000000
vt -20.867076 26.740602 0.000000
vt -19.639601 27.190444 0.000000
vt -20.867076 27.990162 0.000000
vt -19.639601 28.789881 0.000000
vt -20.867076 29.239723 0.000000
vt -19.639601 30.389319 0.000000
vt -20.867076 30.489284 0.000000
vt -20.867076 31.738845 0.000000
vt -19.639601 31.988757 0.000000
vt -20.867076 32.988406 0.000000
vt -19.639601 33.588195 0.000000
vt -20.867076 34.237967 0.000000
vt -19.639601 35.187633 0.000000
vt -20.867076 42.984892 0.000000
vt -19.639601 43.184822 0.000000
vt -20.867076 44.234453 0.000000
vt -19.639601 44.784260 0.000000
vt -20.867076 45.484014 0.000000
vt -19.639601 46.383698 0.000000
vt -20.867076 46.733575 0.000000
vt -19.639601 47.983136 0.000000
vt -22.094551 47.983136 0.000000
vt -24.549501 47.983136 0.000000
vt -23.322026 46.733575 0.000000
vt -22.094551 46.733575 0.000000
vt -24.549501 46.733575 0.000000
vt -23.322026 45.484014 0.000000
vt -22.094551 45.484014 0.000000
vt -22.094551 44.234453 0.000000
vt -30.686877 47.983136 0.000000
vt -30.686877 46.733575 0.000000
vt -30.686877 45.484014 0.000000
vt -30.686877 44.234453 0.000000
vt -30.686877 42.984892 0.000000
vt -30.686877 41.735332 0.000000
vt -30.686877 40.485771 0.000000
vt -30.686877 39.236210 0.000000
vt -30.686877 37.986649 0.000000
vt -30.686877 36.737088 0.000000
vt -30.686877 35.487527 0.000000
vt -30.686877 34.237967 0.000000
vt -30.686877 32.988406 0.000000
vt -30.686877 31.738845 0.000000
vt -30.686877 30.489284 0.000000
vt -30.686877 29.239723 0.000000
vt -30.686877 27.990162 0.000000
vt -30.686877 26.740602 0.000000
vt -30.686877 25.491041 0.000000
vt -30.686877 24.241480 0.000000
vt -30.686877 22.991919 0.000000
vt -30.686877 21.742358 0.000000
vt -30.686877 20.492798 0.000000
vt -30.686877 19.243237 0.000000
vt -30.686877 17.993676 0.000000
vt -30.686877 16.869071 0.000000
vt -30.686877 15.744466 0.000000
vt -30.686877 14.619862 0.000000
vt -30.686877 13.495257 0.000000
vt -30.686877 12.370652 0.000000
vt -30.686877 11.246047 0.000000
vt -30.686877 10.121443 0.000000
vt -30.686877 8.996838 0.000000
vt -30.686877 7.872233 0.000000
vt -30.686877 6.747628 0.000000
vt -30.686877 5.623024 0.000000
vt -30.686877 4.498419 0.000000
vt -30.686877 3.373814 0.000000
vt -30.686877 2.249209 0.000000
vt -31.914352 47.983136 0.000000
vt -31.914352 46.733575 0.000000
vt -31.914352 45.484014 0.000000
vt -31.914352 44.234453 0.000000
vt -31.914352 42.984892 0.000000
vt -31.914352 41.735332 0.000000
vt -31.914352 40.485771 0.000000
vt -31.914352 39.236210 0.000000
vt -31.914352 37.986649 0.000000
vt -31.914352 36.737088 0.000000
vt -31.914352 35.487527 0.000000
vt -31.914352 34.237967 0.000000
vt -31.914352 32.988406 0.000000
vt -31.914352 31.738845 0.000000
vt -31.914352 30.489284 0.000000
vt -31.914352 29.239723 0.000000
vt -31.914352 27.990162 0.000000
vt -31.914352 26.740602 0.000000
vt -31.914352 25.491041 0.000000
vt -31.914352 24.241480 0.000000
vt -31.914352 22.991919 0.000000
vt -31.914352 21.742358 0.000000
vt -31.914352 20.492798 0.000000
vt -31.914352 19.243237 0.000000
vt -31.914352 17.993676 0.000000
vt -31.914352 16.869071 0.000000
vt -31.914352 15.744466 0.000000
vt -31.914352 14.619862 0.000000
vt -31.914352 13.495257 0.000000
vt -31.914352 12.370652 0.000000
vt -31.914352 11.246047 0.000000
vt -31.914352 10.121443 0.000000
vt -31.914352 8.996838 0.000000
vt -31.914352 7.872233 0.000000
vt -31.914352 6.747628 0.000000
vt -31.914352 5.623024 0.000000
vt -31.914352 4.498419 0.000000
vt -31.914352 3.373814 0.000000
vt -31.914352 2.249209 0.000000
vt -33.141827 47.983136 0.000000
vt -33.141827 46.733575 0.000000
vt -33.141827 45.484014 0.000000
vt -33.141827 44.234453 0.000000
vt -33.141827 42.984892 0.000000
vt -33.141827 41.735332 0.000000
vt -33.141827 40.485771 0.000000
vt -33.141827 39.236210 0.000000
vt -33.141827 37.986649 0.000000
vt -33.141827 36.737088 0.000000
vt -33.141827 35.487527 0.000000
vt -33.141827 34.237967 0.000000
vt -33.141827 32.988406 0.000000
vt -33.141827 31.738845 0.000000
vt -33.141827 30.489284 0.000000
vt -33.141827 29.239723 0.000000
vt -33.141827 27.990162 0.000000
vt -33.141827 26.740602 0.000000
vt -33.141827 25.491041 0.000000
vt -33.141827 24.241480 0.000000
vt -33.141827 22.991919 0.000000
vt -33.141827 21.742358 0.000000
vt -33.141827 20.492798 0.000000
vt -33.141827 19.243237 0.000000
vt -33.141827 17.993676 0.000000
vt -33.141827 16.869071 0.000000
vt -33.141827 15.744466 0.000000
vt -33.141827 14.619862 0.000000
vt -33.141827 13.495257 0.000000
vt -33.141827 12.370652 0.000000
vt -33.141827 11.246047 0.000000
vt -33.141827 10.121443 0.000000
vt -33.141827 8.996838 0.000000
vt -33.141827 7.872233 0.000000
vt -33.141827 6.747628 0.000000
vt -33.141827 5.623024 0.000000
vt -33.141827 4.498419 0.000000
vt -33.141827 3.373814 0.000000
vt -33.141827 2.249209 0.000000
vt -34.369302 47.983136 0.000000
vt -34.369302 46.733575 0.000000
vt -34.369302 45.484014 0.000000
vt -34.369302 44.234453 0.000000
vt -34.369302 42.984892 0.000000
vt -34.369302 41.735332 0.000000
vt -34.369302 40.485771 0.000000
vt -34.369302 39.236210 0.000000
vt -34.369302 37.986649 0.000000
vt -34.369302 36.737088 0.000000
vt -34.369302 35.487527 0.000000
vt -34.369302 34.237967 0.000000
vt -34.369302 32.988406 0.000000
vt -34.369302 31.738845 0.000000
vt -34.369302 30.489284 0.000000
vt -34.369302 29.239723 0.000000
vt -34.369302 27.990162 0.000000
vt -34.369302 26.740602 0.000000
vt -34.369302 25.491041 0.000000
vt -34.369302 24.241480 0.000000
vt -34.369302 22.991919 0.000000
vt -34.369302 21.742358 0.000000
vt -34.369302 20.492798 0.000000
vt -34.369302 19.243237 0.000000
vt -34.369302 17.993676 0.000000
vt -34.369302 16.869071 0.000000
vt -34.369302 15.744466 0.000000
vt -34.369302 14.619862 0.000000
vt -34.369302 13.495257 0.000000
vt -34.369302 12.370652 0.000000
vt -34.369302 11.246047 0.000000
vt -34.369302 10.121443 0.000000
vt -34.369302 8.996838 0.000000
vt -34.369302 7.872233 0.000000
vt -34.369302 6.747628 0.000000
vt -34.369302 5.623024 0.000000
vt -34.369302 4.498419 0.000000
vt -34.369302 3.373814 0.000000
vt -34.369302 2.249209 0.000000
vt -35.596777 47.983136 0.000000
vt -35.596777 46.733575 0.000000
vt -35.596777 45.484014 0.000000
vt -35.596777 44.234453 0.000000
vt -35.596777 42.984892 0.000000
vt -35.596777 41.735332 0.000000
vt -35.596777 40.485771 0.000000
vt -35.596777 39.236210 0.000000
vt -35.596777 37.986649 0.000000
vt -35.596777 36.737088 0.000000
vt -35.596777 35.487527 0.000000
vt -35.596777 34.237967 0.000000
vt -35.596777 32.988406 0.000000
vt -35.596777 31.738845 0.000000
vt -35.596777 30.489284 0.000000
vt -35.596777 29.239723 0.000000
vt -35.596777 27.990162 0.000000
vt -35.596777 26.740602 0.000000
vt -35.596777 25.491041 0.000000
vt -35.596777 24.241480 0.000000
vt -35.596777 22.991919 0.000000
vt -35.596777 21.742358 0.000000
vt -35.596777 20.492798 0.000000
vt -35.596777 19.243237 0.000000
vt -35.596777 17.993676 0.000000
vt -35.596777 16.869071 0.000000
vt -35.596777 15.744466 0.000000
vt -35.596777 14.619862 0.000000
vt -35.596777 13.495257 0.000000
vt -35.596777 12.370652 0.000000
vt -35.596777 11.246047 0.000000
vt -35.596777 10.121443 0.000000
vt -35.596777 8.996838 0.000000
vt -35.596777 7.872233 0.000000
vt -35.596777 6.747628 0.000000
vt -35.596777 5.623024 0.000000
vt -35.596777 4.498419 0.000000
vt -35.596777 3.373814 0.000000
vt -35.596777 2.249209 0.000000
vt -36.824252 47.983136 0.000000
vt -36.824252 46.733575 0.000000
vt -36.824252 45.484014 0.000000
vt -36.824252 44.234453 0.000000
vt -36.824252 42.984892 0.000000
vt -36.824252 41.735332 0.000000
vt -36.824252 40.485771 0.000000
vt -36.824252 39.236210 0.000000
vt -36.824252 37.986649 0.000000
vt -36.824252 36.737088 0.000000
vt -36.824252 35.487527 0.000000
vt -36.824252 34.237967 0.000000
vt -36.824252 32.988406 0.000000
vt -36.824252 31.738845 0.000000
vt -36.824252 30.489284 0.000000
vt -36.824252 29.239723 0.000000
vt -36.824252 27.990162 0.000000
vt -36.824252 26.740602 0.000000
vt -36.824252 25.491041 0.000000
vt -36.824252 24.241480 0.000000
vt -36.824252 22.991919 0.000000
vt -36.824252 21.742358 0.000000
vt -36.824252 20.492798 0.000000
vt -36.824252 19.243237 0.000000
vt -36.824252 17.993676 0.000000
vt -36.824252 16.869071 0.000000
vt -36.824252 15.744466 0.000000
vt -36.824252 14.619862 0.000000
vt -36.824252 13.495257 0.000000
vt -36.824252 12.370652 0.000000
vt -36.824252 11.246047 0.000000
vt -36.824252 10.121443 0.000000
vt -36.824252 8.996838 0.000000
vt -36.824252 7.872233 0.000000
vt -36.824252 6.747628 0.000000
vt -36.824252 5.623024 0.000000
vt -36.824252 4.498419 0.000000
vt -36.824252 3.373814 0.000000
vt -36.824252 2.249209 0.000000
vt -38.051727 47.983136 0.000000
vt -38.051727 46.733575 0.000000
vt -38.051727 45.484014 0.000000
vt -38.051727 44.234453 0.000000
vt -38.051727 42.984892 0.000000
vt -38.051727 41.735332 0.000000
vt -38.051727 40.485771 0.000000
vt -38.051727 39.236210 0.000000
vt -38.051727 37.986649 0.000000
vt -38.051727 36.737088 0.000000
vt -38.051727 35.487527 0.000000
vt -38.051727 34.237967 0.000000
vt -38.051727 32.988406 0.000000
vt -38.051727 31.738845 0.000000
vt -38.051727 30.489284 0.000000
vt -38.051727 29.239723 0.000000
vt -38.051727 27.990162 0.000000
vt -38.051727 26.740602 0.000000
vt -38.051727 25.491041 0.000000
vt -38.051727 24.241480 0.000000
vt -38.051727 22.991919 0.000000
vt -38.051727 21.742358 0.000000
vt -38.051727 20.492798 0.000000
vt -38.051727 19.243237 0.000000
vt -38.051727 17.993676 0.000000
vt -38.051727 16.869071 0.000000
vt -38.051727 15.744466 0.000000
vt -38.051727 14.619862 0.000000
vt -38.051727 13.495257 0.000000
vt -38.051727 12.370652 0.000000
vt -38.051727 11.246047 0.000000
vt -38.051727 10.121443 0.000000
vt -38.051727 8.996838 0.000000
vt -38.051727 7.872233 0.000000
vt -38.051727 6.747628 0.000000
vt -38.051727 5.623024 0.000000
vt -38.051727 4.498419 0.000000
vt -38.051727 3.373814 0.000000
vt -38.051727 2.249209 0.000000
vt -39.279202 47.983136 0.000000
vt -39.279202 46.733575 0.000000
vt -39.279202 45.484014 0.000000
vt -39.279202 44.234453 0.000000
vt -39.279202 42.984892 0.000000
vt -39.279202 41.735332 0.000000
vt -39.279202 40.485771 0.000000
vt -39.279202 39.236210 0.000000
vt -39.279202 37.986649 0.000000
vt -39.279202 36.737088 0.000000
vt -39.279202 35.487527 0.000000
vt -39.279202 34.237967 0.000000
vt -39.279202 32.988406 0.000000
vt -39.279202 30.489284 0.000000
vt -39.279202 29.239723 0.000000
vt -39.279202 27.990162 0.000000
vt -39.279202 26.740602 0.000000
vt -39.279202 25.491041 0.000000
vt -39.279202 24.241480 0.000000
vt -39.279202 22.991919 0.000000
vt -39.279202 21.742358 0.000000
vt -39.279202 20.492798 0.000000
vt -39.279202 19.243237 0.000000
vt -39.279202 17.993676 0.000000
vt -39.279202 16.869071 0.000000
vt -39.279202 14.619862 0.000000
vt -39.279202 13.495257 0.000000
vt -39.279202 12.370652 0.000000
vt -39.279202 11.246047 0.000000
vt -39.279202 10.121443 0.000000
vt -39.279202 8.996838 0.000000
vt -39.279202 7.872233 0.000000
vt -39.279202 6.747628 0.000000
vt -39.279202 5.623024 0.000000
vt -39.279202 4.498419 0.000000
vt -39.279202 3.373814 0.000000
vt -39.279202 2.249209 0.000000
vt -25.776976 2.249209 0.000000
vt -25.776976 3.373814 0.000000
vt -25.776976 4.498419 0.000000
vt -25.776976 5.623024 0.000000
vt -25.776976 6.747628 0.000000
vt -25.776976 7.872233 0.000000
vt -25.776976 8.996838 0.000000
vt -25.776976 10.121443 0.000000
vt -25.776976 11.246047 0.000000
vt -25.776976 12.370652 0.000000
vt -25.776976 13.495257 0.000000
vt -25.776976 14.619862 0.000000
vt -25.776976 15.744466 0.000000
vt -25.776976 16.869071 0.000000
vt -25.776976 17.993676 0.000000
vt -25.776976 19.243237 0.000000
vt -25.776976 20.492798 0.000000
vt -25.776976 21.742358 0.000000
vt -25.776976 22.991919 0.000000
vt -25.776976 24.241480 0.000000
vt -25.776976 25.491041 0.000000
vt -25.776976 26.740602 0.000000
vt -25.776976 27.990162 0.000000
vt -25.776976 29.239723 0.000000
vt -25.776976 30.489284 0.000000
vt -25.776976 31.738845 0.000000
vt -25.776976 32.988406 0.000000
vt -25.776976 34.237967 0.000000
vt -39.279202 15.744466 0.000000
vt -39.279202 31.738845 0.000000
vt -22.094551 37.986649 0.000000
vt -22.094551 39.236210 0.000000
vt -22.094551 40.485771 0.000000
vt -23.322026 37.986649 0.000000
vt -23.322026 39.236210 0.000000
vt -23.322026 40.485771 0.000000
vt -23.322026 41.735332 0.000000
vt -24.549501 37.986649 0.000000
vt -24.549501 39.236210 0.000000
vt -24.549501 40.485771 0.000000
vt -24.549501 41.735332 0.000000
vt -24.549501 42.984892 0.000000
vt -25.776976 37.986649 0.000000
vt -25.776976 39.236210 0.000000
vt -25.776976 40.485771 0.000000
vt -25.776976 41.735332 0.000000
vt -25.776976 42.984892 0.000000
vt -25.776976 44.234453 0.000000
vt -27.004451 37.986649 0.000000
vt -27.004451 39.236210 0.000000
vt -27.004451 40.485771 0.000000
vt -27.004451 41.735332 0.000000
vt -27.004451 42.984892 0.000000
vt -27.004451 44.234453 0.000000
vt -27.004451 45.484014 0.000000
vn -0.098366 0.000000 0.018005
vn -0.098367 0.000000 0.017999
vn -0.094118 0.000000 0.033792
vn -0.094118 0.000000 0.033792
vn -0.078782 0.000000 0.061591
vn -0.099993 0.000000 0.001169
vn -0.099993 0.000000 0.001160
vn -0.098664 0.000000 -0.016293
vn -0.098662 0.000000 -0.016305
vn -0.094118 0.000000 -0.033792
vn -0.094118 0.000000 -0.033792
vn -0.086191 0.000000 -0.050706
vn -0.086191 0.000000 -0.050706
vn -0.075272 0.000000 -0.065834
vn -0.075272 0.000000 -0.065834
vn -0.061919 0.000000 -0.078524
vn -0.045855 0.000000 -0.088867
vn -0.045855 0.000000 -0.088867
vn -0.061919 0.000000 -0.078524
vn -0.027885 0.000000 -0.096034
vn -0.027885 0.000000 -0.096034
vn -0.009134 0.000000 -0.099582
vn -0.009134 0.000000 -0.099582
vn 0.009393 0.000000 -0.099558
vn 0.009393 0.000000 -0.099558
vn 0.028142 0.000000 -0.095959
vn 0.028142 0.000000 -0.095959
vn 0.046093 0.000000 -0.088743
vn 0.046093 0.000000 -0.088743
vn 0.062124 0.000000 -0.078362
vn 0.075441 0.000000 -0.065641
vn 0.075441 0.000000 -0.065641
vn 0.062124 0.000000 -0.078362
vn 0.086323 0.000000 -0.050481
vn 0.086323 0.000000 -0.050481
vn 0.094204 0.000000 -0.033550
vn 0.094204 0.000000 -0.033550
vn 0.098718 0.000000 -0.015962
vn 0.098718 0.000000 -0.015962
vn 0.099994 -0.000000 0.001072
vn 0.099994 -0.000000 0.001072
vn 0.098461 -0.000000 0.017479
vn 0.098461 -0.000000 0.017479
vn 0.087704 -0.000000 0.048043
vn 0.087704 -0.000000 0.048043
vn 0.068836 -0.000000 0.072536
vn 0.068836 -0.000000 0.072536
vn 0.042778 -0.000000 0.090388
vn 0.042778 -0.000000 0.090388
vn 0.026771 -0.000000 0.096350
vn 0.026771 -0.000000 0.096350
vn 0.009343 -0.000000 0.099563
vn 0.009343 -0.000000 0.099563
vn -0.008795 0.000000 0.099613
vn -0.008795 0.000000 0.099613
vn -0.026258 0.000000 0.096491
vn -0.026258 0.000000 0.096491
vn -0.042316 0.000000 0.090606
vn -0.056522 0.000000 0.082494
vn -0.056522 0.000000 0.082494
vn -0.042316 0.000000 0.090606
vn -0.078782 0.000000 0.061591
vn 0.000000 -0.020791 0.097815
vn 0.000000 -0.007632 0.099708
vn 0.000000 0.000000 0.100000
vn 0.000000 0.000000 0.100000
vn 0.000000 0.007632 0.099708
vn 0.000000 -0.040674 0.091355
vn 0.000000 -0.027836 0.096048
vn 0.000000 -0.022012 0.097547
vn 0.000000 -0.015141 0.098847
vn 0.000000 -0.058779 0.080902
vn 0.000000 -0.058779 0.080902
vn 0.000000 -0.040625 0.091376
vn 0.000000 -0.039681 0.091790
vn 0.000000 -0.040105 0.091606
vn 0.000000 -0.020742 0.097825
vn 0.000000 -0.020713 0.097831
vn 0.000000 0.000000 0.100000
vn 0.000000 0.000000 0.100000
vn 0.000000 0.020713 0.097831
vn 0.000000 -0.074314 0.066913
vn 0.000000 -0.074314 0.066913
vn 0.000000 -0.086603 0.050000
vn 0.000000 -0.086603 0.050000
vn 0.000000 -0.095106 0.030902
vn 0.000000 -0.095106 0.030902
vn 0.000000 -0.099452 0.010453
vn 0.000000 -0.099452 0.010453
vn 0.000000 -0.099452 -0.010453
vn 0.000000 -0.099452 -0.010453
vn 0.000000 -0.095106 -0.030902
vn 0.000000 -0.095106 -0.030902
vn 0.000000 -0.086603 -0.050000
vn 0.000000 -0.086603 -0.050000
vn 0.000000 -0.074314 -0.066913
vn 0.000000 -0.074314 -0.066913
vn 0.000000 -0.058779 -0.080902
vn 0.000000 -0.058779 -0.080902
vn 0.000000 -0.040674 -0.091355
vn 0.000000 -0.040674 -0.091355
vn 0.000000 -0.039352 -0.091932
vn 0.000000 -0.038605 -0.092248
vn 0.000000 -0.036328 -0.093168
vn 0.000000 -0.032634 -0.094525
vn 0.000000 -0.020791 -0.097815
vn 0.000000 -0.027836 -0.096048
vn 0.000000 -0.022012 -0.097547
vn 0.000000 -0.015141 -0.098847
vn 0.000000 -0.007632 -0.099708
vn 0.000000 -0.000000 -0.100000
vn 0.000000 -0.000000 -0.100000
vn 0.000000 0.007632 -0.099708
vn 0.000000 0.020791 -0.097815
vn 0.000000 0.015141 -0.098847
vn 0.000000 0.022012 -0.097547
vn 0.000000 0.027836 -0.096048
vn 0.000000 0.040674 -0.091355
vn 0.000000 0.032634 -0.094525
vn 0.000000 0.036328 -0.093168
vn 0.000000 0.038605 -0.092248
vn 0.000000 0.039352 -0.091932
vn 0.000000 0.040674 -0.091355
vn 0.000000 0.038605 -0.092248
vn 0.000000 0.036328 -0.093168
vn 0.000000 0.032634 -0.094525
vn 0.000000 0.027836 -0.096048
vn 0.000000 0.020791 -0.097815
vn 0.000000 0.022012 -0.097547
vn 0.000000 0.015141 -0.098847
vn 0.000000 0.007632 -0.099708
vn 0.000000 0.000000 -0.100000
vn 0.000000 0.000000 -0.100000
vn 0.000000 -0.007632 -0.099708
vn 0.000000 -0.020791 -0.097815
vn 0.000000 -0.015141 -0.098847
vn 0.000000 -0.022012 -0.097547
vn 0.000000 -0.027836 -0.096048
vn 0.000000 -0.032634 -0.094525
vn 0.000000 -0.036328 -0.093168
vn 0.000000 -0.038605 -0.092248
vn 0.000000 0.058779 -0.080902
vn 0.000000 0.058779 -0.080902
vn 0.000000 0.074314 -0.066913
vn 0.000000 0.074314 -0.066913
vn 0.000000 0.086603 -0.050000
vn 0.000000 0.086603 -0.050000
vn 0.000000 0.095106 -0.030902
vn 0.000000 0.095106 -0.030902
vn 0.000000 0.099452 -0.010453
vn 0.000000 0.099452 -0.010453
vn 0.000000 0.099452 0.010453
vn 0.000000 0.099452 0.010453
vn 0.000000 0.095106 0.030902
vn 0.000000 0.095106 0.030902
vn 0.000000 0.086603 0.050000
vn 0.000000 0.086603 0.050000
vn 0.000000 0.074314 0.066913
vn 0.000000 0.074314 0.066913
vn 0.000000 0.058779 0.080902
vn 0.000000 0.058779 0.080902
vn 0.000000 0.040674 0.091355
vn 0.000000 0.020791 0.097815
vn 0.000000 0.032634 0.094525
vn 0.000000 0.036328 0.093168
vn 0.000000 0.038605 0.092248
vn 0.000000 0.015141 0.098847
vn 0.000000 0.022012 0.097547
vn 0.000000 -0.082292 -0.056816
vn 0.000000 -0.073547 -0.067756
vn 0.000000 -0.069844 -0.071566
vn 0.000000 -0.065014 -0.075981
vn 0.000000 -0.061086 -0.079173
vn 0.000000 -0.054795 -0.083651
vn 0.000000 -0.057961 -0.081489
vn 0.000000 -0.056195 -0.082717
vn 0.000000 -0.056224 -0.082698
vn 0.000000 -0.040674 -0.091355
vn 0.000000 -0.037705 -0.092619
vn 0.000000 -0.020791 -0.097815
vn 0.000000 -0.019210 -0.098137
vn 0.000000 -0.000000 -0.100000
vn 0.000000 -0.000000 -0.100000
vn 0.000000 0.019210 -0.098137
vn 0.000000 0.020791 -0.097815
vn 0.000000 0.037705 -0.092619
vn 0.000000 0.040674 -0.091355
vn 0.000000 0.054795 -0.083651
vn 0.000000 0.058779 -0.080902
vn 0.000000 0.056224 -0.082698
vn 0.000000 0.058039 -0.081434
vn 0.000000 0.061197 -0.079088
vn 0.000000 0.069332 -0.072063
vn 0.000000 0.074314 -0.066913
vn 0.000000 0.078123 -0.062424
vn 0.000000 0.086603 -0.050000
vn 0.000000 0.086372 -0.050397
vn 0.000000 0.089829 -0.043940
vn 0.000000 0.095106 -0.030902
vn 0.000000 0.092808 -0.037237
vn 0.000000 0.095294 -0.030316
vn 0.000000 0.097162 -0.023653
vn 0.000000 0.099452 -0.010453
vn 0.000000 0.098423 -0.017688
vn 0.000000 0.099193 -0.012682
vn 0.000000 0.099630 -0.008597
vn 0.000000 0.099834 -0.005758
vn 0.000000 0.099906 -0.004341
vn 0.000000 0.099452 0.010453
vn 0.000000 0.099906 -0.004332
vn 0.000000 0.099393 0.011006
vn 0.000000 0.099517 -0.009821
vn 0.000000 -0.058779 -0.080902
vn 0.000000 -0.058039 -0.081434
vn 0.000000 -0.061197 -0.079088
vn 0.000000 -0.069332 -0.072063
vn 0.000000 -0.074314 -0.066913
vn 0.000000 -0.078123 -0.062424
vn 0.000000 -0.086603 -0.050000
vn 0.000000 -0.086372 -0.050397
vn 0.000000 -0.089829 -0.043940
vn 0.000000 -0.095106 -0.030902
vn 0.000000 -0.092808 -0.037237
vn 0.000000 -0.095294 -0.030316
vn 0.000000 -0.097162 -0.023653
vn 0.000000 -0.099452 -0.010453
vn 0.000000 -0.098423 -0.017688
vn 0.000000 -0.099193 -0.012682
vn 0.000000 -0.099630 -0.008597
vn 0.000000 -0.099834 -0.005758
vn 0.000000 -0.099906 -0.004341
vn 0.000000 -0.099452 0.010453
vn 0.000000 -0.099906 -0.004332
vn 0.000000 -0.099393 0.011006
vn 0.000000 -0.099517 -0.009821
vn 0.000000 -0.099836 -0.005728
vn 0.000000 -0.099634 -0.008548
vn 0.000000 -0.099201 -0.012618
vn 0.000000 -0.098437 -0.017612
vn 0.000000 -0.097184 -0.023565
vn 0.000000 -0.095324 -0.030221
vn 0.000000 -0.095106 0.030902
vn 0.000000 -0.094957 0.031355
vn 0.000000 -0.086603 0.050000
vn 0.000000 -0.086403 0.050344
vn 0.000000 -0.074314 0.066913
vn 0.000000 -0.074101 0.067149
vn 0.000000 -0.058779 0.080902
vn 0.000000 -0.058586 0.081042
vn 0.000000 -0.040577 0.091398
vn 0.000000 -0.040528 0.091419
vn 0.000000 0.020742 0.097825
vn 0.000000 0.040528 0.091419
vn 0.000000 0.040577 0.091398
vn 0.000000 0.058586 0.081042
vn 0.000000 0.058779 0.080902
vn 0.000000 0.074101 0.067149
vn 0.000000 0.074314 0.066913
vn 0.000000 0.086403 0.050344
vn 0.000000 0.086603 0.050000
vn 0.000000 0.094957 0.031355
vn 0.000000 0.095106 0.030902
vn 0.000000 0.095324 -0.030221
vn 0.000000 0.097184 -0.023565
vn 0.000000 0.098437 -0.017612
vn 0.000000 0.099201 -0.012618
vn 0.000000 0.099634 -0.008548
vn 0.000000 0.099836 -0.005728
vn 0.000000 0.056195 -0.082717
vn 0.000000 0.057961 -0.081489
vn 0.000000 0.061086 -0.079173
vn 0.000000 0.069844 -0.071566
vn 0.000000 0.065014 -0.075981
vn 0.000000 0.073547 -0.067756
vn 0.000000 0.082292 -0.056816
vn 0.000000 0.038605 0.092248
vn 0.000000 0.040625 0.091376
vn 0.000000 0.039352 0.091932
vn 0.000000 0.036328 0.093168
vn 0.000000 0.032634 0.094525
vn 0.000000 0.020771 0.097819
vn 0.000000 0.027836 0.096048
vn 0.000000 0.022012 0.097547
vn 0.000000 0.015141 0.098847
vn 0.000000 0.007632 0.099708
vn 0.000000 0.000000 0.100000
vn 0.000000 0.000000 0.100000
vn 0.000000 -0.007632 0.099708
vn 0.000000 -0.020771 0.097819
vn 0.000000 -0.015141 0.098847
vn 0.000000 -0.022012 0.097547
vn 0.000000 -0.027836 0.096048
vn 0.000000 -0.032634 0.094525
vn 0.000000 -0.036328 0.093168
vn 0.000000 -0.038605 0.092248
vn 0.000000 -0.039352 0.091932
vn 0.000000 -0.038605 0.092248
vn 0.000000 -0.036328 0.093168
vn 0.000000 -0.032634 0.094525
vn 0.000000 0.027836 0.096048
vn 0.019384 -0.098103 0.000000
vn 0.019384 -0.098103 0.000000
vn -0.000000 -0.100000 0.000000
vn -0.000000 -0.100000 0.000000
vn -0.019384 -0.098103 0.000000
vn 0.038441 -0.092316 0.000000
vn 0.038441 -0.092316 0.000000
vn 0.055884 -0.082928 0.000000
vn 0.055884 -0.082928 0.000000
vn 0.070686 -0.070736 0.000000
vn 0.070686 -0.070736 0.000000
vn 0.082893 -0.055936 0.000000
vn 0.092302 -0.038475 0.000000
vn 0.092302 -0.038475 0.000000
vn 0.082893 -0.055936 0.000000
vn 0.098101 -0.019395 0.000000
vn 0.098101 -0.019395 0.000000
vn 0.100000 -0.000000 0.000000
vn 0.100000 -0.000000 0.000000
vn 0.098101 0.019395 0.000000
vn 0.098101 0.019395 0.000000
vn 0.092302 0.038475 0.000000
vn 0.082893 0.055936 0.000000
vn 0.082893 0.055936 0.000000
vn 0.092302 0.038475 0.000000
vn 0.070686 0.070736 0.000000
vn 0.070686 0.070736 0.000000
vn 0.055884 0.082928 0.000000
vn 0.055884 0.082928 0.000000
vn 0.038441 0.092316 0.000000
vn 0.038441 0.092316 0.000000
vn 0.019384 0.098103 0.000000
vn 0.019384 0.098103 0.000000
vn 0.000000 0.100000 0.000000
vn 0.000000 0.100000 0.000000
vn -0.019384 0.098103 0.000000
vn -0.038441 0.092316 0.000000
vn -0.038441 0.092316 0.000000
vn -0.019384 0.098103 0.000000
vn -0.055884 0.082928 0.000000
vn -0.055884 0.082928 0.000000
vn -0.070686 0.070736 0.000000
vn -0.070686 0.070736 0.000000
vn -0.082893 0.055936 0.000000
vn -0.082893 0.055936 0.000000
vn -0.092302 0.038475 0.000000
vn -0.098101 0.019395 0.000000
vn -0.098101 0.019395 0.000000
vn -0.092302 0.038475 0.000000
vn -0.100000 -0.000000 0.000000
vn -0.100000 -0.000000 0.000000
vn -0.098101 -0.019395 0.000000
vn -0.098101 -0.019395 0.000000
vn -0.092302 -0.038475 0.000000
vn -0.092302 -0.038475 0.000000
vn -0.082893 -0.055936 0.000000
vn -0.070686 -0.070736 0.000000
vn -0.070686 -0.070736 0.000000
vn -0.082893 -0.055936 0.000000
vn -0.055884 -0.082928 0.000000
vn -0.055884 -0.082928 0.000000
vn -0.038441 -0.092316 0.000000
vn -0.038441 -0.092316 0.000000
vn -0.019384 -0.098103 0.000000
vn -0.097992 -0.019941 0.000000
vn -0.099961 -0.002808 0.000000
vn -0.100000 0.000000 0.000000
vn -0.098513 0.017182 0.000000
vn -0.097991 0.019942 0.000000
vn -0.093112 0.036471 0.000000
vn -0.092052 0.039070 0.000000
vn -0.083987 0.054279 0.000000
vn -0.082440 0.056600 0.000000
vn -0.071524 0.069888 0.000000
vn -0.069525 0.071876 0.000000
vn -0.056197 0.082716 0.000000
vn -0.053882 0.084242 0.000000
vn -0.038717 0.092201 0.000000
vn -0.036121 0.093249 0.000000
vn -0.019806 0.098019 0.000000
vn -0.017161 0.098517 0.000000
vn -0.000417 0.099999 0.000000
vn 0.002295 0.099974 0.000000
vn 0.018764 0.098224 0.000000
vn 0.021352 0.097694 0.000000
vn 0.037032 0.092890 0.000000
vn 0.039465 0.091883 0.000000
vn 0.053873 0.084248 0.000000
vn 0.056074 0.082799 0.000000
vn 0.068809 0.072562 0.000000
vn 0.070714 0.070708 0.000000
vn 0.081385 0.058108 0.000000
vn 0.082907 0.055915 0.000000
vn 0.091077 0.041291 0.000000
vn 0.092175 0.038778 0.000000
vn 0.097418 0.022579 0.000000
vn 0.098003 0.019884 0.000000
vn 0.099961 0.002786 0.000000
vn 0.100000 0.000000 0.000000
vn 0.098519 -0.017149 0.000000
vn 0.098005 -0.019875 0.000000
vn 0.093206 -0.036231 0.000000
vn 0.092175 -0.038778 0.000000
vn 0.084387 -0.053655 0.000000
vn 0.082919 -0.055897 0.000000
vn 0.072578 -0.068793 0.000000
vn 0.070715 -0.070707 0.000000
vn 0.058248 -0.081284 0.000000
vn 0.056080 -0.082795 0.000000
vn 0.041886 -0.090805 0.000000
vn 0.039476 -0.091879 0.000000
vn 0.023957 -0.097088 0.000000
vn 0.021373 -0.097689 0.000000
vn 0.004997 -0.099875 0.000000
vn 0.002287 -0.099974 0.000000
vn -0.014453 -0.098950 0.000000
vn -0.017120 -0.098524 0.000000
vn -0.033516 -0.094216 0.000000
vn -0.036145 -0.093239 0.000000
vn -0.051513 -0.085711 0.000000
vn -0.053868 -0.084251 0.000000
vn -0.067486 -0.073795 0.000000
vn -0.069538 -0.071864 0.000000
vn -0.080824 -0.058886 0.000000
vn -0.082437 -0.056606 0.000000
vn -0.090920 -0.041636 0.000000
vn -0.092053 -0.039068 0.000000
vn -0.097393 -0.022685 0.000000
vn 0.000431 -0.092859 -0.037108
vn 0.004829 -0.092280 -0.038224
vn 0.004829 -0.097274 -0.022681
vn 0.004829 -0.099669 -0.006533
vn 0.004829 -0.099402 0.009790
vn 0.004829 -0.096480 0.025852
vn 0.009719 -0.099047 0.009755
vn 0.009719 -0.096135 0.025759
vn 0.014729 -0.098433 0.009695
vn 0.014729 -0.095539 0.025600
vn 0.019926 -0.097523 0.009605
vn 0.019926 -0.094656 0.025363
vn 0.025380 -0.096260 0.009481
vn 0.025380 -0.093430 0.025034
vn 0.031168 -0.094561 0.009313
vn 0.031168 -0.091781 0.024593
vn 0.037369 -0.092309 0.009092
vn 0.037369 -0.089595 0.024007
vn 0.044067 -0.089335 0.008799
vn 0.044067 -0.086708 0.023233
vn 0.051334 -0.085405 0.008412
vn 0.051334 -0.082894 0.022211
vn 0.059208 -0.080200 0.007899
vn 0.059208 -0.077842 0.020858
vn 0.067643 -0.073296 0.007219
vn 0.067643 -0.071141 0.019062
vn 0.076428 -0.064177 0.006321
vn 0.076428 -0.062291 0.016691
vn 0.085069 -0.052313 0.005152
vn 0.085069 -0.050775 0.013605
vn 0.092681 -0.037373 0.003681
vn 0.092681 -0.036274 0.009720
vn 0.098046 -0.019576 0.001928
vn 0.098046 -0.019001 0.005091
vn 0.100000 -0.000000 0.000000
vn 0.000557 -0.089808 -0.043981
vn 0.004829 -0.084821 -0.052745
vn 0.009719 -0.084518 -0.052557
vn 0.009719 -0.074828 -0.065622
vn 0.014729 -0.074364 -0.065215
vn 0.014729 -0.062747 -0.076458
vn 0.019926 -0.062167 -0.075751
vn 0.019926 -0.048997 -0.084866
vn 0.025380 -0.048363 -0.083767
vn 0.022766 -0.042442 -0.087638
vn 0.025125 -0.042233 -0.087093
vn 0.000403 -0.086249 -0.050605
vn 0.004829 -0.075096 -0.065858
vn 0.004829 -0.063365 -0.077211
vn 0.004829 -0.049942 -0.086501
vn 0.004829 -0.035184 -0.093481
vn 0.004829 -0.019486 -0.097964
vn 0.004829 -0.003268 -0.099830
vn 0.009719 -0.003256 -0.099473
vn 0.009719 0.012991 -0.098675
vn 0.011988 0.006900 -0.099039
vn 0.012528 0.014606 -0.098131
vn 0.009719 0.028891 -0.095241
vn 0.013432 0.021706 -0.096687
vn 0.014658 0.027972 -0.094882
vn 0.014729 0.028712 -0.094650
vn 0.016172 0.033278 -0.092903
vn 0.014729 0.043471 -0.088844
vn 0.017942 0.037501 -0.090949
vn 0.014729 0.043746 -0.088709
vn 0.019926 0.043342 -0.087889
vn 0.019926 0.057080 -0.079655
vn 0.025380 0.056340 -0.078623
vn 0.025380 0.068395 -0.068395
vn 0.031168 0.067188 -0.067188
vn 0.031168 0.076320 -0.056603
vn 0.037369 0.074502 -0.055254
vn 0.037369 0.081803 -0.043725
vn 0.044067 0.079167 -0.042316
vn 0.044067 0.084519 -0.030242
vn 0.051334 0.080802 -0.028911
vn 0.051334 0.084169 -0.016742
vn 0.059208 0.079040 -0.015722
vn 0.059208 0.080491 -0.003954
vn 0.067643 0.073562 -0.003614
vn 0.067643 0.073296 0.007219
vn 0.076428 0.064177 0.006321
vn 0.076428 0.062555 0.015669
vn 0.085069 0.050991 0.012773
vn 0.085069 0.048565 0.020116
vn 0.092681 0.034695 0.014371
vn 0.092681 0.032211 0.019306
vn 0.098046 0.016872 0.010113
vn 0.098046 0.015206 0.012479
vn 0.004829 0.013037 -0.099029
vn 0.004829 0.028995 -0.095582
vn 0.009719 0.043835 -0.089354
vn 0.004829 0.044085 -0.089628
vn 0.009719 0.044020 -0.089263
vn 0.014729 0.057612 -0.080398
vn 0.019926 0.069293 -0.069293
vn 0.025380 0.077691 -0.057619
vn 0.031168 0.083799 -0.044792
vn 0.037369 0.087333 -0.031248
vn 0.044067 0.088042 -0.017513
vn 0.051334 0.085715 -0.004211
vn 0.059208 0.080200 0.007899
vn 0.067643 0.071444 0.017896
vn 0.076428 0.059579 0.024678
vn 0.085069 0.045088 0.027025
vn 0.092681 0.029029 0.023824
vn 0.098046 0.013210 0.014575
vn 0.004829 0.044177 -0.089583
vn 0.004829 0.058180 -0.081190
vn 0.004829 0.070628 -0.070628
vn 0.004829 0.080227 -0.059500
vn 0.009719 0.079941 -0.059288
vn 0.009719 0.087775 -0.046917
vn 0.014729 0.087230 -0.046626
vn 0.014729 0.093127 -0.033322
vn 0.019926 0.092266 -0.033013
vn 0.019926 0.096112 -0.019118
vn 0.025380 0.094867 -0.018870
vn 0.025380 0.096609 -0.004746
vn 0.031168 0.094904 -0.004662
vn 0.031168 0.094561 0.009313
vn 0.037369 0.092309 0.009092
vn 0.037369 0.089976 0.022538
vn 0.044067 0.087077 0.021812
vn 0.044067 0.082934 0.034352
vn 0.051334 0.079286 0.032841
vn 0.051334 0.073609 0.044119
vn 0.059208 0.069123 0.041431
vn 0.059208 0.062295 0.051125
vn 0.067643 0.056933 0.046724
vn 0.067643 0.049461 0.054572
vn 0.076428 0.043307 0.047782
vn 0.076428 0.035828 0.053620
vn 0.085069 0.029204 0.043708
vn 0.085069 0.022475 0.047520
vn 0.092681 0.016056 0.033948
vn 0.092681 0.010901 0.035936
vn 0.098046 0.005710 0.018824
vn 0.098046 0.002886 0.019458
vn 0.000403 0.086251 -0.050603
vn 0.004829 0.088089 -0.047085
vn 0.000557 0.089809 -0.043977
vn 0.004829 0.094045 -0.033650
vn 0.000431 0.092861 -0.037103
vn 0.004829 0.097964 -0.019486
vn 0.004829 0.099763 -0.004901
vn 0.004829 0.099402 0.009790
vn 0.004829 0.096890 0.024270
vn 0.009719 0.096544 0.024183
vn 0.009719 0.091951 0.038087
vn 0.014729 0.091380 0.037851
vn 0.014729 0.084837 0.050850
vn 0.019926 0.084053 0.050379
vn 0.019926 0.075751 0.062167
vn 0.025380 0.074770 0.061362
vn 0.025380 0.064957 0.071669
vn 0.031168 0.063811 0.070404
vn 0.031168 0.052790 0.079005
vn 0.037369 0.051532 0.077123
vn 0.037369 0.039658 0.083850
vn 0.044067 0.038380 0.081148
vn 0.044067 0.026058 0.085901
vn 0.051334 0.024912 0.082123
vn 0.051334 0.012592 0.084889
vn 0.059208 0.011825 0.079716
vn 0.052337 -0.000000 0.085210
vn 0.061489 -0.000000 0.078861
vn 0.004829 0.092280 0.038224
vn 0.009719 0.085367 0.051167
vn 0.014729 0.076458 0.062747
vn 0.019926 0.065809 0.072609
vn 0.025380 0.053738 0.080424
vn 0.027201 0.040743 0.087179
vn 0.031168 0.040626 0.085896
vn 0.029561 0.037440 0.087889
vn 0.031753 0.032461 0.089096
vn 0.004829 0.085673 0.051350
vn 0.009719 0.076935 0.063139
vn 0.014729 0.066423 0.073287
vn 0.019926 0.054443 0.081480
vn 0.022445 0.042348 0.087766
vn 0.024792 0.042357 0.087128
vn 0.004829 0.077211 0.063365
vn 0.004829 0.067078 0.074009
vn 0.004829 0.055492 0.083050
vn 0.004829 0.042706 0.090293
vn 0.004829 0.029017 0.095575
vn 0.009719 0.028937 0.095227
vn 0.009719 0.014604 0.098449
vn 0.013583 0.022627 0.096455
vn 0.012633 0.015639 0.097958
vn 0.012040 0.007998 0.098950
vn 0.005865 -0.000000 0.099828
vn 0.011838 -0.000000 0.099297
vn 0.004829 0.014656 0.098802
vn 0.014729 0.028780 0.094630
vn 0.014853 0.028775 0.094612
vn 0.016404 0.033934 0.092625
vn 0.014729 0.042289 0.089413
vn 0.018207 0.037996 0.090691
vn 0.019926 0.041898 0.088586
vn 0.020232 0.040845 0.089007
vn 0.033644 0.025944 0.090526
vn 0.037369 0.026925 0.088761
vn 0.035110 0.018114 0.091865
vn 0.037369 0.013610 0.091751
vn 0.044067 0.013172 0.088795
vn 0.043978 -0.000000 0.089811
vn 0.036041 0.009315 0.092813
vn 0.036361 -0.000000 0.093155
vn 0.067643 0.010807 0.072854
vn 0.071321 -0.000000 0.070095
vn 0.076428 0.009462 0.063790
vn 0.081383 -0.000000 0.058110
vn 0.085069 0.007713 0.051998
vn 0.090651 -0.000000 0.042218
vn 0.092681 0.005510 0.037147
vn 0.097458 -0.000000 0.022405
vn 0.092681 -0.006117 0.037052
vn 0.098046 -0.003204 0.019408
vn 0.085069 -0.008563 0.051864
vn 0.076428 -0.010505 0.063627
vn 0.067643 -0.011997 0.072667
vn 0.059208 -0.013127 0.079512
vn 0.051334 -0.013979 0.084672
vn 0.044067 -0.014623 0.088568
vn 0.037369 -0.015109 0.091516
vn 0.044067 -0.028855 0.085003
vn 0.037369 -0.029815 0.087833
vn 0.044067 -0.042316 0.079167
vn 0.037369 -0.043725 0.081803
vn 0.044067 -0.054647 0.071217
vn 0.037369 -0.056466 0.073588
vn 0.044067 -0.065518 0.061364
vn 0.037369 -0.067699 0.063407
vn 0.044067 -0.074638 0.049872
vn 0.037369 -0.077123 0.051532
vn 0.044067 -0.081765 0.037047
vn 0.037369 -0.084487 0.038281
vn 0.036041 -0.009315 0.092813
vn 0.035109 -0.018115 0.091865
vn 0.033644 -0.025942 0.090527
vn 0.031751 -0.032466 0.089094
vn 0.029563 -0.037436 0.087890
vn 0.031168 -0.044792 0.083799
vn 0.027198 -0.040746 0.087178
vn 0.025380 -0.045596 0.085304
vn 0.031168 -0.057844 0.075384
vn 0.025380 -0.058883 0.076738
vn 0.031168 -0.069351 0.064954
vn 0.025380 -0.070597 0.066121
vn 0.031168 -0.079005 0.052790
vn 0.025380 -0.080424 0.053738
vn 0.031168 -0.086549 0.039215
vn 0.025380 -0.088104 0.039919
vn 0.024796 -0.042356 0.087127
vn 0.022444 -0.042347 0.087767
vn 0.019926 -0.046194 0.086424
vn 0.019926 -0.043462 0.087829
vn 0.014729 -0.044561 0.088303
vn 0.018208 -0.037999 0.090689
vn 0.016405 -0.033936 0.092624
vn 0.020234 -0.040848 0.089006
vn 0.014729 -0.031793 0.093660
vn 0.014853 -0.028775 0.094612
vn 0.013585 -0.022634 0.096453
vn 0.012633 -0.015639 0.097958
vn 0.009719 -0.016212 0.098197
vn 0.009719 -0.031992 0.094245
vn 0.012040 -0.008001 0.098950
vn 0.004829 -0.016271 0.098549
vn 0.004829 -0.032106 0.094583
vn 0.004829 -0.046393 0.088456
vn 0.004829 -0.047085 0.088089
vn 0.009719 -0.046917 0.087775
vn 0.009719 -0.060588 0.078960
vn 0.014729 -0.060212 0.078470
vn 0.014729 -0.072190 0.067614
vn 0.019926 -0.071523 0.066988
vn 0.019926 -0.081480 0.054443
vn 0.004829 -0.060805 0.079243
vn 0.009719 -0.072641 0.068036
vn 0.014729 -0.082240 0.054951
vn 0.019926 -0.089260 0.040443
vn 0.004829 -0.072901 0.068279
vn 0.009719 -0.082753 0.055294
vn 0.014729 -0.090093 0.040821
vn 0.004829 -0.083050 0.055492
vn 0.004829 -0.090980 0.041223
vn 0.012745 -0.016659 -0.097775
vn 0.009719 -0.019417 -0.097614
vn 0.012100 -0.009088 -0.098848
vn 0.011842 -0.001120 -0.099290
vn 0.013742 -0.023537 -0.096214
vn 0.009719 -0.035058 -0.093148
vn 0.015053 -0.029556 -0.094339
vn 0.014729 -0.034841 -0.092570
vn 0.009719 -0.049763 -0.086193
vn 0.014729 -0.049455 -0.085658
vn 0.009719 -0.063139 -0.076935
vn 0.016641 -0.034569 -0.092348
vn 0.018476 -0.038469 -0.090437
vn 0.020530 -0.041138 -0.088804
vn 0.027537 -0.040383 -0.087241
vn 0.031168 -0.047509 -0.082289
vn 0.025380 -0.061362 -0.074770
vn 0.031168 -0.060279 -0.073451
vn 0.025380 -0.072722 -0.063776
vn 0.031168 -0.071439 -0.062650
vn 0.025380 -0.082140 -0.051078
vn 0.031168 -0.080690 -0.050176
vn 0.025380 -0.089363 -0.037015
vn 0.031168 -0.087786 -0.036362
vn 0.025380 -0.094199 -0.021964
vn 0.031168 -0.092537 -0.021577
vn 0.025380 -0.096518 -0.006326
vn 0.031168 -0.094815 -0.006215
vn 0.029880 -0.036843 -0.088033
vn 0.032039 -0.031637 -0.089289
vn 0.037369 -0.032673 -0.086810
vn 0.033877 -0.024923 -0.090726
vn 0.037369 -0.018096 -0.090973
vn 0.035274 -0.016933 -0.092027
vn 0.036124 -0.008032 -0.092901
vn 0.037369 -0.003035 -0.092706
vn 0.036355 0.001315 -0.093148
vn 0.037369 0.012107 -0.091962
vn 0.035946 0.010589 -0.092713
vn 0.034934 0.019278 -0.091695
vn 0.037369 0.026925 -0.088761
vn 0.033403 0.026938 -0.090325
vn 0.031460 0.033259 -0.088905
vn 0.029240 0.038000 -0.087756
vn 0.031168 0.042026 -0.085220
vn 0.037369 0.041025 -0.083190
vn 0.044067 0.039703 -0.080509
vn 0.044067 0.026058 -0.085901
vn 0.051334 0.037956 -0.076968
vn 0.051334 0.024912 -0.082123
vn 0.059208 0.035643 -0.072277
vn 0.059208 0.023393 -0.077118
vn 0.067643 0.032575 -0.066055
vn 0.067643 0.021380 -0.070479
vn 0.076428 0.028522 -0.057837
vn 0.076428 0.018720 -0.061711
vn 0.085069 0.023250 -0.047146
vn 0.085069 0.015259 -0.050303
vn 0.092681 0.016609 -0.033681
vn 0.092681 0.010901 -0.035936
vn 0.098046 0.008700 -0.017642
vn 0.098046 0.005710 -0.018824
vn 0.026861 0.041073 -0.087129
vn 0.025380 0.042781 -0.086751
vn 0.031168 0.055346 -0.077236
vn 0.024463 0.042450 -0.087176
vn 0.022125 0.042224 -0.087907
vn 0.019926 0.042978 -0.088067
vn 0.019939 0.040527 -0.089219
vn 0.098046 0.008410 0.017782
vn 0.098046 0.010929 0.016356
vn 0.098046 0.018174 0.007528
vn 0.098046 0.019082 0.004780
vn 0.098046 0.019576 0.001928
vn 0.098046 0.019647 -0.000965
vn 0.098046 0.019293 -0.003838
vn 0.098046 0.018521 -0.006627
vn 0.098046 0.017348 -0.009273
vn 0.098046 0.015800 -0.011718
vn 0.098046 0.013910 -0.013910
vn 0.098046 0.011458 -0.015990
vn 0.098046 0.002568 -0.019503
vn 0.098046 -0.000644 -0.019661
vn 0.098046 -0.003838 -0.019293
vn 0.098046 -0.006929 -0.018410
vn 0.098046 -0.009836 -0.017036
vn 0.098046 -0.012479 -0.015206
vn 0.098046 -0.014789 -0.012970
vn 0.098046 -0.016705 -0.010388
vn 0.098046 -0.018174 -0.007528
vn 0.098046 -0.019157 -0.004467
vn 0.098046 -0.019629 -0.001287
vn 0.098046 -0.017918 0.008118
vn 0.098046 -0.016356 0.010929
vn 0.098046 -0.014357 0.013447
vn 0.098046 -0.011975 0.015606
vn 0.098046 -0.009273 0.017348
vn 0.098046 -0.006323 0.018627
vn 0.092681 -0.036573 -0.008528
vn 0.092681 -0.034695 -0.014371
vn 0.092681 -0.031891 -0.019831
vn 0.092681 -0.028234 -0.024761
vn 0.092681 -0.023824 -0.029029
vn 0.092681 -0.018777 -0.032522
vn 0.092681 -0.013228 -0.035147
vn 0.092681 -0.007326 -0.036832
vn 0.092681 -0.001229 -0.037533
vn 0.092681 0.004902 -0.037232
vn 0.085069 -0.051193 -0.011937
vn 0.085069 -0.048565 -0.020116
vn 0.085069 -0.044640 -0.027759
vn 0.085069 -0.039522 -0.034660
vn 0.085069 -0.033348 -0.040635
vn 0.085069 -0.026283 -0.045524
vn 0.085069 -0.018517 -0.049197
vn 0.085069 -0.010255 -0.051557
vn 0.085069 -0.001720 -0.052538
vn 0.085069 0.006861 -0.052117
vn 0.092681 -0.037473 -0.002456
vn 0.076428 -0.062803 -0.014644
vn 0.076428 -0.059579 -0.024678
vn 0.076428 -0.054763 -0.034054
vn 0.076428 -0.048485 -0.042520
vn 0.076428 -0.040911 -0.049850
vn 0.076428 -0.032244 -0.055848
vn 0.076428 -0.022716 -0.060355
vn 0.076428 -0.012581 -0.063249
vn 0.076428 -0.002110 -0.064453
vn 0.076428 0.008417 -0.063936
vn 0.085069 -0.052454 -0.003438
vn 0.067643 -0.071727 -0.016724
vn 0.067643 -0.068044 -0.028185
vn 0.067643 -0.062544 -0.038893
vn 0.067643 -0.055374 -0.048561
vn 0.067643 -0.046724 -0.056933
vn 0.067643 -0.036825 -0.063783
vn 0.067643 -0.025944 -0.068930
vn 0.067643 -0.014369 -0.072236
vn 0.067643 -0.002410 -0.073611
vn 0.067643 0.009613 -0.073021
vn 0.076428 -0.064350 -0.004218
vn 0.059208 -0.078483 -0.018300
vn 0.059208 -0.074454 -0.030840
vn 0.059208 -0.068436 -0.042556
vn 0.059208 -0.060589 -0.053135
vn 0.059208 -0.051125 -0.062295
vn 0.059208 -0.040294 -0.069791
vn 0.059208 -0.028387 -0.075423
vn 0.059208 -0.015722 -0.079040
vn 0.059208 -0.002637 -0.080545
vn 0.059208 0.010519 -0.079899
vn 0.067643 -0.073493 -0.004817
vn 0.051334 -0.083576 -0.019487
vn 0.051334 -0.079286 -0.032841
vn 0.051334 -0.072877 -0.045318
vn 0.051334 -0.064522 -0.056584
vn 0.051334 -0.054443 -0.066338
vn 0.051334 -0.042909 -0.074321
vn 0.051334 -0.030230 -0.080318
vn 0.051334 -0.016742 -0.084169
vn 0.051334 -0.002808 -0.085772
vn 0.051334 0.011202 -0.085084
vn 0.059208 -0.080416 -0.005271
vn 0.044067 -0.087422 -0.020384
vn 0.044067 -0.082934 -0.034352
vn 0.044067 -0.076230 -0.047403
vn 0.044067 -0.067490 -0.059187
vn 0.044067 -0.056947 -0.069391
vn 0.044067 -0.044883 -0.077740
vn 0.044067 -0.031620 -0.084013
vn 0.044067 -0.017513 -0.088042
vn 0.044067 -0.002937 -0.089719
vn 0.044067 0.011717 -0.088999
vn 0.051334 -0.085635 -0.005613
vn 0.037369 -0.090332 -0.021063
vn 0.037369 -0.085695 -0.035496
vn 0.037369 -0.078768 -0.048981
vn 0.037369 -0.069737 -0.061158
vn 0.037369 -0.058843 -0.071701
vn 0.037369 -0.046378 -0.080328
vn 0.044067 -0.089575 -0.005871
vn 0.037369 -0.092557 -0.006066
vn 0.019926 -0.095435 -0.022252
vn 0.019926 -0.090535 -0.037501
vn 0.019926 -0.083217 -0.051748
vn 0.019926 -0.073676 -0.064612
vn 0.014729 -0.096326 -0.022460
vn 0.014729 -0.091380 -0.037851
vn 0.014729 -0.083994 -0.052231
vn 0.019926 -0.097785 -0.006409
vn 0.009719 -0.096927 -0.022600
vn 0.009719 -0.091951 -0.038087
vn 0.014729 -0.098698 -0.006469
vn 0.009719 -0.099314 -0.006509
vn 0.009719 0.057972 -0.080900
vn 0.014729 0.069939 -0.069939
vn 0.019926 0.078710 -0.058375
vn 0.025380 0.085304 -0.045596
vn 0.031168 0.089464 -0.032011
vn 0.037369 0.090973 -0.018096
vn 0.044067 0.089659 -0.004405
vn 0.051334 0.085405 0.008412
vn 0.059208 0.078173 0.019581
vn 0.067643 0.068044 0.028185
vn 0.076428 0.055313 0.033153
vn 0.085069 0.040635 0.033348
vn 0.092681 0.025219 0.027825
vn 0.009719 0.070376 -0.070376
vn 0.037369 0.054028 -0.075396
vn 0.037369 0.065588 -0.065588
vn 0.044067 0.052287 -0.072967
vn 0.044067 0.063475 -0.063475
vn 0.044067 0.072101 -0.053474
vn 0.051334 0.049987 -0.069757
vn 0.051334 0.060683 -0.060683
vn 0.051334 0.068930 -0.051122
vn 0.051334 0.075685 -0.040454
vn 0.059208 0.046941 -0.065506
vn 0.059208 0.056984 -0.056984
vn 0.059208 0.064729 -0.048006
vn 0.059208 0.071072 -0.037989
vn 0.059208 0.075877 -0.027149
vn 0.067643 0.042900 -0.059867
vn 0.067643 0.052079 -0.052079
vn 0.067643 0.059157 -0.043874
vn 0.067643 0.064954 -0.034719
vn 0.067643 0.069345 -0.024812
vn 0.067643 0.072236 -0.014369
vn 0.076428 0.037563 -0.052419
vn 0.076428 0.045600 -0.045600
vn 0.076428 0.051797 -0.038415
vn 0.076428 0.056873 -0.030399
vn 0.076428 0.060718 -0.021725
vn 0.076428 0.063249 -0.012581
vn 0.076428 0.064410 -0.003164
vn 0.085069 0.030619 -0.042729
vn 0.085069 0.037170 -0.037170
vn 0.085069 0.042222 -0.031314
vn 0.085069 0.046360 -0.024780
vn 0.085069 0.049494 -0.017709
vn 0.085069 0.051557 -0.010255
vn 0.085069 0.052503 -0.002579
vn 0.085069 0.052313 0.005152
vn 0.092681 0.021874 -0.030525
vn 0.092681 0.026554 -0.026554
vn 0.092681 0.030163 -0.022371
vn 0.092681 0.033119 -0.017703
vn 0.092681 0.035358 -0.012651
vn 0.092681 0.036832 -0.007326
vn 0.092681 0.037508 -0.001843
vn 0.092681 0.037373 0.003681
vn 0.092681 0.036428 0.009125
vn 0.014729 0.079445 -0.058920
vn 0.019926 0.086424 -0.046194
vn 0.025380 0.091071 -0.032586
vn 0.031168 0.093193 -0.018537
vn 0.037369 0.092644 -0.004551
vn 0.044067 0.089335 0.008799
vn 0.051334 0.083246 0.020852
vn 0.059208 0.074454 0.030840
vn 0.067643 0.063172 0.037864
vn 0.076428 0.049850 0.040911
vn 0.085069 0.035302 0.038949
vn 0.092681 0.020864 0.031225
vn 0.009719 0.093709 -0.033530
vn 0.014729 0.097009 -0.019296
vn 0.019926 0.097877 -0.004808
vn 0.025380 0.096260 0.009481
vn 0.031168 0.092171 0.023088
vn 0.037369 0.085695 0.035496
vn 0.044067 0.076996 0.046149
vn 0.051334 0.066338 0.054443
vn 0.059208 0.054120 0.059712
vn 0.067643 0.040918 0.061238
vn 0.076428 0.027572 0.058296
vn 0.085069 0.015259 0.050303
vn 0.009719 0.097614 -0.019417
vn 0.014729 0.098790 -0.004853
vn 0.019926 0.097523 0.009605
vn 0.025380 0.093827 0.023502
vn 0.031168 0.087786 0.036362
vn 0.037369 0.079559 0.047686
vn 0.044067 0.069391 0.056947
vn 0.051334 0.057632 0.063587
vn 0.059208 0.044772 0.067007
vn 0.067643 0.031490 0.066580
vn 0.076428 0.018720 0.061711
vn 0.009719 0.099407 -0.004884
vn 0.014729 0.098433 0.009695
vn 0.019926 0.095058 0.023811
vn 0.025380 0.089363 0.037015
vn 0.031168 0.081500 0.048849
vn 0.037369 0.071701 0.058843
vn 0.044067 0.060284 0.066513
vn 0.051334 0.047678 0.071355
vn 0.059208 0.034456 0.072851
vn 0.067643 0.021380 0.070479
vn 0.009719 0.099047 0.009755
vn 0.014729 0.095945 0.024033
vn 0.019926 0.090535 0.037501
vn 0.025380 0.082964 0.049727
vn 0.031168 0.073451 0.060279
vn 0.037369 0.062291 0.068727
vn 0.044067 0.049872 0.074638
vn 0.051334 0.036692 0.077579
vn 0.059208 0.023393 0.077118
vn 0.009719 0.066838 0.073744
vn 0.014729 0.054951 0.082240
vn 0.009719 0.055294 0.082753
vn 0.009719 0.042553 0.089971
vn 0.051334 -0.027585 0.081264
vn 0.051334 -0.040454 0.075685
vn 0.051334 -0.052243 0.068084
vn 0.051334 -0.062636 0.058665
vn 0.051334 -0.071355 0.047678
vn 0.051334 -0.078169 0.035418
vn 0.059208 -0.025904 0.076311
vn 0.059208 -0.037989 0.071072
vn 0.059208 -0.049059 0.063935
vn 0.059208 -0.058818 0.055089
vn 0.059208 -0.067007 0.044772
vn 0.059208 -0.073405 0.033259
vn 0.067643 -0.023674 0.069742
vn 0.067643 -0.034719 0.064954
vn 0.067643 -0.044836 0.058431
vn 0.067643 -0.053755 0.050347
vn 0.067643 -0.061238 0.040918
vn 0.067643 -0.067086 0.030396
vn 0.076428 -0.020729 0.061066
vn 0.076428 -0.030399 0.056873
vn 0.076428 -0.039258 0.051162
vn 0.076428 -0.047067 0.044083
vn 0.076428 -0.053620 0.035828
vn 0.076428 -0.058740 0.026615
vn 0.085069 -0.016897 0.049777
vn 0.085069 -0.024780 0.046360
vn 0.085069 -0.032001 0.041704
vn 0.085069 -0.038366 0.035934
vn 0.085069 -0.043708 0.029204
vn 0.085069 -0.047881 0.021695
vn 0.092681 -0.012071 0.035561
vn 0.092681 -0.017703 0.033119
vn 0.092681 -0.022861 0.029793
vn 0.092681 -0.027409 0.025671
vn 0.092681 -0.031225 0.020864
vn 0.092681 -0.034206 0.015499
vn 0.014729 -0.046626 0.087230
vn 0.009719 -0.045535 0.088499
vn 0.019926 -0.059655 0.077744
vn 0.009719 -0.090655 0.041075
vn -0.100000 0.000000 0.000000
vn -0.099195 0.000000 0.012665
vn -0.099195 0.001858 0.012528
vn -0.096833 0.000000 0.024968
vn -0.096833 0.003664 0.024698
vn -0.093063 0.000000 0.036595
vn -0.093063 0.005370 0.036199
vn -0.088103 0.000000 0.047306
vn -0.088103 0.006941 0.046794
vn -0.082197 0.000000 0.056953
vn -0.082197 0.008357 0.056337
vn -0.075588 0.000000 0.065471
vn -0.075588 0.009607 0.064762
vn -0.068491 0.000000 0.072863
vn -0.068491 0.010691 0.072075
vn -0.061080 0.000000 0.079178
vn -0.061080 0.011618 0.078321
vn -0.053491 0.012397 0.083577
vn -0.061080 0.022984 0.075769
vn -0.053491 0.024526 0.080853
vn -0.061080 0.033853 0.071576
vn -0.053491 0.036125 0.076379
vn -0.061080 0.043989 0.065834
vn -0.053491 0.046941 0.070252
vn -0.061080 0.053173 0.058667
vn -0.053491 0.056741 0.062604
vn -0.061080 0.061206 0.050230
vn -0.053491 0.065312 0.053601
vn -0.061080 0.067913 0.040706
vn -0.053491 0.072470 0.043437
vn -0.061080 0.073151 0.030300
vn -0.053491 0.078060 0.032333
vn -0.061080 0.076805 0.019239
vn -0.053491 0.081959 0.020530
vn -0.061080 0.078797 0.007761
vn -0.053491 0.084084 0.008282
vn -0.061080 0.079083 -0.003885
vn -0.053491 0.084389 -0.004146
vn -0.061080 0.077657 -0.015447
vn -0.053491 0.082868 -0.016483
vn -0.061080 0.074550 -0.026674
vn -0.053491 0.079552 -0.028464
vn -0.061080 0.069829 -0.037324
vn -0.053491 0.074514 -0.039829
vn -0.061080 0.063597 -0.047166
vn -0.053491 0.067864 -0.050331
vn -0.061080 0.055987 -0.055987
vn -0.053491 0.059744 -0.059744
vn -0.061080 0.046120 -0.064360
vn -0.053491 0.049214 -0.068678
vn -0.061080 0.035020 -0.071013
vn -0.053491 0.037369 -0.075778
vn -0.061080 0.022984 -0.075769
vn -0.053491 0.024526 -0.080853
vn -0.061080 0.010335 -0.078501
vn -0.053491 0.011028 -0.083768
vn -0.061080 -0.002591 -0.079136
vn -0.053491 -0.002764 -0.084446
vn -0.061080 -0.015447 -0.077657
vn -0.053491 -0.016483 -0.082868
vn -0.061080 -0.027891 -0.074103
vn -0.053491 -0.029762 -0.079076
vn -0.061080 -0.039589 -0.068570
vn -0.053491 -0.042246 -0.073171
vn -0.061080 -0.050230 -0.061206
vn -0.053491 -0.053601 -0.065312
vn -0.061080 -0.059529 -0.052206
vn -0.053491 -0.063524 -0.055709
vn -0.061080 -0.067238 -0.041811
vn -0.053491 -0.071750 -0.044617
vn -0.061080 -0.073151 -0.030300
vn -0.053491 -0.078060 -0.032333
vn -0.061080 -0.077110 -0.017979
vn -0.053491 -0.082284 -0.019186
vn -0.061080 -0.079009 -0.005179
vn -0.053491 -0.084310 -0.005526
vn -0.061080 -0.078797 0.007761
vn -0.053491 -0.084084 0.008282
vn -0.061080 -0.076480 0.020493
vn -0.053491 -0.081612 0.021868
vn -0.061080 -0.072121 0.032677
vn -0.053491 -0.076960 0.034870
vn -0.061080 -0.065834 0.043989
vn -0.053491 -0.070252 0.046941
vn -0.061080 -0.057789 0.054126
vn -0.053491 -0.061667 0.057757
vn -0.061080 -0.048201 0.062816
vn -0.053491 -0.051435 0.067031
vn -0.061080 -0.037324 0.069829
vn -0.053491 -0.039829 0.074514
vn -0.061080 -0.025451 0.074976
vn -0.053491 -0.027159 0.080007
vn -0.061080 -0.012898 0.078121
vn -0.053491 -0.013763 0.083362
vn -0.045817 -0.000000 0.088887
vn -0.045817 -0.014479 0.087699
vn -0.038120 -0.015060 0.091214
vn -0.038120 -0.029717 0.087543
vn -0.030437 -0.030619 0.090200
vn -0.030437 -0.044903 0.084008
vn -0.022785 -0.045900 0.085872
vn -0.022785 -0.059275 0.077248
vn -0.015167 -0.060172 0.078418
vn -0.015167 -0.072142 0.067568
vn -0.007576 -0.072777 0.068163
vn -0.007576 -0.082908 0.055397
vn -0.007576 -0.090825 0.041152
vn -0.007576 -0.096315 0.025808
vn -0.007576 -0.099232 0.009774
vn -0.007576 -0.099499 -0.006522
vn -0.015167 -0.098367 0.009688
vn -0.015167 -0.098631 -0.006465
vn -0.022785 -0.096901 0.009544
vn -0.022785 -0.097161 -0.006368
vn -0.030437 -0.094797 0.009337
vn -0.030437 -0.095051 -0.006230
vn -0.038120 -0.092004 0.009062
vn -0.038120 -0.092251 -0.006046
vn -0.045817 -0.088459 0.008712
vn -0.045817 -0.088696 -0.005813
vn -0.045817 0.013042 0.087925
vn -0.045817 0.025802 0.085059
vn -0.045817 0.038004 0.080353
vn -0.045817 0.049383 0.073906
vn -0.045817 0.059693 0.065861
vn -0.045817 0.068710 0.056389
vn -0.045817 0.076241 0.045697
vn -0.045817 0.082120 0.034015
vn -0.045817 0.086223 0.021598
vn -0.045817 0.088459 0.008712
vn -0.045817 0.088780 -0.004361
vn -0.045817 0.087179 -0.017341
vn -0.045817 0.083691 -0.029945
vn -0.045817 0.078391 -0.041901
vn -0.045817 0.071394 -0.052950
vn -0.045817 0.062852 -0.062852
vn -0.045817 0.051774 -0.072251
vn -0.045817 0.039314 -0.079720
vn -0.045817 0.025802 -0.085059
vn -0.045817 0.011602 -0.088126
vn -0.045817 -0.002908 -0.088839
vn -0.045817 -0.017341 -0.087179
vn -0.045817 -0.031310 -0.083189
vn -0.045817 -0.044443 -0.076978
vn -0.045817 -0.056389 -0.068710
vn -0.045817 -0.066828 -0.058607
vn -0.045817 -0.075483 -0.046938
vn -0.045817 -0.082120 -0.034015
vn -0.045817 -0.086565 -0.020184
vn -0.038120 0.013565 0.091449
vn -0.030437 0.000000 0.095255
vn -0.030437 0.013977 0.094224
vn -0.022785 0.014287 0.096316
vn -0.030437 0.027651 0.091154
vn -0.022785 0.028265 0.093177
vn -0.030437 0.040727 0.086110
vn -0.022785 0.041631 0.088021
vn -0.030437 0.052921 0.079202
vn -0.022785 0.054096 0.080960
vn -0.030437 0.063970 0.070579
vn -0.022785 0.065389 0.072146
vn -0.030437 0.073633 0.060429
vn -0.022785 0.075268 0.061771
vn -0.030437 0.081703 0.048971
vn -0.022785 0.083517 0.050058
vn -0.030437 0.088004 0.036453
vn -0.022785 0.089958 0.037262
vn -0.030437 0.092401 0.023145
vn -0.022785 0.094451 0.023659
vn -0.030437 0.094797 0.009337
vn -0.022785 0.096901 0.009544
vn -0.030437 0.095140 -0.004674
vn -0.022785 0.097252 -0.004778
vn -0.030437 0.093425 -0.018583
vn -0.022785 0.095499 -0.018996
vn -0.030437 0.089687 -0.032091
vn -0.022785 0.091678 -0.032803
vn -0.030437 0.084008 -0.044903
vn -0.022785 0.085872 -0.045900
vn -0.030437 0.076510 -0.056743
vn -0.022785 0.078208 -0.058003
vn -0.030437 0.067356 -0.067356
vn -0.022785 0.068851 -0.068851
vn -0.030437 0.055484 -0.077428
vn -0.022785 0.056716 -0.079146
vn -0.030437 0.042130 -0.085432
vn -0.022785 0.043065 -0.087328
vn -0.030437 0.027651 -0.091154
vn -0.022785 0.028265 -0.093177
vn -0.030437 0.012433 -0.094440
vn -0.022785 0.012709 -0.096537
vn -0.030437 -0.003117 -0.095204
vn -0.022785 -0.003186 -0.097317
vn -0.030437 -0.018583 -0.093425
vn -0.022785 -0.018996 -0.095499
vn -0.030437 -0.033554 -0.089150
vn -0.022785 -0.034298 -0.091129
vn -0.030437 -0.047628 -0.082493
vn -0.022785 -0.048685 -0.084324
vn -0.030437 -0.060429 -0.073633
vn -0.022785 -0.061771 -0.075268
vn -0.030437 -0.071617 -0.062806
vn -0.022785 -0.073206 -0.064200
vn -0.030437 -0.080891 -0.050301
vn -0.022785 -0.082686 -0.051418
vn -0.030437 -0.088004 -0.036453
vn -0.022785 -0.089958 -0.037262
vn -0.030437 -0.092767 -0.021630
vn -0.022785 -0.094826 -0.022110
vn -0.015167 0.000000 0.098843
vn -0.015167 0.014503 0.097773
vn -0.015167 0.028693 0.094587
vn -0.015167 0.042261 0.089353
vn -0.015167 0.054914 0.082185
vn -0.015167 0.066379 0.073238
vn -0.015167 0.076407 0.062705
vn -0.015167 0.084781 0.050816
vn -0.015167 0.091319 0.037826
vn -0.015167 0.095881 0.024017
vn -0.015167 0.098367 0.009688
vn -0.015167 0.098724 -0.004850
vn -0.015167 0.096944 -0.019283
vn -0.015167 0.093065 -0.033299
vn -0.015167 0.087172 -0.046594
vn -0.015167 0.079392 -0.058881
vn -0.015167 0.069893 -0.069893
vn -0.015167 0.057574 -0.080344
vn -0.015167 0.043717 -0.088650
vn -0.015167 0.028693 -0.094587
vn -0.015167 0.012902 -0.097997
vn -0.015167 -0.003234 -0.098790
vn -0.015167 -0.019283 -0.096944
vn -0.015167 -0.034817 -0.092508
vn -0.015167 -0.049422 -0.085601
vn -0.015167 -0.062705 -0.076407
vn -0.015167 -0.074314 -0.065172
vn -0.015167 -0.083938 -0.052196
vn -0.015167 -0.091319 -0.037826
vn -0.015167 -0.096261 -0.022445
vn -0.007576 0.014631 0.098633
vn -0.007576 0.028945 0.095419
vn -0.007576 0.042633 0.090139
vn -0.007576 0.055397 0.082908
vn -0.007576 0.066963 0.073882
vn -0.007576 0.077079 0.063257
vn -0.007576 0.085526 0.051263
vn -0.007576 0.092122 0.038158
vn -0.007576 0.096724 0.024228
vn -0.007576 0.099232 0.009774
vn -0.007576 0.099592 -0.004893
vn -0.007576 0.097797 -0.019453
vn -0.007576 0.093884 -0.033592
vn -0.007576 0.087939 -0.047004
vn -0.007576 0.080090 -0.059399
vn -0.007576 0.070507 -0.070507
vn -0.007576 0.058080 -0.081051
vn -0.007576 0.044102 -0.089430
vn -0.007576 0.028945 -0.095419
vn -0.007576 0.013015 -0.098860
vn -0.007576 -0.003263 -0.099659
vn -0.007576 -0.019453 -0.097797
vn -0.007576 -0.035124 -0.093322
vn -0.007576 -0.049856 -0.086354
vn -0.007576 -0.063257 -0.077079
vn -0.007576 -0.074968 -0.065745
vn -0.007576 -0.084676 -0.052655
vn -0.007576 -0.092122 -0.038158
vn -0.007576 -0.097108 -0.022642
vn -0.007576 -0.060701 0.079107
vn -0.007576 -0.047004 0.087939
vn -0.007576 -0.032052 0.094421
vn -0.007576 -0.016243 0.098381
vn -0.022785 -0.015861 0.096069
vn -0.015167 -0.016101 0.097523
vn -0.030437 -0.015517 0.093983
vn -0.022785 -0.031298 0.092202
vn -0.015167 -0.031772 0.093598
vn -0.015167 -0.046594 0.087172
vn -0.068491 -0.011869 0.071890
vn -0.068491 -0.023421 0.068996
vn -0.068491 -0.034347 0.064260
vn -0.068491 -0.044356 0.057806
vn -0.068491 -0.053180 0.049809
vn -0.068491 -0.060584 0.040481
vn -0.068491 -0.066368 0.030071
vn -0.068491 -0.070380 0.018858
vn -0.068491 -0.072512 0.007142
vn -0.068491 -0.072707 -0.004765
vn -0.068491 -0.070960 -0.016546
vn -0.068491 -0.067317 -0.027884
vn -0.068491 -0.061876 -0.038477
vn -0.068491 -0.054781 -0.048042
vn -0.068491 -0.046224 -0.056324
vn -0.068491 -0.036432 -0.063101
vn -0.068491 -0.025666 -0.068193
vn -0.068491 -0.014215 -0.071463
vn -0.068491 -0.002384 -0.072824
vn -0.068491 0.009511 -0.072240
vn -0.068491 0.021151 -0.069726
vn -0.068491 0.032227 -0.065349
vn -0.068491 0.042441 -0.059227
vn -0.068491 0.051522 -0.051522
vn -0.068491 0.058524 -0.043405
vn -0.068491 0.064260 -0.034347
vn -0.068491 0.068604 -0.024547
vn -0.068491 0.071463 -0.014215
vn -0.068491 0.072775 -0.003575
vn -0.068491 0.072512 0.007142
vn -0.068491 0.070680 0.017704
vn -0.068491 0.067317 0.027884
vn -0.068491 0.062497 0.037459
vn -0.068491 0.056324 0.046224
vn -0.068491 0.048932 0.053988
vn -0.068491 0.040481 0.060584
vn -0.068491 0.031153 0.065868
vn -0.068491 0.021151 0.069726
vn -0.075588 -0.010665 0.064597
vn -0.075588 -0.021045 0.061997
vn -0.075588 -0.030863 0.057740
vn -0.075588 -0.039856 0.051942
vn -0.075588 -0.047785 0.044756
vn -0.075588 -0.054437 0.036374
vn -0.075588 -0.059635 0.027020
vn -0.075588 -0.063240 0.016945
vn -0.075588 -0.065156 0.006417
vn -0.075588 -0.065331 -0.004282
vn -0.075588 -0.063761 -0.014867
vn -0.075588 -0.060487 -0.025055
vn -0.075588 -0.055598 -0.034573
vn -0.075588 -0.049224 -0.043168
vn -0.075588 -0.041534 -0.050610
vn -0.075588 -0.032736 -0.056700
vn -0.075588 -0.023062 -0.061275
vn -0.075588 -0.012773 -0.064213
vn -0.075588 -0.002142 -0.065436
vn -0.075588 0.008546 -0.064911
vn -0.075588 0.019005 -0.062652
vn -0.075588 0.028957 -0.058719
vn -0.075588 0.038135 -0.053218
vn -0.075588 0.046295 -0.046295
vn -0.075588 0.052587 -0.039001
vn -0.075588 0.057740 -0.030863
vn -0.075588 0.061644 -0.022057
vn -0.075588 0.064213 -0.012773
vn -0.075588 0.065392 -0.003213
vn -0.075588 0.065156 0.006417
vn -0.075588 0.063509 0.015908
vn -0.075588 0.060487 0.025055
vn -0.075588 0.056156 0.033659
vn -0.075588 0.050610 0.041534
vn -0.075588 0.043968 0.048511
vn -0.075588 0.036374 0.054437
vn -0.075588 0.027992 0.059185
vn -0.075588 0.019005 0.062652
vn -0.082197 -0.009277 0.056192
vn -0.082197 -0.018307 0.053931
vn -0.082197 -0.026847 0.050228
vn -0.082197 -0.034671 0.045184
vn -0.082197 -0.041568 0.038933
vn -0.082197 -0.047355 0.031641
vn -0.082197 -0.051876 0.023505
vn -0.082197 -0.055012 0.014741
vn -0.082197 -0.056679 0.005582
vn -0.082197 -0.056831 -0.003725
vn -0.082197 -0.055465 -0.012933
vn -0.082197 -0.052618 -0.021795
vn -0.082197 -0.048365 -0.030075
vn -0.082197 -0.042820 -0.037552
vn -0.082197 -0.036131 -0.044025
vn -0.082197 -0.028477 -0.049323
vn -0.082197 -0.020062 -0.053303
vn -0.082197 -0.011111 -0.055859
vn -0.082197 -0.001863 -0.056923
vn -0.082197 0.007434 -0.056466
vn -0.082197 0.016533 -0.054501
vn -0.082197 0.025190 -0.051080
vn -0.082197 0.033174 -0.046294
vn -0.082197 0.040272 -0.040272
vn -0.082197 0.045745 -0.033927
vn -0.082197 0.050228 -0.026847
vn -0.082197 0.053624 -0.019187
vn -0.082197 0.055859 -0.011111
vn -0.082197 0.056884 -0.002795
vn -0.082197 0.056679 0.005582
vn -0.082197 0.055246 0.013838
vn -0.082197 0.052618 0.021795
vn -0.082197 0.048850 0.029280
vn -0.082197 0.044025 0.036131
vn -0.082197 0.038247 0.042199
vn -0.082197 0.031641 0.047355
vn -0.082197 0.024351 0.051485
vn -0.082197 0.016533 0.054501
vn -0.088103 -0.007706 0.046674
vn -0.088103 -0.015206 0.044796
vn -0.088103 -0.022300 0.041720
vn -0.088103 -0.028798 0.037531
vn -0.088103 -0.034527 0.032338
vn -0.088103 -0.039334 0.026282
vn -0.088103 -0.043090 0.019524
vn -0.088103 -0.045694 0.012244
vn -0.088103 -0.047078 0.004637
vn -0.088103 -0.047205 -0.003094
vn -0.088103 -0.046070 -0.010742
vn -0.088103 -0.043705 -0.018103
vn -0.088103 -0.040173 -0.024981
vn -0.088103 -0.035567 -0.031191
vn -0.088103 -0.030011 -0.036568
vn -0.088103 -0.023653 -0.040968
vn -0.088103 -0.016664 -0.044274
vn -0.088103 -0.009229 -0.046397
vn -0.088103 -0.001548 -0.047281
vn -0.088103 0.006175 -0.046902
vn -0.088103 0.013732 -0.045269
vn -0.088103 0.020923 -0.042428
vn -0.088103 0.027555 -0.038453
vn -0.088103 0.033451 -0.033451
vn -0.088103 0.037997 -0.028180
vn -0.088103 0.041720 -0.022300
vn -0.088103 0.044541 -0.015937
vn -0.088103 0.046397 -0.009229
vn -0.088103 0.047249 -0.002321
vn -0.088103 0.047078 0.004637
vn -0.088103 0.045889 0.011494
vn -0.088103 0.043705 0.018103
vn -0.088103 0.040576 0.024320
vn -0.088103 0.036568 0.030011
vn -0.088103 0.031769 0.035052
vn -0.088103 0.026282 0.039334
vn -0.088103 0.020226 0.042764
vn -0.088103 0.013732 0.045269
vn -0.093063 -0.005961 0.036106
vn -0.093063 -0.011763 0.034653
vn -0.093063 -0.017251 0.032274
vn -0.093063 -0.022278 0.029033
vn -0.093063 -0.026709 0.025016
vn -0.093063 -0.030428 0.020331
vn -0.093063 -0.033333 0.015103
vn -0.093063 -0.035348 0.009472
vn -0.093063 -0.036419 0.003587
vn -0.093063 -0.036517 -0.002393
vn -0.093063 -0.035639 -0.008310
vn -0.093063 -0.033809 -0.014004
vn -0.093063 -0.031077 -0.019325
vn -0.093063 -0.027514 -0.024129
vn -0.093063 -0.023216 -0.028288
vn -0.093063 -0.018298 -0.031692
vn -0.093063 -0.012891 -0.034250
vn -0.093063 -0.007139 -0.035892
vn -0.093063 -0.001197 -0.036575
vn -0.093063 0.004777 -0.036282
vn -0.093063 0.010623 -0.035019
vn -0.093063 0.016186 -0.032821
vn -0.093063 0.021316 -0.029746
vn -0.093063 0.025877 -0.025877
vn -0.093063 0.029393 -0.021800
vn -0.093063 0.032274 -0.017251
vn -0.093063 0.034456 -0.012329
vn -0.093063 0.035892 -0.007139
vn -0.093063 0.036551 -0.001796
vn -0.093063 0.036419 0.003587
vn -0.093063 0.035498 0.008892
vn -0.093063 0.033809 0.014004
vn -0.093063 0.031389 0.018814
vn -0.093063 0.028288 0.023216
vn -0.093063 0.024576 0.027115
vn -0.093063 0.020331 0.030428
vn -0.093063 0.015646 0.033082
vn -0.093063 0.010623 0.035019
vn -0.096833 -0.004067 0.024635
vn -0.096833 -0.008026 0.023643
vn -0.096833 -0.011770 0.022020
vn -0.096833 -0.015200 0.019809
vn -0.096833 -0.018223 0.017068
vn -0.096833 -0.020760 0.013872
vn -0.096833 -0.022743 0.010305
vn -0.096833 -0.024117 0.006462
vn -0.096833 -0.024848 0.002447
vn -0.096833 -0.024915 -0.001633
vn -0.096833 -0.024316 -0.005670
vn -0.096833 -0.023068 -0.009555
vn -0.096833 -0.021203 -0.013185
vn -0.096833 -0.018772 -0.016463
vn -0.096833 -0.015840 -0.019301
vn -0.096833 -0.012484 -0.021623
vn -0.096833 -0.008795 -0.023368
vn -0.096833 -0.004871 -0.024489
vn -0.096833 -0.000817 -0.024955
vn -0.096833 0.003259 -0.024755
vn -0.096833 0.007248 -0.023893
vn -0.096833 0.011043 -0.022393
vn -0.096833 0.014543 -0.020295
vn -0.096833 0.017655 -0.017655
vn -0.096833 0.020055 -0.014874
vn -0.096833 0.022020 -0.011770
vn -0.096833 0.023509 -0.008412
vn -0.096833 0.024489 -0.004871
vn -0.096833 0.024938 -0.001225
vn -0.096833 0.024848 0.002447
vn -0.096833 0.024220 0.006067
vn -0.096833 0.023068 0.009555
vn -0.096833 0.021416 0.012836
vn -0.096833 0.019301 0.015840
vn -0.096833 0.016768 0.018500
vn -0.096833 0.013872 0.020760
vn -0.096833 0.010675 0.022571
vn -0.096833 0.007248 0.023893
vn -0.099195 -0.002063 0.012495
vn -0.099195 -0.004071 0.011992
vn -0.099195 -0.005970 0.011169
vn -0.099195 -0.007710 0.010048
vn -0.099195 -0.009243 0.008657
vn -0.099195 -0.010530 0.007036
vn -0.099195 -0.011536 0.005227
vn -0.099195 -0.012233 0.003278
vn -0.099195 -0.012604 0.001241
vn -0.099195 -0.012637 -0.000828
vn -0.099195 -0.012334 -0.002876
vn -0.099195 -0.011701 -0.004847
vn -0.099195 -0.010755 -0.006688
vn -0.099195 -0.009522 -0.008350
vn -0.099195 -0.008034 -0.009790
vn -0.099195 -0.006332 -0.010968
vn -0.099195 -0.004461 -0.011853
vn -0.099195 -0.002471 -0.012421
vn -0.099195 -0.000414 -0.012658
vn -0.099195 0.001653 -0.012556
vn -0.099195 0.003676 -0.012119
vn -0.099195 0.005601 -0.011359
vn -0.099195 0.007377 -0.010294
vn -0.099195 0.008955 -0.008955
vn -0.099195 0.010172 -0.007544
vn -0.099195 0.011169 -0.005970
vn -0.099195 0.011924 -0.004267
vn -0.099195 0.012421 -0.002471
vn -0.099195 0.012649 -0.000621
vn -0.099195 0.012604 0.001241
vn -0.099195 0.012285 0.003077
vn -0.099195 0.011701 0.004847
vn -0.099195 0.010863 0.006511
vn -0.099195 0.009790 0.008034
vn -0.099195 0.008505 0.009384
vn -0.099195 0.007036 0.010530
vn -0.099195 0.005415 0.011449
vn -0.099195 0.003676 0.012119
vn -0.038120 0.026837 0.088468
vn -0.038120 0.039527 0.083573
vn -0.038120 0.051362 0.076869
vn -0.038120 0.062085 0.068500
vn -0.038120 0.071464 0.058649
vn -0.038120 0.079296 0.047528
vn -0.038120 0.085412 0.035379
vn -0.038120 0.089679 0.022463
vn -0.038120 0.092004 0.009062
vn -0.038120 0.092338 -0.004536
vn -0.038120 0.090673 -0.018036
vn -0.038120 0.087045 -0.031145
vn -0.038120 0.081533 -0.043580
vn -0.038120 0.074256 -0.055072
vn -0.038120 0.065371 -0.065371
vn -0.038120 0.053850 -0.075147
vn -0.038120 0.040889 -0.082915
vn -0.038120 0.026837 -0.088468
vn -0.038120 0.012067 -0.091658
vn -0.038120 -0.003025 -0.092400
vn -0.038120 -0.018036 -0.090673
vn -0.038120 -0.032565 -0.086524
vn -0.038120 -0.046225 -0.080063
vn -0.038120 -0.058649 -0.071464
vn -0.038120 -0.069507 -0.060956
vn -0.038120 -0.078508 -0.048819
vn -0.038120 -0.085412 -0.035379
vn -0.038120 -0.090034 -0.020993
vn -0.015167 -0.095475 0.025582
vn -0.015167 -0.090033 0.040793
vn -0.015167 -0.082185 0.054914
vn -0.022785 -0.094052 0.025201
vn -0.022785 -0.088690 0.040185
vn -0.022785 -0.080960 0.054096
vn -0.022785 -0.071067 0.066561
vn -0.030437 -0.092009 0.024654
vn -0.030437 -0.086765 0.039313
vn -0.030437 -0.079202 0.052921
vn -0.030437 -0.069523 0.065116
vn -0.030437 -0.057988 0.075571
vn -0.038120 -0.089299 0.023928
vn -0.038120 -0.084209 0.038154
vn -0.038120 -0.076869 0.051362
vn -0.038120 -0.067475 0.063198
vn -0.038120 -0.056279 0.073345
vn -0.038120 -0.043580 0.081533
vn -0.045817 -0.085858 0.023006
vn -0.045817 -0.080964 0.036684
vn -0.045817 -0.073906 0.049383
vn -0.045817 -0.064875 0.060762
vn -0.045817 -0.054111 0.070518
vn -0.045817 -0.041901 0.078391
vn -0.045817 -0.028572 0.084169
usemtl Steel_-_Satin
f 2/1/1 35/2/2 1/3/3
f 1/3/3 35/2/2 36/4/4
f 1/3/3 36/4/4 37/5/5
f 2/1/1 3/6/6 35/2/2
f 35/2/2 3/6/6 34/7/7
f 34/7/7 3/6/6 4/8/8
f 34/7/7 4/8/8 33/9/9
f 33/9/9 4/8/8 5/10/10
f 33/9/9 5/10/10 32/11/11
f 32/11/11 5/10/10 6/12/12
f 32/11/11 6/12/12 62/13/13
f 62/13/13 6/12/12 61/14/14
f 61/14/14 6/12/12 7/15/15
f 61/14/14 7/15/15 8/16/16
f 9/17/17 59/18/18 8/16/16
f 8/16/16 59/18/18 60/19/19
f 8/16/16 60/19/19 61/14/14
f 9/17/17 10/20/20 59/18/18
f 59/18/18 10/20/20 58/21/21
f 58/21/21 10/20/20 57/22/22
f 57/22/22 10/20/20 11/23/23
f 57/22/22 11/23/23 12/24/24
f 57/22/22 12/24/24 56/25/25
f 56/25/25 12/24/24 13/26/26
f 56/25/25 13/26/26 55/27/27
f 55/27/27 13/26/26 54/28/28
f 54/28/28 13/26/26 14/29/29
f 54/28/28 14/29/29 15/30/30
f 16/31/31 52/32/32 15/30/30
f 15/30/30 52/32/32 53/33/33
f 15/30/30 53/33/33 54/28/28
f 16/31/31 17/34/34 52/32/32
f 52/32/32 17/34/34 51/35/35
f 51/35/35 17/34/34 50/36/36
f 50/36/36 17/34/34 18/37/37
f 50/36/36 18/37/37 19/38/38
f 50/36/36 19/38/38 49/39/39
f 49/39/39 19/38/38 20/40/40
f 49/39/39 20/40/40 48/41/41
f 48/42/41 20/43/40 47/44/42
f 47/44/42 20/43/40 21/45/43
f 47/44/42 21/45/43 22/46/44
f 47/44/42 22/46/44 46/47/45
f 46/47/45 22/46/44 23/48/46
f 46/47/45 23/48/46 45/49/47
f 45/49/47 23/48/46 24/50/48
f 45/49/47 24/50/48 44/51/49
f 44/51/49 24/50/48 43/52/50
f 43/52/50 24/50/48 25/53/51
f 43/52/50 25/53/51 26/54/52
f 43/52/50 26/54/52 42/55/53
f 42/55/53 26/54/52 27/56/54
f 42/55/53 27/56/54 41/57/55
f 41/57/55 27/56/54 40/58/56
f 40/58/56 27/56/54 28/59/57
f 40/58/56 28/59/57 29/60/58
f 30/61/59 38/62/60 29/60/58
f 29/60/58 38/62/60 39/63/61
f 29/60/58 39/63/61 40/58/56
f 30/61/59 31/64/62 38/62/60
f 38/62/60 31/64/62 37/5/5
f 37/5/5 31/64/62 1/3/3
f 64/65/63 174/66/64 63/67/65
f 63/67/65 174/66/64 175/68/66
f 63/67/65 175/68/66 176/69/67
f 65/70/68 171/71/69 64/65/63
f 64/65/63 171/71/69 172/72/70
f 64/65/63 172/72/70 173/73/71
f 66/74/72 189/75/73 65/70/68
f 65/70/68 189/75/73 185/76/74
f 65/70/68 185/76/74 188/77/75
f 188/77/75 185/76/74 187/78/76
f 188/77/75 187/78/76 239/79/77
f 239/79/77 187/78/76 100/80/78
f 239/79/77 100/80/78 241/81/79
f 241/81/79 100/80/78 101/82/80
f 241/81/79 101/82/80 102/83/81
f 189/75/73 66/74/72 191/84/82
f 191/84/82 66/74/72 67/85/83
f 191/84/82 67/85/83 193/86/84
f 193/86/84 67/85/83 68/87/85
f 193/86/84 68/87/85 195/88/86
f 195/88/86 68/87/85 69/89/87
f 195/88/86 69/89/87 197/90/88
f 197/90/88 69/89/87 70/91/89
f 197/90/88 70/91/89 199/92/90
f 199/92/90 70/91/89 71/93/91
f 199/92/90 71/93/91 201/94/92
f 201/94/92 71/93/91 72/95/93
f 201/94/92 72/95/93 203/96/94
f 203/96/94 72/95/93 73/97/95
f 203/96/94 73/97/95 205/98/96
f 205/98/96 73/97/95 74/99/97
f 205/98/96 74/99/97 207/100/98
f 207/100/98 74/99/97 75/101/99
f 207/100/98 75/101/99 209/102/100
f 209/102/100 75/101/99 76/103/101
f 209/102/100 76/103/101 135/104/102
f 135/104/102 76/103/101 134/105/103
f 134/105/103 76/103/101 133/106/104
f 133/106/104 76/103/101 132/107/105
f 132/107/105 76/103/101 77/108/106
f 132/107/105 77/108/106 131/109/107
f 131/109/107 77/108/106 130/110/108
f 130/110/108 77/108/106 129/111/109
f 129/111/109 77/108/106 128/112/110
f 128/112/110 77/108/106 78/113/111
f 128/112/110 78/113/111 127/114/112
f 127/115/112 78/116/111 126/117/113
f 126/117/113 78/116/111 79/118/114
f 126/117/113 79/118/114 125/119/115
f 125/119/115 79/118/114 124/120/116
f 124/120/116 79/118/114 123/121/117
f 123/121/117 79/118/114 80/122/118
f 123/121/117 80/122/118 122/123/119
f 122/123/119 80/122/118 121/124/120
f 121/124/120 80/122/118 120/125/121
f 120/125/121 80/122/118 119/126/122
f 119/126/122 80/122/118 216/127/123
f 119/126/122 216/127/123 150/128/124
f 150/128/124 216/127/123 149/129/125
f 149/129/125 216/127/123 148/130/126
f 148/130/126 216/127/123 147/131/127
f 147/131/127 216/127/123 244/132/128
f 147/131/127 244/132/128 146/133/129
f 146/133/129 244/132/128 145/134/130
f 145/134/130 244/132/128 144/135/131
f 144/135/131 244/132/128 183/136/132
f 144/135/131 183/136/132 143/137/133
f 143/138/133 183/139/132 142/140/134
f 142/140/134 183/139/132 211/141/135
f 142/140/134 211/141/135 141/142/136
f 141/142/136 211/141/135 140/143/137
f 140/143/137 211/141/135 139/144/138
f 139/144/138 211/141/135 138/145/139
f 138/145/139 211/141/135 209/102/100
f 138/145/139 209/102/100 137/146/140
f 137/146/140 209/102/100 136/147/141
f 136/147/141 209/102/100 135/104/102
f 216/127/123 80/122/118 213/148/142
f 213/148/142 80/122/118 81/149/143
f 213/148/142 81/149/143 217/150/144
f 217/150/144 81/149/143 82/151/145
f 217/150/144 82/151/145 219/152/146
f 219/152/146 82/151/145 83/153/147
f 219/152/146 83/153/147 221/154/148
f 221/154/148 83/153/147 84/155/149
f 221/154/148 84/155/149 223/156/150
f 223/156/150 84/155/149 85/157/151
f 223/156/150 85/157/151 225/158/152
f 225/158/152 85/157/151 86/159/153
f 225/158/152 86/159/153 227/160/154
f 227/160/154 86/159/153 87/161/155
f 227/160/154 87/161/155 229/162/156
f 229/162/156 87/161/155 88/163/157
f 229/162/156 88/163/157 231/164/158
f 231/164/158 88/163/157 89/165/159
f 231/164/158 89/165/159 233/166/160
f 233/166/160 89/165/159 90/167/161
f 233/166/160 90/167/161 91/168/162
f 92/169/163 180/170/164 91/168/162
f 91/168/162 180/170/164 181/171/165
f 91/168/162 181/171/165 182/172/166
f 63/67/65 176/69/67 92/169/163
f 92/169/163 176/69/67 177/173/167
f 92/169/163 177/173/167 178/174/168
f 1/175/169 31/176/170 118/177/171
f 118/177/171 31/176/170 30/178/172
f 118/177/171 30/178/172 29/179/173
f 118/177/171 29/179/173 117/180/174
f 117/180/174 29/179/173 28/181/175
f 117/180/174 28/181/175 27/182/176
f 27/182/176 26/183/177 117/180/174
f 117/180/174 26/183/177 210/184/178
f 117/180/174 210/184/178 116/185/179
f 116/185/179 210/184/178 212/186/180
f 116/185/179 212/186/180 115/187/181
f 115/187/181 212/186/180 184/188/182
f 115/187/181 184/188/182 114/189/183
f 114/190/183 184/191/182 113/192/184
f 113/192/184 184/191/182 243/193/185
f 113/192/184 243/193/185 112/194/186
f 112/194/186 243/193/185 215/195/187
f 112/194/186 215/195/187 111/196/188
f 111/196/188 215/195/187 214/197/189
f 111/196/188 214/197/189 42/198/190
f 42/198/190 214/197/189 43/199/191
f 43/199/191 214/197/189 44/200/192
f 44/200/192 214/197/189 45/201/193
f 45/201/193 214/197/189 218/202/194
f 45/201/193 218/202/194 46/203/195
f 46/203/195 218/202/194 220/204/196
f 46/203/195 220/204/196 47/205/197
f 47/205/197 220/204/196 48/206/198
f 48/206/198 220/204/196 222/207/199
f 48/206/198 222/207/199 49/208/200
f 49/208/200 222/207/199 50/209/201
f 50/209/201 222/207/199 51/210/202
f 51/210/202 222/207/199 224/211/203
f 51/210/202 224/211/203 52/212/204
f 52/212/204 224/211/203 53/213/205
f 53/213/205 224/211/203 54/214/206
f 54/214/206 224/211/203 55/215/207
f 55/215/207 224/211/203 56/216/208
f 56/216/208 224/211/203 226/217/209
f 56/216/208 226/217/209 57/218/210
f 57/218/210 226/217/209 108/219/211
f 57/218/210 108/219/211 109/220/212
f 210/184/178 26/183/177 208/221/213
f 208/221/213 26/183/177 25/222/214
f 208/221/213 25/222/214 24/223/215
f 24/223/215 23/224/216 208/221/213
f 208/221/213 23/224/216 206/225/217
f 208/221/213 206/225/217 205/98/96
f 205/98/96 206/225/217 203/96/94
f 23/224/216 22/226/218 206/225/217
f 206/225/217 22/226/218 204/227/219
f 206/225/217 204/227/219 203/96/94
f 203/96/94 204/227/219 201/94/92
f 22/226/218 21/228/220 204/227/219
f 204/227/219 21/228/220 20/229/221
f 204/227/219 20/229/221 202/230/222
f 202/230/222 20/229/221 19/231/223
f 202/230/222 19/231/223 18/232/224
f 18/232/224 17/233/225 202/230/222
f 202/230/222 17/233/225 200/234/226
f 202/230/222 200/234/226 199/92/90
f 199/92/90 200/234/226 197/90/88
f 17/233/225 16/235/227 200/234/226
f 200/234/226 16/235/227 15/236/228
f 200/234/226 15/236/228 14/237/229
f 14/237/229 13/238/230 200/234/226
f 200/234/226 13/238/230 12/239/231
f 200/234/226 12/239/231 198/240/232
f 198/240/232 12/239/231 11/241/233
f 198/240/232 11/241/233 94/242/234
f 94/242/234 11/241/233 93/243/235
f 93/243/235 11/241/233 10/244/236
f 93/243/235 10/244/236 9/245/237
f 9/245/237 8/246/238 93/243/235
f 93/243/235 8/246/238 7/247/239
f 93/243/235 7/247/239 6/248/240
f 6/248/240 5/249/241 93/243/235
f 198/240/232 94/242/234 196/250/242
f 196/250/242 94/242/234 95/251/243
f 196/250/242 95/251/243 194/252/244
f 194/252/244 95/251/243 96/253/245
f 194/252/244 96/253/245 192/254/246
f 192/254/246 96/253/245 97/255/247
f 192/254/246 97/255/247 190/256/248
f 190/256/248 97/255/247 98/257/249
f 190/256/248 98/257/249 186/258/250
f 186/258/250 98/257/249 99/259/251
f 186/258/250 99/259/251 187/78/76
f 187/78/76 99/259/251 100/80/78
f 241/81/79 102/83/81 238/260/252
f 238/260/252 102/83/81 103/261/253
f 238/260/252 103/261/253 236/262/254
f 236/262/254 103/261/253 104/263/255
f 236/262/254 104/263/255 234/264/256
f 234/264/256 104/263/255 105/265/257
f 234/264/256 105/265/257 232/266/258
f 232/266/258 105/265/257 106/267/259
f 232/266/258 106/267/259 230/268/260
f 230/268/260 106/267/259 107/269/261
f 230/268/260 107/269/261 228/270/262
f 228/270/262 107/269/261 108/219/211
f 228/270/262 108/219/211 226/217/209
f 32/271/263 62/272/264 109/220/212
f 109/220/212 62/272/264 61/273/265
f 109/220/212 61/273/265 60/274/266
f 60/274/266 59/275/267 109/220/212
f 109/220/212 59/275/267 58/276/268
f 109/220/212 58/276/268 57/218/210
f 42/198/190 41/277/269 111/196/188
f 111/196/188 41/277/269 40/278/270
f 111/196/188 40/278/270 39/279/271
f 111/196/188 39/279/271 110/280/272
f 110/280/272 39/279/271 38/281/273
f 110/280/272 38/281/273 37/282/274
f 37/282/274 36/283/275 110/280/272
f 152/284/276 235/285/277 151/286/278
f 151/286/278 235/285/277 91/168/162
f 151/286/278 91/168/162 182/172/166
f 152/284/276 153/287/279 235/285/277
f 235/285/277 153/287/279 154/288/280
f 235/285/277 154/288/280 237/289/281
f 237/289/281 154/288/280 155/290/282
f 237/289/281 155/290/282 156/291/283
f 156/291/283 157/292/284 237/289/281
f 237/289/281 157/292/284 158/293/285
f 237/289/281 158/293/285 242/294/286
f 242/294/286 158/293/285 159/295/287
f 242/294/286 159/295/287 160/296/288
f 242/294/286 160/296/288 240/297/289
f 240/297/289 160/296/288 161/298/290
f 240/297/289 161/298/290 162/299/291
f 162/299/291 163/300/292 240/297/289
f 240/297/289 163/300/292 188/77/75
f 240/297/289 188/77/75 239/79/77
f 163/300/292 164/301/293 188/77/75
f 188/77/75 164/301/293 165/302/294
f 188/77/75 165/302/294 166/303/295
f 166/303/295 167/304/296 188/77/75
f 188/77/75 167/304/296 65/70/68
f 167/304/296 168/305/297 65/70/68
f 65/70/68 168/305/297 169/306/298
f 65/70/68 169/306/298 170/307/299
f 170/307/299 171/71/69 65/70/68
f 173/73/71 174/66/64 64/65/63
f 178/174/168 179/308/300 92/169/163
f 92/169/163 179/308/300 180/170/164
f 183/139/132 184/188/182 211/141/135
f 211/141/135 184/188/182 212/186/180
f 211/141/135 212/186/180 209/102/100
f 209/102/100 212/186/180 210/184/178
f 209/102/100 210/184/178 207/100/98
f 207/100/98 210/184/178 208/221/213
f 207/100/98 208/221/213 205/98/96
f 184/191/182 183/136/132 243/193/185
f 243/193/185 183/136/132 244/132/128
f 243/193/185 244/132/128 215/195/187
f 215/195/187 244/132/128 216/127/123
f 215/195/187 216/127/123 214/197/189
f 214/197/189 216/127/123 213/148/142
f 214/197/189 213/148/142 218/202/194
f 218/202/194 213/148/142 217/150/144
f 218/202/194 217/150/144 220/204/196
f 220/204/196 217/150/144 219/152/146
f 220/204/196 219/152/146 222/207/199
f 222/207/199 219/152/146 221/154/148
f 222/207/199 221/154/148 224/211/203
f 224/211/203 221/154/148 223/156/150
f 224/211/203 223/156/150 226/217/209
f 226/217/209 223/156/150 225/158/152
f 226/217/209 225/158/152 228/270/262
f 228/270/262 225/158/152 227/160/154
f 228/270/262 227/160/154 230/268/260
f 230/268/260 227/160/154 229/162/156
f 230/268/260 229/162/156 232/266/258
f 232/266/258 229/162/156 231/164/158
f 232/266/258 231/164/158 234/264/256
f 234/264/256 231/164/158 233/166/160
f 234/264/256 233/166/160 235/285/277
f 235/285/277 233/166/160 91/168/162
f 190/256/248 186/258/250 185/76/74
f 185/76/74 186/258/250 187/78/76
f 190/256/248 185/76/74 189/75/73
f 192/254/246 190/256/248 189/75/73
f 192/254/246 189/75/73 191/84/82
f 194/252/244 192/254/246 191/84/82
f 194/252/244 191/84/82 193/86/84
f 196/250/242 194/252/244 193/86/84
f 196/250/242 193/86/84 195/88/86
f 198/240/232 196/250/242 195/88/86
f 198/240/232 195/88/86 197/90/88
f 200/234/226 198/240/232 197/90/88
f 202/230/222 199/92/90 201/94/92
f 204/227/219 202/230/222 201/94/92
f 236/262/254 234/264/256 235/285/277
f 238/260/252 236/262/254 237/289/281
f 237/289/281 236/262/254 235/285/277
f 241/81/79 238/260/252 242/294/286
f 242/294/286 238/260/252 237/289/281
f 242/294/286 240/297/289 239/79/77
f 242/294/286 239/79/77 241/81/79
f 182/309/301 120/310/302 151/311/303
f 151/311/303 120/310/302 119/312/304
f 151/311/303 119/312/304 150/313/305
f 182/309/301 181/314/306 120/310/302
f 120/310/302 181/314/306 121/315/307
f 121/315/307 181/314/306 180/316/308
f 121/315/307 180/316/308 122/317/309
f 122/317/309 180/316/308 123/318/310
f 123/318/310 180/316/308 179/319/311
f 123/318/310 179/319/311 178/320/312
f 177/321/313 125/322/314 178/320/312
f 178/320/312 125/322/314 124/323/315
f 178/320/312 124/323/315 123/318/310
f 177/321/313 176/324/316 125/322/314
f 125/322/314 176/324/316 126/325/317
f 126/325/317 176/324/316 127/326/318
f 127/326/318 176/324/316 175/327/319
f 127/328/318 175/329/319 128/330/320
f 128/330/320 175/329/319 174/331/321
f 128/330/320 174/331/321 173/332/322
f 172/333/323 130/334/324 173/332/322
f 173/332/322 130/334/324 129/335/325
f 173/332/322 129/335/325 128/330/320
f 172/333/323 171/336/326 130/334/324
f 130/334/324 171/336/326 131/337/327
f 131/337/327 171/336/326 132/338/328
f 132/338/328 171/336/326 170/339/329
f 132/338/328 170/339/329 169/340/330
f 132/338/328 169/340/330 133/341/331
f 133/341/331 169/340/330 168/342/332
f 133/341/331 168/342/332 134/343/333
f 134/343/333 168/342/332 135/344/334
f 135/344/334 168/342/332 167/345/335
f 135/344/334 167/345/335 166/346/336
f 165/347/337 137/348/338 166/346/336
f 166/346/336 137/348/338 136/349/339
f 166/346/336 136/349/339 135/344/334
f 165/347/337 164/350/340 137/348/338
f 137/348/338 164/350/340 138/351/341
f 138/351/341 164/350/340 163/352/342
f 138/351/341 163/352/342 139/353/343
f 139/353/343 163/352/342 140/354/344
f 140/354/344 163/352/342 162/355/345
f 140/354/344 162/355/345 161/356/346
f 160/357/347 142/358/348 161/356/346
f 161/356/346 142/358/348 141/359/349
f 161/356/346 141/359/349 140/354/344
f 160/357/347 159/360/350 142/358/348
f 142/358/348 159/360/350 143/361/351
f 143/361/351 159/360/350 158/362/352
f 143/361/351 158/362/352 144/363/353
f 144/363/353 158/362/352 145/364/354
f 145/364/354 158/362/352 157/365/355
f 145/364/354 157/365/355 156/366/356
f 155/367/357 147/368/358 156/366/356
f 156/366/356 147/368/358 146/369/359
f 156/366/356 146/369/359 145/364/354
f 155/367/357 154/370/360 147/368/358
f 147/368/358 154/370/360 148/371/361
f 148/371/361 154/370/360 153/372/362
f 148/371/361 153/372/362 149/373/363
f 149/373/363 153/372/362 150/313/305
f 150/313/305 153/372/362 152/374/364
f 150/313/305 152/374/364 151/311/303
f 246/375/365 294/376/366 245/377/367
f 245/377/367 294/376/366 295/378/368
f 245/377/367 295/378/368 276/379/369
f 276/379/369 295/378/368 296/380/370
f 276/379/369 296/380/370 275/381/371
f 275/381/371 296/380/370 297/382/372
f 275/381/371 297/382/372 274/383/373
f 274/383/373 297/382/372 298/384/374
f 274/383/373 298/384/374 273/385/375
f 273/385/375 298/384/374 299/386/376
f 273/385/375 299/386/376 272/387/377
f 272/387/377 299/386/376 300/388/378
f 272/387/377 300/388/378 271/389/379
f 271/389/379 300/388/378 301/390/380
f 271/389/379 301/390/380 270/391/381
f 270/391/381 301/390/380 302/392/382
f 270/391/381 302/392/382 269/393/383
f 269/393/383 302/392/382 303/394/384
f 269/393/383 303/394/384 268/395/385
f 268/395/385 303/394/384 304/396/386
f 268/395/385 304/396/386 267/397/387
f 267/397/387 304/396/386 305/398/388
f 267/397/387 305/398/388 266/399/389
f 266/399/389 305/398/388 306/400/390
f 266/399/389 306/400/390 265/401/391
f 265/401/391 306/400/390 307/402/392
f 265/401/391 307/402/392 264/403/393
f 264/403/393 307/402/392 308/404/394
f 264/403/393 308/404/394 263/405/395
f 263/405/395 308/404/394 277/406/396
f 263/405/395 277/406/396 262/407/397
f 262/407/397 277/406/396 278/408/398
f 262/407/397 278/408/398 261/409/399
f 261/410/399 278/411/398 279/412/400
f 261/410/399 279/412/400 260/413/401
f 260/413/401 279/412/400 280/414/402
f 260/413/401 280/414/402 259/415/403
f 259/415/403 280/414/402 281/416/404
f 259/415/403 281/416/404 258/417/405
f 258/417/405 281/416/404 282/418/406
f 258/417/405 282/418/406 257/419/407
f 257/419/407 282/418/406 283/420/408
f 257/419/407 283/420/408 256/421/409
f 256/421/409 283/420/408 284/422/410
f 256/421/409 284/422/410 255/423/411
f 255/423/411 284/422/410 285/424/412
f 255/423/411 285/424/412 254/425/413
f 254/425/413 285/424/412 286/426/414
f 254/425/413 286/426/414 253/427/415
f 253/427/415 286/426/414 287/428/416
f 253/427/415 287/428/416 252/429/417
f 252/429/417 287/428/416 288/430/418
f 252/429/417 288/430/418 251/431/419
f 251/431/419 288/430/418 289/432/420
f 251/431/419 289/432/420 250/433/421
f 250/433/421 289/432/420 290/434/422
f 250/433/421 290/434/422 249/435/423
f 249/435/423 290/434/422 291/436/424
f 249/435/423 291/436/424 248/437/425
f 248/437/425 291/436/424 292/438/426
f 248/437/425 292/438/426 247/439/427
f 247/439/427 292/438/426 293/440/428
f 247/439/427 293/440/428 246/375/365
f 246/375/365 293/440/428 294/376/366
f 4/441/429 344/442/430 5/443/241
f 5/443/241 344/442/430 343/444/431
f 5/443/241 343/444/431 93/445/235
f 93/445/235 343/444/431 326/446/432
f 93/445/235 326/446/432 94/447/234
f 94/447/234 326/446/432 813/448/433
f 94/447/234 813/448/433 798/449/434
f 798/449/434 813/448/433 814/450/435
f 798/449/434 814/450/435 799/451/436
f 799/451/436 814/450/435 815/452/437
f 799/451/436 815/452/437 800/453/438
f 800/453/438 815/452/437 816/454/439
f 800/453/438 816/454/439 801/455/440
f 801/455/440 816/454/439 817/456/441
f 801/455/440 817/456/441 802/457/442
f 802/457/442 817/456/441 818/458/443
f 802/457/442 818/458/443 803/459/444
f 803/459/444 818/458/443 819/460/445
f 803/459/444 819/460/445 804/461/446
f 804/461/446 819/460/445 820/462/447
f 804/461/446 820/462/447 805/463/448
f 805/463/448 820/462/447 821/464/449
f 805/463/448 821/464/449 806/465/450
f 806/465/450 821/464/449 822/466/451
f 806/465/450 822/466/451 807/467/452
f 807/467/452 822/466/451 823/468/453
f 807/467/452 823/468/453 808/469/454
f 808/469/454 823/468/453 824/470/455
f 808/469/454 824/470/455 809/471/456
f 809/471/456 824/470/455 825/472/457
f 809/471/456 825/472/457 810/473/458
f 810/473/458 825/472/457 826/474/459
f 810/473/458 826/474/459 811/475/460
f 811/475/460 826/474/459 827/476/461
f 811/475/460 827/476/461 812/477/462
f 812/477/462 827/476/461 317/478/463
f 4/441/429 3/479/464 344/442/430
f 344/442/430 3/479/464 359/480/465
f 344/442/430 359/480/465 360/481/466
f 360/481/466 359/480/465 375/482/467
f 360/481/466 375/482/467 376/483/468
f 376/483/468 375/482/467 391/484/469
f 376/483/468 391/484/469 392/485/470
f 392/485/470 391/484/469 407/486/471
f 392/485/470 407/486/471 408/487/472
f 408/487/472 407/486/471 302/488/473
f 408/487/472 302/488/473 301/489/474
f 3/479/464 2/490/475 359/480/465
f 359/480/465 2/490/475 1/491/169
f 359/480/465 1/491/169 374/492/476
f 374/492/476 1/491/169 118/493/171
f 374/492/476 118/493/171 389/494/477
f 389/494/477 118/493/171 117/495/174
f 389/494/477 117/495/174 404/496/478
f 404/496/478 117/495/174 116/497/179
f 404/496/478 116/497/179 325/498/479
f 325/498/479 116/497/179 115/499/181
f 325/498/479 115/499/181 433/500/480
f 433/500/480 115/499/181 430/501/481
f 433/500/480 430/501/481 431/502/482
f 431/502/482 430/501/481 435/503/483
f 431/502/482 435/503/483 279/504/484
f 279/504/484 435/503/483 280/505/485
f 280/505/485 435/503/483 437/506/486
f 280/505/485 437/506/486 281/507/487
f 281/507/487 437/506/486 282/508/488
f 282/508/488 437/506/486 438/509/489
f 282/508/488 438/509/489 283/510/490
f 283/510/490 438/509/489 441/511/491
f 283/510/490 441/511/491 284/512/492
f 284/512/492 441/511/491 469/513/493
f 284/512/492 469/513/493 318/514/494
f 318/514/494 469/513/493 446/515/495
f 318/514/494 446/515/495 447/516/496
f 447/516/496 446/515/495 475/517/497
f 447/516/496 475/517/497 476/518/498
f 476/518/498 475/517/497 495/519/499
f 476/518/498 495/519/499 494/520/500
f 494/520/500 495/519/499 506/521/501
f 494/520/500 506/521/501 507/522/502
f 507/522/502 506/521/501 522/523/503
f 507/522/502 522/523/503 523/524/504
f 523/524/504 522/523/503 538/525/505
f 523/524/504 538/525/505 539/526/506
f 539/526/506 538/525/505 553/527/507
f 539/526/506 553/527/507 554/528/508
f 554/528/508 553/527/507 578/529/509
f 554/528/508 578/529/509 577/530/510
f 577/530/510 578/529/509 570/531/511
f 577/530/510 570/531/511 571/532/512
f 571/532/512 570/531/511 601/533/513
f 571/532/512 601/533/513 602/534/514
f 602/534/514 601/533/513 617/535/515
f 602/534/514 617/535/515 618/536/516
f 618/536/516 617/535/515 634/537/517
f 618/536/516 634/537/517 317/538/463
f 115/499/181 114/539/183 430/501/481
f 430/501/481 114/539/183 434/540/518
f 430/501/481 434/540/518 435/503/483
f 435/503/483 434/540/518 437/506/486
f 114/539/183 113/541/184 434/540/518
f 434/540/518 113/541/184 436/542/519
f 434/540/518 436/542/519 437/506/486
f 437/506/486 436/542/519 440/543/520
f 437/506/486 440/543/520 441/511/491
f 441/511/491 440/543/520 469/513/493
f 113/541/184 112/544/186 436/542/519
f 436/542/519 112/544/186 439/545/521
f 436/542/519 439/545/521 440/543/520
f 440/543/520 439/545/521 470/546/522
f 440/543/520 470/546/522 469/513/493
f 469/513/493 470/546/522 445/547/523
f 469/513/493 445/547/523 446/515/495
f 446/515/495 445/547/523 474/548/524
f 446/515/495 474/548/524 475/517/497
f 475/517/497 474/548/524 496/549/525
f 475/517/497 496/549/525 495/519/499
f 495/519/499 496/549/525 505/550/526
f 495/519/499 505/550/526 506/521/501
f 506/521/501 505/550/526 521/551/527
f 506/521/501 521/551/527 522/523/503
f 522/523/503 521/551/527 537/552/528
f 522/523/503 537/552/528 538/525/505
f 538/525/505 537/552/528 552/553/529
f 538/525/505 552/553/529 553/527/507
f 553/527/507 552/553/529 579/554/530
f 553/527/507 579/554/530 578/529/509
f 578/529/509 579/554/530 569/555/531
f 578/529/509 569/555/531 570/531/511
f 570/531/511 569/555/531 600/556/532
f 570/531/511 600/556/532 601/533/513
f 601/533/513 600/556/532 616/557/533
f 601/533/513 616/557/533 617/535/515
f 617/535/515 616/557/533 635/558/534
f 617/535/515 635/558/534 634/537/517
f 634/537/517 635/558/534 633/559/535
f 634/537/517 633/559/535 317/560/463
f 439/545/521 112/544/186 324/561/536
f 324/561/536 112/544/186 111/562/188
f 324/561/536 111/562/188 443/563/537
f 443/563/537 111/562/188 110/564/272
f 443/563/537 110/564/272 471/565/538
f 471/565/538 110/564/272 323/566/539
f 471/565/538 323/566/539 499/567/540
f 499/567/540 323/566/539 501/568/541
f 499/567/540 501/568/541 502/569/542
f 502/569/542 501/568/541 517/570/543
f 502/569/542 517/570/543 518/571/544
f 518/571/544 517/570/543 533/572/545
f 518/571/544 533/572/545 534/573/546
f 534/573/546 533/572/545 548/574/547
f 534/573/546 548/574/547 549/575/548
f 549/575/548 548/574/547 583/576/549
f 549/575/548 583/576/549 582/577/550
f 582/577/550 583/576/549 565/578/551
f 582/577/550 565/578/551 566/579/552
f 566/579/552 565/578/551 596/580/553
f 566/579/552 596/580/553 597/581/554
f 597/581/554 596/580/553 612/582/555
f 597/581/554 612/582/555 613/583/556
f 613/583/556 612/582/555 639/584/557
f 613/583/556 639/584/557 638/585/558
f 638/585/558 639/584/557 629/586/559
f 638/585/558 629/586/559 630/587/560
f 630/587/560 629/586/559 658/588/561
f 630/587/560 658/588/561 659/589/562
f 659/589/562 658/588/561 678/590/563
f 659/589/562 678/590/563 679/591/564
f 679/591/564 678/590/563 688/592/565
f 679/591/564 688/592/565 689/593/566
f 689/593/566 688/592/565 698/594/567
f 689/593/566 698/594/567 317/595/463
f 110/564/272 36/596/275 323/566/539
f 323/566/539 36/596/275 35/597/568
f 323/566/539 35/597/568 500/598/569
f 500/598/569 35/597/568 34/599/570
f 500/598/569 34/599/570 515/600/571
f 515/600/571 34/599/570 33/601/572
f 515/600/571 33/601/572 32/602/263
f 515/600/571 32/602/263 530/603/573
f 530/603/573 32/602/263 109/604/212
f 530/603/573 109/604/212 322/605/574
f 322/605/574 109/604/212 108/606/211
f 322/605/574 108/606/211 588/607/575
f 588/607/575 108/606/211 559/608/576
f 588/607/575 559/608/576 560/609/577
f 560/609/577 559/608/576 590/610/578
f 560/609/577 590/610/578 591/611/579
f 591/611/579 590/610/578 606/612/580
f 591/611/579 606/612/580 607/613/581
f 607/613/581 606/612/580 645/614/582
f 607/613/581 645/614/582 644/615/583
f 644/615/583 645/614/582 623/616/584
f 644/615/583 623/616/584 624/617/585
f 624/617/585 623/616/584 652/618/586
f 624/617/585 652/618/586 653/619/587
f 653/619/587 652/618/586 672/620/588
f 653/619/587 672/620/588 673/621/589
f 673/621/589 672/620/588 682/622/590
f 673/621/589 682/622/590 683/623/591
f 683/623/591 682/622/590 692/624/592
f 683/623/591 692/624/592 693/625/593
f 693/625/593 692/624/592 311/626/594
f 693/625/593 311/626/594 312/627/595
f 108/606/211 107/628/261 559/608/576
f 559/608/576 107/628/261 589/629/596
f 559/608/576 589/629/596 590/610/578
f 590/610/578 589/629/596 605/630/597
f 590/610/578 605/630/597 606/612/580
f 606/612/580 605/630/597 646/631/598
f 606/612/580 646/631/598 645/614/582
f 645/614/582 646/631/598 622/632/599
f 645/614/582 622/632/599 623/616/584
f 623/616/584 622/632/599 651/633/600
f 623/616/584 651/633/600 652/618/586
f 652/618/586 651/633/600 251/634/601
f 652/618/586 251/634/601 671/635/602
f 671/635/602 251/634/601 250/636/603
f 671/635/602 250/636/603 249/637/604
f 107/628/261 106/638/259 589/629/596
f 589/629/596 106/638/259 604/639/605
f 589/629/596 604/639/605 605/630/597
f 605/630/597 604/639/605 647/640/606
f 605/630/597 647/640/606 646/631/598
f 646/631/598 647/640/606 621/641/607
f 646/631/598 621/641/607 622/632/599
f 622/632/599 621/641/607 650/642/608
f 622/632/599 650/642/608 651/633/600
f 651/633/600 650/642/608 253/643/609
f 651/633/600 253/643/609 252/644/610
f 604/639/605 106/638/259 321/645/611
f 321/645/611 106/638/259 105/646/257
f 321/645/611 105/646/257 619/647/612
f 619/647/612 105/646/257 104/648/255
f 619/647/612 104/648/255 320/649/613
f 320/649/613 104/648/255 103/650/253
f 320/649/613 103/650/253 668/651/614
f 668/651/614 103/650/253 662/652/615
f 668/651/614 662/652/615 663/653/616
f 663/653/616 662/652/615 670/654/617
f 663/653/616 670/654/617 258/655/618
f 258/655/618 670/654/617 259/656/619
f 259/656/619 670/654/617 260/657/620
f 260/657/620 670/654/617 309/658/621
f 260/657/620 309/658/621 261/659/622
f 103/650/253 102/660/81 662/652/615
f 662/652/615 102/660/81 669/661/623
f 662/652/615 669/661/623 670/654/617
f 670/654/617 669/661/623 309/658/621
f 102/660/81 101/662/80 669/661/623
f 669/661/623 101/662/80 309/658/621
f 663/653/616 258/655/618 664/663/624
f 664/663/624 258/655/618 257/664/625
f 664/663/624 257/664/625 256/665/626
f 664/663/624 256/665/626 666/666/627
f 666/666/627 256/665/626 255/667/628
f 666/666/627 255/667/628 665/668/629
f 665/668/629 255/667/628 254/669/630
f 665/668/629 254/669/630 253/643/609
f 252/644/610 251/634/601 651/633/600
f 248/670/631 681/671/632 249/637/604
f 249/637/604 681/671/632 672/620/588
f 249/637/604 672/620/588 671/635/602
f 671/635/602 672/620/588 652/618/586
f 248/670/631 247/672/633 681/671/632
f 681/671/632 247/672/633 690/673/634
f 681/671/632 690/673/634 691/674/635
f 691/674/635 690/673/634 310/675/636
f 691/674/635 310/675/636 692/624/592
f 692/624/592 310/675/636 311/626/594
f 247/672/633 246/676/637 690/673/634
f 690/673/634 246/676/637 310/675/636
f 246/676/637 245/677/638 310/675/636
f 693/625/593 312/627/595 694/678/639
f 694/678/639 312/627/595 313/679/640
f 694/678/639 313/679/640 695/680/641
f 695/680/641 313/679/640 314/681/642
f 695/680/641 314/681/642 696/682/643
f 696/682/643 314/681/642 315/683/644
f 696/682/643 315/683/644 697/684/645
f 697/684/645 315/683/644 316/685/646
f 697/684/645 316/685/646 698/594/567
f 698/594/567 316/685/646 317/686/463
f 315/687/644 706/688/647 316/689/646
f 316/689/646 706/688/647 707/690/648
f 316/689/646 707/690/648 317/691/463
f 706/688/647 315/687/644 705/692/649
f 705/692/649 315/687/644 314/693/642
f 705/692/649 314/693/642 704/694/650
f 704/694/650 314/693/642 313/695/640
f 704/694/650 313/695/640 703/696/651
f 703/696/651 313/695/640 312/697/595
f 703/696/651 312/697/595 702/698/652
f 702/698/652 312/697/595 311/699/594
f 702/698/652 311/699/594 701/700/653
f 701/700/653 311/699/594 310/701/636
f 701/700/653 310/701/636 700/702/654
f 700/702/654 310/701/636 699/703/655
f 700/702/654 699/703/655 709/704/656
f 709/704/656 699/703/655 708/705/657
f 709/704/656 708/705/657 722/706/658
f 722/706/658 708/705/657 721/707/659
f 722/706/658 721/707/659 745/708/660
f 745/708/660 721/707/659 744/709/661
f 745/708/660 744/709/661 775/710/662
f 775/710/662 744/709/661 776/711/663
f 775/710/662 776/711/663 760/712/664
f 760/712/664 776/711/663 759/713/665
f 760/712/664 759/713/665 790/714/666
f 790/714/666 759/713/665 789/715/667
f 790/714/666 789/715/667 805/463/448
f 805/463/448 789/715/667 804/461/446
f 310/701/636 245/716/638 699/703/655
f 699/703/655 245/716/638 276/717/668
f 699/703/655 276/717/668 275/718/669
f 699/703/655 275/718/669 708/705/657
f 708/705/657 275/718/669 274/719/670
f 708/705/657 274/719/670 273/720/671
f 272/721/672 720/722/673 273/720/671
f 273/720/671 720/722/673 721/707/659
f 273/720/671 721/707/659 708/705/657
f 272/721/672 271/723/674 720/722/673
f 720/722/673 271/723/674 719/724/675
f 720/722/673 719/724/675 743/725/676
f 743/725/676 719/724/675 742/726/677
f 743/725/676 742/726/677 777/727/678
f 777/727/678 742/726/677 778/728/679
f 777/727/678 778/728/679 758/729/680
f 758/729/680 778/728/679 757/730/681
f 758/729/680 757/730/681 788/731/682
f 788/731/682 757/730/681 787/732/683
f 788/731/682 787/732/683 803/459/444
f 803/459/444 787/732/683 802/457/442
f 271/723/674 270/733/684 719/724/675
f 719/724/675 270/733/684 269/734/685
f 719/724/675 269/734/685 319/735/686
f 319/735/686 269/734/685 730/736/687
f 319/735/686 730/736/687 731/737/688
f 731/737/688 730/736/687 267/738/689
f 731/737/688 267/738/689 266/739/690
f 269/734/685 268/740/691 730/736/687
f 730/736/687 268/740/691 267/738/689
f 731/737/688 266/739/690 734/741/692
f 734/741/692 266/739/690 265/742/693
f 734/741/692 265/742/693 264/743/694
f 263/744/695 737/745/696 264/743/694
f 264/743/694 737/745/696 735/746/697
f 264/743/694 735/746/697 734/741/692
f 734/741/692 735/746/697 731/737/688
f 263/744/695 262/747/698 737/745/696
f 737/745/696 262/747/698 309/748/621
f 737/745/696 309/748/621 738/749/699
f 738/749/699 309/748/621 101/750/80
f 738/749/699 101/750/80 100/751/78
f 262/747/698 261/752/622 309/748/621
f 738/749/699 100/751/78 736/753/700
f 736/753/700 100/751/78 99/754/251
f 736/753/700 99/754/251 733/755/701
f 733/755/701 99/754/251 328/756/702
f 733/755/701 328/756/702 717/757/703
f 717/757/703 328/756/702 739/758/704
f 717/757/703 739/758/704 740/759/705
f 740/759/705 739/758/704 780/760/706
f 740/759/705 780/760/706 779/761/707
f 779/761/707 780/760/706 756/762/708
f 779/761/707 756/762/708 757/730/681
f 757/730/681 756/762/708 787/732/683
f 99/754/251 98/763/249 328/756/702
f 328/756/702 98/763/249 327/764/709
f 328/756/702 327/764/709 739/758/704
f 739/758/704 327/764/709 781/765/710
f 739/758/704 781/765/710 780/760/706
f 780/760/706 781/765/710 755/766/711
f 780/760/706 755/766/711 756/762/708
f 756/762/708 755/766/711 786/767/712
f 756/762/708 786/767/712 787/732/683
f 787/732/683 786/767/712 802/457/442
f 98/763/249 97/768/247 327/764/709
f 327/764/709 97/768/247 782/769/713
f 327/764/709 782/769/713 781/765/710
f 781/765/710 782/769/713 754/770/714
f 781/765/710 754/770/714 755/766/711
f 755/766/711 754/770/714 785/771/715
f 755/766/711 785/771/715 786/767/712
f 786/767/712 785/771/715 801/455/440
f 786/767/712 801/455/440 802/457/442
f 782/769/713 97/768/247 753/772/716
f 753/772/716 97/768/247 96/773/245
f 753/772/716 96/773/245 783/774/717
f 783/774/717 96/773/245 95/775/243
f 783/774/717 95/775/243 798/449/434
f 798/449/434 95/775/243 94/447/234
f 308/776/718 432/777/719 277/778/720
f 277/778/720 432/777/719 431/502/482
f 277/778/720 431/502/482 278/779/721
f 278/779/721 431/502/482 279/504/484
f 308/776/718 307/780/722 432/777/719
f 432/777/719 307/780/722 419/781/723
f 432/777/719 419/781/723 325/498/479
f 325/498/479 419/781/723 404/496/478
f 307/780/722 306/782/724 419/781/723
f 419/781/723 306/782/724 420/783/725
f 419/781/723 420/783/725 405/784/726
f 405/784/726 420/783/725 406/785/727
f 405/784/726 406/785/727 390/786/728
f 390/786/728 406/785/727 391/484/469
f 390/786/728 391/484/469 375/482/467
f 306/782/724 305/787/729 420/783/725
f 420/783/725 305/787/729 304/788/730
f 420/783/725 304/788/730 303/789/731
f 302/488/473 407/486/471 303/789/731
f 303/789/731 407/486/471 406/785/727
f 303/789/731 406/785/727 420/783/725
f 301/489/474 300/790/732 408/487/472
f 408/487/472 300/790/732 409/791/733
f 408/487/472 409/791/733 393/792/734
f 393/792/734 409/791/733 394/793/735
f 393/792/734 394/793/735 378/794/736
f 378/794/736 394/793/735 379/795/737
f 378/794/736 379/795/737 363/796/738
f 363/796/738 379/795/737 364/797/739
f 363/796/738 364/797/739 348/798/740
f 348/798/740 364/797/739 349/799/741
f 348/798/740 349/799/741 339/800/742
f 339/800/742 349/799/741 338/801/743
f 339/800/742 338/801/743 838/802/744
f 838/802/744 338/801/743 837/803/745
f 838/802/744 837/803/745 817/456/441
f 817/456/441 837/803/745 818/458/443
f 300/790/732 299/804/746 409/791/733
f 409/791/733 299/804/746 298/805/747
f 409/791/733 298/805/747 421/806/748
f 421/806/748 298/805/747 297/807/749
f 421/806/748 297/807/749 842/808/750
f 842/808/750 297/807/749 296/809/751
f 842/808/750 296/809/751 295/810/752
f 842/808/750 295/810/752 851/811/753
f 851/811/753 295/810/752 294/812/754
f 851/811/753 294/812/754 860/813/755
f 860/813/755 294/812/754 293/814/756
f 860/813/755 293/814/756 292/815/757
f 860/813/755 292/815/757 869/816/758
f 869/816/758 292/815/757 291/817/759
f 869/816/758 291/817/759 290/818/760
f 289/819/761 467/820/762 290/818/760
f 290/818/760 467/820/762 466/821/763
f 290/818/760 466/821/763 869/816/758
f 869/816/758 466/821/763 465/822/764
f 869/816/758 465/822/764 870/823/765
f 870/823/765 465/822/764 464/824/766
f 870/823/765 464/824/766 871/825/767
f 871/825/767 464/824/766 463/826/768
f 871/825/767 463/826/768 872/827/769
f 872/827/769 463/826/768 462/828/770
f 872/827/769 462/828/770 873/829/771
f 873/829/771 462/828/770 461/830/772
f 873/829/771 461/830/772 874/831/773
f 874/831/773 461/830/772 460/832/774
f 874/831/773 460/832/774 875/833/775
f 875/833/775 460/832/774 459/834/776
f 875/833/775 459/834/776 876/835/777
f 876/835/777 459/834/776 458/836/778
f 876/835/777 458/836/778 877/837/779
f 877/837/779 458/836/778 317/838/463
f 289/819/761 288/839/780 467/820/762
f 467/820/762 288/839/780 468/840/781
f 467/820/762 468/840/781 448/841/782
f 448/841/782 468/840/781 447/516/496
f 448/841/782 447/516/496 476/518/498
f 288/839/780 287/842/783 468/840/781
f 468/840/781 287/842/783 318/514/494
f 468/840/781 318/514/494 447/516/496
f 287/842/783 286/843/784 318/514/494
f 318/514/494 286/843/784 442/844/785
f 318/514/494 442/844/785 284/512/492
f 284/512/492 442/844/785 285/845/786
f 285/845/786 442/844/785 286/843/784
f 689/593/566 317/846/463 680/847/787
f 680/847/787 317/848/463 661/849/788
f 661/849/788 317/850/463 633/559/535
f 618/536/516 317/851/463 603/852/789
f 603/852/789 317/853/463 573/854/790
f 573/854/790 317/855/463 574/856/791
f 574/856/791 317/857/463 558/858/792
f 558/858/792 317/859/463 544/860/793
f 544/860/793 317/861/463 529/862/794
f 529/862/794 317/863/463 514/864/795
f 486/865/796 317/866/463 485/867/797
f 485/867/797 317/868/463 457/869/798
f 457/869/798 317/870/463 458/836/778
f 877/837/779 317/871/463 868/872/799
f 868/872/799 317/873/463 859/874/800
f 859/874/800 317/875/463 850/876/801
f 850/876/801 317/877/463 429/878/802
f 429/878/802 317/879/463 418/880/803
f 418/880/803 317/881/463 403/882/804
f 403/882/804 317/883/463 388/884/805
f 388/884/805 317/885/463 373/886/806
f 358/887/807 317/888/463 329/889/808
f 329/889/808 317/890/463 828/891/809
f 828/891/809 317/892/463 827/476/461
f 812/477/462 317/893/463 797/894/810
f 797/894/810 317/895/463 767/896/811
f 767/896/811 317/897/463 768/898/812
f 768/898/812 317/899/463 752/900/813
f 752/900/813 317/901/463 729/902/814
f 729/902/814 317/903/463 716/904/815
f 716/904/815 317/905/463 707/690/648
f 514/864/795 317/906/463 486/865/796
f 432/777/719 325/498/479 433/500/480
f 373/886/806 317/907/463 358/887/807
f 329/889/808 330/908/816 358/887/807
f 358/887/807 330/908/816 357/909/817
f 358/887/807 357/909/817 373/886/806
f 373/886/806 357/909/817 372/910/818
f 373/886/806 372/910/818 388/884/805
f 388/884/805 372/910/818 387/911/819
f 388/884/805 387/911/819 403/882/804
f 403/882/804 387/911/819 402/912/820
f 403/882/804 402/912/820 418/880/803
f 418/880/803 402/912/820 417/913/821
f 418/880/803 417/913/821 429/878/802
f 429/878/802 417/913/821 428/914/822
f 429/878/802 428/914/822 850/876/801
f 850/876/801 428/914/822 849/915/823
f 850/876/801 849/915/823 859/874/800
f 859/874/800 849/915/823 858/916/824
f 859/874/800 858/916/824 868/872/799
f 868/872/799 858/916/824 867/917/825
f 868/872/799 867/917/825 877/837/779
f 877/837/779 867/917/825 876/835/777
f 330/908/816 331/918/826 357/909/817
f 357/909/817 331/918/826 356/919/827
f 357/909/817 356/919/827 372/910/818
f 372/910/818 356/919/827 371/920/828
f 372/910/818 371/920/828 387/911/819
f 387/911/819 371/920/828 386/921/829
f 387/911/819 386/921/829 402/912/820
f 402/912/820 386/921/829 401/922/830
f 402/912/820 401/922/830 417/913/821
f 417/913/821 401/922/830 416/923/831
f 417/913/821 416/923/831 428/914/822
f 428/914/822 416/923/831 427/924/832
f 428/914/822 427/924/832 849/915/823
f 849/915/823 427/924/832 848/925/833
f 849/915/823 848/925/833 858/916/824
f 858/916/824 848/925/833 857/926/834
f 858/916/824 857/926/834 867/917/825
f 867/917/825 857/926/834 866/927/835
f 867/917/825 866/927/835 876/835/777
f 876/835/777 866/927/835 875/833/775
f 330/908/816 329/889/808 829/928/836
f 829/928/836 329/889/808 828/891/809
f 829/928/836 828/891/809 826/474/459
f 826/474/459 828/891/809 827/476/461
f 331/918/826 332/929/837 356/919/827
f 356/919/827 332/929/837 355/930/838
f 356/919/827 355/930/838 371/920/828
f 371/920/828 355/930/838 370/931/839
f 371/920/828 370/931/839 386/921/829
f 386/921/829 370/931/839 385/932/840
f 386/921/829 385/932/840 401/922/830
f 401/922/830 385/932/840 400/933/841
f 401/922/830 400/933/841 416/923/831
f 416/923/831 400/933/841 415/934/842
f 416/923/831 415/934/842 427/924/832
f 427/924/832 415/934/842 426/935/843
f 427/924/832 426/935/843 848/925/833
f 848/925/833 426/935/843 847/936/844
f 848/925/833 847/936/844 857/926/834
f 857/926/834 847/936/844 856/937/845
f 857/926/834 856/937/845 866/927/835
f 866/927/835 856/937/845 865/938/846
f 866/927/835 865/938/846 875/833/775
f 875/833/775 865/938/846 874/831/773
f 331/918/826 330/908/816 830/939/847
f 830/939/847 330/908/816 829/928/836
f 830/939/847 829/928/836 825/472/457
f 825/472/457 829/928/836 826/474/459
f 332/929/837 333/940/848 355/930/838
f 355/930/838 333/940/848 354/941/849
f 355/930/838 354/941/849 370/931/839
f 370/931/839 354/941/849 369/942/850
f 370/931/839 369/942/850 385/932/840
f 385/932/840 369/942/850 384/943/851
f 385/932/840 384/943/851 400/933/841
f 400/933/841 384/943/851 399/944/852
f 400/933/841 399/944/852 415/934/842
f 415/934/842 399/944/852 414/945/853
f 415/934/842 414/945/853 426/935/843
f 426/935/843 414/945/853 425/946/854
f 426/935/843 425/946/854 847/936/844
f 847/936/844 425/946/854 846/947/855
f 847/936/844 846/947/855 856/937/845
f 856/937/845 846/947/855 855/948/856
f 856/937/845 855/948/856 865/938/846
f 865/938/846 855/948/856 864/949/857
f 865/938/846 864/949/857 874/831/773
f 874/831/773 864/949/857 873/829/771
f 332/929/837 331/918/826 831/950/858
f 831/950/858 331/918/826 830/939/847
f 831/950/858 830/939/847 824/470/455
f 824/470/455 830/939/847 825/472/457
f 333/940/848 334/951/859 354/941/849
f 354/941/849 334/951/859 353/952/860
f 354/941/849 353/952/860 369/942/850
f 369/942/850 353/952/860 368/953/861
f 369/942/850 368/953/861 384/943/851
f 384/943/851 368/953/861 383/954/862
f 384/943/851 383/954/862 399/944/852
f 399/944/852 383/954/862 398/955/863
f 399/944/852 398/955/863 414/945/853
f 414/945/853 398/955/863 413/956/864
f 414/945/853 413/956/864 425/946/854
f 425/946/854 413/956/864 424/957/865
f 425/946/854 424/957/865 846/947/855
f 846/947/855 424/957/865 845/958/866
f 846/947/855 845/958/866 855/948/856
f 855/948/856 845/958/866 854/959/867
f 855/948/856 854/959/867 864/949/857
f 864/949/857 854/959/867 863/960/868
f 864/949/857 863/960/868 873/829/771
f 873/829/771 863/960/868 872/827/769
f 333/940/848 332/929/837 832/961/869
f 832/961/869 332/929/837 831/950/858
f 832/961/869 831/950/858 823/468/453
f 823/468/453 831/950/858 824/470/455
f 334/951/859 335/962/870 353/952/860
f 353/952/860 335/962/870 352/963/871
f 353/952/860 352/963/871 368/953/861
f 368/953/861 352/963/871 367/964/872
f 368/953/861 367/964/872 383/954/862
f 383/954/862 367/964/872 382/965/873
f 383/954/862 382/965/873 398/955/863
f 398/955/863 382/965/873 397/966/874
f 398/955/863 397/966/874 413/956/864
f 413/956/864 397/966/874 412/967/875
f 413/956/864 412/967/875 424/957/865
f 424/957/865 412/967/875 423/968/876
f 424/957/865 423/968/876 845/958/866
f 845/958/866 423/968/876 844/969/877
f 845/958/866 844/969/877 854/959/867
f 854/959/867 844/969/877 853/970/878
f 854/959/867 853/970/878 863/960/868
f 863/960/868 853/970/878 862/971/879
f 863/960/868 862/971/879 872/827/769
f 872/827/769 862/971/879 871/825/767
f 334/951/859 333/940/848 833/972/880
f 833/972/880 333/940/848 832/961/869
f 833/972/880 832/961/869 822/466/451
f 822/466/451 832/961/869 823/468/453
f 335/962/870 336/973/881 352/963/871
f 352/963/871 336/973/881 351/974/882
f 352/963/871 351/974/882 367/964/872
f 367/964/872 351/974/882 366/975/883
f 367/964/872 366/975/883 382/965/873
f 382/965/873 366/975/883 381/976/884
f 382/965/873 381/976/884 397/966/874
f 397/966/874 381/976/884 396/977/885
f 397/966/874 396/977/885 412/967/875
f 412/967/875 396/977/885 411/978/886
f 412/967/875 411/978/886 423/968/876
f 423/968/876 411/978/886 422/979/887
f 423/968/876 422/979/887 844/969/877
f 844/969/877 422/979/887 843/980/888
f 844/969/877 843/980/888 853/970/878
f 853/970/878 843/980/888 852/981/889
f 853/970/878 852/981/889 862/971/879
f 862/971/879 852/981/889 861/982/890
f 862/971/879 861/982/890 871/825/767
f 871/825/767 861/982/890 870/823/765
f 335/962/870 334/951/859 834/983/891
f 834/983/891 334/951/859 833/972/880
f 834/983/891 833/972/880 821/464/449
f 821/464/449 833/972/880 822/466/451
f 336/973/881 337/984/892 351/974/882
f 351/974/882 337/984/892 350/985/893
f 351/974/882 350/985/893 366/975/883
f 366/975/883 350/985/893 365/986/894
f 366/975/883 365/986/894 381/976/884
f 381/976/884 365/986/894 380/987/895
f 381/976/884 380/987/895 396/977/885
f 396/977/885 380/987/895 395/988/896
f 396/977/885 395/988/896 411/978/886
f 411/978/886 395/988/896 410/989/897
f 411/978/886 410/989/897 422/979/887
f 422/979/887 410/989/897 421/806/748
f 422/979/887 421/806/748 843/980/888
f 843/980/888 421/806/748 842/808/750
f 843/980/888 842/808/750 852/981/889
f 852/981/889 842/808/750 851/811/753
f 852/981/889 851/811/753 861/982/890
f 861/982/890 851/811/753 860/813/755
f 861/982/890 860/813/755 870/823/765
f 870/823/765 860/813/755 869/816/758
f 336/973/881 335/962/870 835/990/898
f 835/990/898 335/962/870 834/983/891
f 835/990/898 834/983/891 820/462/447
f 820/462/447 834/983/891 821/464/449
f 337/984/892 338/801/743 350/985/893
f 350/985/893 338/801/743 349/799/741
f 350/985/893 349/799/741 365/986/894
f 365/986/894 349/799/741 364/797/739
f 365/986/894 364/797/739 380/987/895
f 380/987/895 364/797/739 379/795/737
f 380/987/895 379/795/737 395/988/896
f 395/988/896 379/795/737 394/793/735
f 395/988/896 394/793/735 410/989/897
f 410/989/897 394/793/735 409/791/733
f 410/989/897 409/791/733 421/806/748
f 337/984/892 336/973/881 836/991/899
f 836/991/899 336/973/881 835/990/898
f 836/991/899 835/990/898 819/460/445
f 819/460/445 835/990/898 820/462/447
f 338/801/743 337/984/892 837/803/745
f 837/803/745 337/984/892 836/991/899
f 837/803/745 836/991/899 818/458/443
f 818/458/443 836/991/899 819/460/445
f 339/800/742 340/992/900 348/798/740
f 348/798/740 340/992/900 347/993/901
f 348/798/740 347/993/901 363/796/738
f 363/796/738 347/993/901 362/994/902
f 363/796/738 362/994/902 378/794/736
f 378/794/736 362/994/902 377/995/903
f 378/794/736 377/995/903 393/792/734
f 393/792/734 377/995/903 392/485/470
f 393/792/734 392/485/470 408/487/472
f 340/992/900 341/996/904 347/993/901
f 347/993/901 341/996/904 346/997/905
f 347/993/901 346/997/905 362/994/902
f 362/994/902 346/997/905 361/998/906
f 362/994/902 361/998/906 377/995/903
f 377/995/903 361/998/906 376/483/468
f 377/995/903 376/483/468 392/485/470
f 340/992/900 339/800/742 839/999/907
f 839/999/907 339/800/742 838/802/744
f 839/999/907 838/802/744 816/454/439
f 816/454/439 838/802/744 817/456/441
f 341/996/904 342/1000/908 346/997/905
f 346/997/905 342/1000/908 345/1001/909
f 346/997/905 345/1001/909 361/998/906
f 361/998/906 345/1001/909 360/481/466
f 361/998/906 360/481/466 376/483/468
f 341/996/904 340/992/900 840/1002/910
f 840/1002/910 340/992/900 839/999/907
f 840/1002/910 839/999/907 815/452/437
f 815/452/437 839/999/907 816/454/439
f 342/1000/908 343/444/431 345/1001/909
f 345/1001/909 343/444/431 344/442/430
f 345/1001/909 344/442/430 360/481/466
f 342/1000/908 341/996/904 841/1003/911
f 841/1003/911 341/996/904 840/1002/910
f 841/1003/911 840/1002/910 814/450/435
f 814/450/435 840/1002/910 815/452/437
f 343/444/431 342/1000/908 326/446/432
f 326/446/432 342/1000/908 841/1003/911
f 326/446/432 841/1003/911 813/448/433
f 813/448/433 841/1003/911 814/450/435
f 390/786/728 375/482/467 374/492/476
f 374/492/476 375/482/467 359/480/465
f 405/784/726 390/786/728 389/494/477
f 389/494/477 390/786/728 374/492/476
f 407/486/471 391/484/469 406/785/727
f 419/781/723 405/784/726 404/496/478
f 404/496/478 405/784/726 389/494/477
f 432/777/719 433/500/480 431/502/482
f 441/511/491 438/509/489 437/506/486
f 443/563/537 444/1004/912 324/561/536
f 324/561/536 444/1004/912 470/546/522
f 324/561/536 470/546/522 439/545/521
f 470/546/522 444/1004/912 445/547/523
f 445/547/523 444/1004/912 473/1005/913
f 445/547/523 473/1005/913 474/548/524
f 474/548/524 473/1005/913 497/1006/914
f 474/548/524 497/1006/914 496/549/525
f 496/549/525 497/1006/914 504/1007/915
f 496/549/525 504/1007/915 505/550/526
f 505/550/526 504/1007/915 520/1008/916
f 505/550/526 520/1008/916 521/551/527
f 521/551/527 520/1008/916 536/1009/917
f 521/551/527 536/1009/917 537/552/528
f 537/552/528 536/1009/917 551/1010/918
f 537/552/528 551/1010/918 552/553/529
f 552/553/529 551/1010/918 580/1011/919
f 552/553/529 580/1011/919 579/554/530
f 579/554/530 580/1011/919 568/1012/920
f 579/554/530 568/1012/920 569/555/531
f 569/555/531 568/1012/920 599/1013/921
f 569/555/531 599/1013/921 600/556/532
f 600/556/532 599/1013/921 615/1014/922
f 600/556/532 615/1014/922 616/557/533
f 616/557/533 615/1014/922 636/1015/923
f 616/557/533 636/1015/923 635/558/534
f 635/558/534 636/1015/923 632/1016/924
f 635/558/534 632/1016/924 633/559/535
f 633/559/535 632/1016/924 661/849/788
f 444/1004/912 443/563/537 472/1017/925
f 472/1017/925 443/563/537 471/565/538
f 472/1017/925 471/565/538 499/567/540
f 466/821/763 467/820/762 449/1018/926
f 449/1018/926 467/820/762 448/841/782
f 449/1018/926 448/841/782 477/1019/927
f 477/1019/927 448/841/782 476/518/498
f 477/1019/927 476/518/498 494/520/500
f 465/822/764 466/821/763 450/1020/928
f 450/1020/928 466/821/763 449/1018/926
f 450/1020/928 449/1018/926 478/1021/929
f 478/1021/929 449/1018/926 477/1019/927
f 478/1021/929 477/1019/927 493/1022/930
f 493/1022/930 477/1019/927 494/520/500
f 493/1022/930 494/520/500 507/522/502
f 464/824/766 465/822/764 451/1023/931
f 451/1023/931 465/822/764 450/1020/928
f 451/1023/931 450/1020/928 479/1024/932
f 479/1024/932 450/1020/928 478/1021/929
f 479/1024/932 478/1021/929 492/1025/933
f 492/1025/933 478/1021/929 493/1022/930
f 492/1025/933 493/1022/930 508/1026/934
f 508/1026/934 493/1022/930 507/522/502
f 508/1026/934 507/522/502 523/524/504
f 463/826/768 464/824/766 452/1027/935
f 452/1027/935 464/824/766 451/1023/931
f 452/1027/935 451/1023/931 480/1028/936
f 480/1028/936 451/1023/931 479/1024/932
f 480/1028/936 479/1024/932 491/1029/937
f 491/1029/937 479/1024/932 492/1025/933
f 491/1029/937 492/1025/933 509/1030/938
f 509/1030/938 492/1025/933 508/1026/934
f 509/1030/938 508/1026/934 524/1031/939
f 524/1031/939 508/1026/934 523/524/504
f 524/1031/939 523/524/504 539/526/506
f 462/828/770 463/826/768 453/1032/940
f 453/1032/940 463/826/768 452/1027/935
f 453/1032/940 452/1027/935 481/1033/941
f 481/1033/941 452/1027/935 480/1028/936
f 481/1033/941 480/1028/936 490/1034/942
f 490/1034/942 480/1028/936 491/1029/937
f 490/1034/942 491/1029/937 510/1035/943
f 510/1035/943 491/1029/937 509/1030/938
f 510/1035/943 509/1030/938 525/1036/944
f 525/1036/944 509/1030/938 524/1031/939
f 525/1036/944 524/1031/939 540/1037/945
f 540/1037/945 524/1031/939 539/526/506
f 540/1037/945 539/526/506 554/528/508
f 461/830/772 462/828/770 454/1038/946
f 454/1038/946 462/828/770 453/1032/940
f 454/1038/946 453/1032/940 482/1039/947
f 482/1039/947 453/1032/940 481/1033/941
f 482/1039/947 481/1033/941 489/1040/948
f 489/1040/948 481/1033/941 490/1034/942
f 489/1040/948 490/1034/942 511/1041/949
f 511/1041/949 490/1034/942 510/1035/943
f 511/1041/949 510/1035/943 526/1042/950
f 526/1042/950 510/1035/943 525/1036/944
f 526/1042/950 525/1036/944 541/1043/951
f 541/1043/951 525/1036/944 540/1037/945
f 541/1043/951 540/1037/945 555/1044/952
f 555/1044/952 540/1037/945 554/528/508
f 555/1044/952 554/528/508 577/530/510
f 460/832/774 461/830/772 455/1045/953
f 455/1045/953 461/830/772 454/1038/946
f 455/1045/953 454/1038/946 483/1046/954
f 483/1046/954 454/1038/946 482/1039/947
f 483/1046/954 482/1039/947 488/1047/955
f 488/1047/955 482/1039/947 489/1040/948
f 488/1047/955 489/1040/948 512/1048/956
f 512/1048/956 489/1040/948 511/1041/949
f 512/1048/956 511/1041/949 527/1049/957
f 527/1049/957 511/1041/949 526/1042/950
f 527/1049/957 526/1042/950 542/1050/958
f 542/1050/958 526/1042/950 541/1043/951
f 542/1050/958 541/1043/951 556/1051/959
f 556/1051/959 541/1043/951 555/1044/952
f 556/1051/959 555/1044/952 576/1052/960
f 576/1052/960 555/1044/952 577/530/510
f 576/1052/960 577/530/510 571/532/512
f 459/834/776 460/832/774 456/1053/961
f 456/1053/961 460/832/774 455/1045/953
f 456/1053/961 455/1045/953 484/1054/962
f 484/1054/962 455/1045/953 483/1046/954
f 484/1054/962 483/1046/954 487/1055/963
f 487/1055/963 483/1046/954 488/1047/955
f 487/1055/963 488/1047/955 513/1056/964
f 513/1056/964 488/1047/955 512/1048/956
f 513/1056/964 512/1048/956 528/1057/965
f 528/1057/965 512/1048/956 527/1049/957
f 528/1057/965 527/1049/957 543/1058/966
f 543/1058/966 527/1049/957 542/1050/958
f 543/1058/966 542/1050/958 557/1059/967
f 557/1059/967 542/1050/958 556/1051/959
f 557/1059/967 556/1051/959 575/1060/968
f 575/1060/968 556/1051/959 576/1052/960
f 575/1060/968 576/1052/960 572/1061/969
f 572/1061/969 576/1052/960 571/532/512
f 572/1061/969 571/532/512 602/534/514
f 458/836/778 459/834/776 457/869/798
f 457/869/798 459/834/776 456/1053/961
f 457/869/798 456/1053/961 485/867/797
f 485/867/797 456/1053/961 484/1054/962
f 485/867/797 484/1054/962 486/865/796
f 486/865/796 484/1054/962 487/1055/963
f 486/865/796 487/1055/963 514/864/795
f 514/864/795 487/1055/963 513/1056/964
f 514/864/795 513/1056/964 529/862/794
f 529/862/794 513/1056/964 528/1057/965
f 529/862/794 528/1057/965 544/860/793
f 544/860/793 528/1057/965 543/1058/966
f 544/860/793 543/1058/966 558/858/792
f 558/858/792 543/1058/966 557/1059/967
f 558/858/792 557/1059/967 574/856/791
f 574/856/791 557/1059/967 575/1060/968
f 574/856/791 575/1060/968 573/854/790
f 573/854/790 575/1060/968 572/1061/969
f 573/854/790 572/1061/969 603/852/789
f 603/852/789 572/1061/969 602/534/514
f 603/852/789 602/534/514 618/536/516
f 444/1004/912 472/1017/925 473/1005/913
f 473/1005/913 472/1017/925 498/1062/970
f 473/1005/913 498/1062/970 497/1006/914
f 497/1006/914 498/1062/970 503/1063/971
f 497/1006/914 503/1063/971 504/1007/915
f 504/1007/915 503/1063/971 519/1064/972
f 504/1007/915 519/1064/972 520/1008/916
f 520/1008/916 519/1064/972 535/1065/973
f 520/1008/916 535/1065/973 536/1009/917
f 536/1009/917 535/1065/973 550/1066/974
f 536/1009/917 550/1066/974 551/1010/918
f 551/1010/918 550/1066/974 581/1067/975
f 551/1010/918 581/1067/975 580/1011/919
f 580/1011/919 581/1067/975 567/1068/976
f 580/1011/919 567/1068/976 568/1012/920
f 568/1012/920 567/1068/976 598/1069/977
f 568/1012/920 598/1069/977 599/1013/921
f 599/1013/921 598/1069/977 614/1070/978
f 599/1013/921 614/1070/978 615/1014/922
f 615/1014/922 614/1070/978 637/1071/979
f 615/1014/922 637/1071/979 636/1015/923
f 636/1015/923 637/1071/979 631/1072/980
f 636/1015/923 631/1072/980 632/1016/924
f 632/1016/924 631/1072/980 660/1073/981
f 632/1016/924 660/1073/981 661/849/788
f 661/849/788 660/1073/981 680/847/787
f 498/1062/970 472/1017/925 499/567/540
f 503/1063/971 498/1062/970 502/569/542
f 502/569/542 498/1062/970 499/567/540
f 323/566/539 500/598/569 501/568/541
f 501/568/541 500/598/569 516/1074/982
f 501/568/541 516/1074/982 517/570/543
f 517/570/543 516/1074/982 532/1075/983
f 517/570/543 532/1075/983 533/572/545
f 533/572/545 532/1075/983 547/1076/984
f 533/572/545 547/1076/984 548/574/547
f 548/574/547 547/1076/984 584/1077/985
f 548/574/547 584/1077/985 583/576/549
f 583/576/549 584/1077/985 564/1078/986
f 583/576/549 564/1078/986 565/578/551
f 565/578/551 564/1078/986 595/1079/987
f 565/578/551 595/1079/987 596/580/553
f 596/580/553 595/1079/987 611/1080/988
f 596/580/553 611/1080/988 612/582/555
f 612/582/555 611/1080/988 640/1081/989
f 612/582/555 640/1081/989 639/584/557
f 639/584/557 640/1081/989 628/1082/990
f 639/584/557 628/1082/990 629/586/559
f 629/586/559 628/1082/990 657/1083/991
f 629/586/559 657/1083/991 658/588/561
f 658/588/561 657/1083/991 677/1084/992
f 658/588/561 677/1084/992 678/590/563
f 678/590/563 677/1084/992 687/1085/993
f 678/590/563 687/1085/993 688/592/565
f 688/592/565 687/1085/993 697/684/645
f 688/592/565 697/684/645 698/594/567
f 519/1064/972 503/1063/971 518/571/544
f 518/571/544 503/1063/971 502/569/542
f 500/598/569 515/600/571 516/1074/982
f 516/1074/982 515/600/571 531/1086/994
f 516/1074/982 531/1086/994 532/1075/983
f 532/1075/983 531/1086/994 546/1087/995
f 532/1075/983 546/1087/995 547/1076/984
f 547/1076/984 546/1087/995 585/1088/996
f 547/1076/984 585/1088/996 584/1077/985
f 584/1077/985 585/1088/996 563/1089/997
f 584/1077/985 563/1089/997 564/1078/986
f 564/1078/986 563/1089/997 594/1090/998
f 564/1078/986 594/1090/998 595/1079/987
f 595/1079/987 594/1090/998 610/1091/999
f 595/1079/987 610/1091/999 611/1080/988
f 611/1080/988 610/1091/999 641/1092/1000
f 611/1080/988 641/1092/1000 640/1081/989
f 640/1081/989 641/1092/1000 627/1093/1001
f 640/1081/989 627/1093/1001 628/1082/990
f 628/1082/990 627/1093/1001 656/1094/1002
f 628/1082/990 656/1094/1002 657/1083/991
f 657/1083/991 656/1094/1002 676/1095/1003
f 657/1083/991 676/1095/1003 677/1084/992
f 677/1084/992 676/1095/1003 686/1096/1004
f 677/1084/992 686/1096/1004 687/1085/993
f 687/1085/993 686/1096/1004 696/682/643
f 687/1085/993 696/682/643 697/684/645
f 535/1065/973 519/1064/972 534/573/546
f 534/573/546 519/1064/972 518/571/544
f 515/600/571 530/603/573 531/1086/994
f 531/1086/994 530/603/573 545/1097/1005
f 531/1086/994 545/1097/1005 546/1087/995
f 546/1087/995 545/1097/1005 586/1098/1006
f 546/1087/995 586/1098/1006 585/1088/996
f 585/1088/996 586/1098/1006 562/1099/1007
f 585/1088/996 562/1099/1007 563/1089/997
f 563/1089/997 562/1099/1007 593/1100/1008
f 563/1089/997 593/1100/1008 594/1090/998
f 594/1090/998 593/1100/1008 609/1101/1009
f 594/1090/998 609/1101/1009 610/1091/999
f 610/1091/999 609/1101/1009 642/1102/1010
f 610/1091/999 642/1102/1010 641/1092/1000
f 641/1092/1000 642/1102/1010 626/1103/1011
f 641/1092/1000 626/1103/1011 627/1093/1001
f 627/1093/1001 626/1103/1011 655/1104/1012
f 627/1093/1001 655/1104/1012 656/1094/1002
f 656/1094/1002 655/1104/1012 675/1105/1013
f 656/1094/1002 675/1105/1013 676/1095/1003
f 676/1095/1003 675/1105/1013 685/1106/1014
f 676/1095/1003 685/1106/1014 686/1096/1004
f 686/1096/1004 685/1106/1014 695/680/641
f 686/1096/1004 695/680/641 696/682/643
f 550/1066/974 535/1065/973 549/575/548
f 549/575/548 535/1065/973 534/573/546
f 530/603/573 322/605/574 545/1097/1005
f 545/1097/1005 322/605/574 587/1107/1015
f 545/1097/1005 587/1107/1015 586/1098/1006
f 586/1098/1006 587/1107/1015 561/1108/1016
f 586/1098/1006 561/1108/1016 562/1099/1007
f 562/1099/1007 561/1108/1016 592/1109/1017
f 562/1099/1007 592/1109/1017 593/1100/1008
f 593/1100/1008 592/1109/1017 608/1110/1018
f 593/1100/1008 608/1110/1018 609/1101/1009
f 609/1101/1009 608/1110/1018 643/1111/1019
f 609/1101/1009 643/1111/1019 642/1102/1010
f 642/1102/1010 643/1111/1019 625/1112/1020
f 642/1102/1010 625/1112/1020 626/1103/1011
f 626/1103/1011 625/1112/1020 654/1113/1021
f 626/1103/1011 654/1113/1021 655/1104/1012
f 655/1104/1012 654/1113/1021 674/1114/1022
f 655/1104/1012 674/1114/1022 675/1105/1013
f 675/1105/1013 674/1114/1022 684/1115/1023
f 675/1105/1013 684/1115/1023 685/1106/1014
f 685/1106/1014 684/1115/1023 694/678/639
f 685/1106/1014 694/678/639 695/680/641
f 581/1067/975 550/1066/974 582/577/550
f 582/577/550 550/1066/974 549/575/548
f 588/607/575 560/609/577 587/1107/1015
f 587/1107/1015 560/609/577 561/1108/1016
f 592/1109/1017 561/1108/1016 591/611/579
f 591/611/579 561/1108/1016 560/609/577
f 581/1067/975 582/577/550 566/579/552
f 581/1067/975 566/579/552 567/1068/976
f 567/1068/976 566/579/552 597/581/554
f 567/1068/976 597/581/554 598/1069/977
f 598/1069/977 597/581/554 613/583/556
f 598/1069/977 613/583/556 614/1070/978
f 614/1070/978 613/583/556 638/585/558
f 614/1070/978 638/585/558 637/1071/979
f 637/1071/979 638/585/558 630/587/560
f 637/1071/979 630/587/560 631/1072/980
f 631/1072/980 630/587/560 659/589/562
f 631/1072/980 659/589/562 660/1073/981
f 660/1073/981 659/589/562 679/591/564
f 660/1073/981 679/591/564 680/847/787
f 680/847/787 679/591/564 689/593/566
f 322/605/574 588/607/575 587/1107/1015
f 608/1110/1018 592/1109/1017 607/613/581
f 607/613/581 592/1109/1017 591/611/579
f 643/1111/1019 608/1110/1018 644/615/583
f 644/615/583 608/1110/1018 607/613/581
f 619/647/612 620/1116/1024 321/645/611
f 321/645/611 620/1116/1024 647/640/606
f 321/645/611 647/640/606 604/639/605
f 647/640/606 620/1116/1024 621/641/607
f 621/641/607 620/1116/1024 649/1117/1025
f 621/641/607 649/1117/1025 650/642/608
f 650/642/608 649/1117/1025 665/668/629
f 650/642/608 665/668/629 253/643/609
f 620/1116/1024 619/647/612 648/1118/1026
f 648/1118/1026 619/647/612 320/649/613
f 648/1118/1026 320/649/613 667/1119/1027
f 667/1119/1027 320/649/613 668/651/614
f 667/1119/1027 668/651/614 663/653/616
f 643/1111/1019 644/615/583 624/617/585
f 643/1111/1019 624/617/585 625/1112/1020
f 625/1112/1020 624/617/585 653/619/587
f 625/1112/1020 653/619/587 654/1113/1021
f 654/1113/1021 653/619/587 673/621/589
f 654/1113/1021 673/621/589 674/1114/1022
f 674/1114/1022 673/621/589 683/623/591
f 674/1114/1022 683/623/591 684/1115/1023
f 684/1115/1023 683/623/591 693/625/593
f 684/1115/1023 693/625/593 694/678/639
f 620/1116/1024 648/1118/1026 649/1117/1025
f 649/1117/1025 648/1118/1026 666/666/627
f 649/1117/1025 666/666/627 665/668/629
f 666/666/627 648/1118/1026 667/1119/1027
f 666/666/627 667/1119/1027 664/663/624
f 664/663/624 667/1119/1027 663/653/616
f 672/620/588 681/671/632 682/622/590
f 682/622/590 681/671/632 691/674/635
f 682/622/590 691/674/635 692/624/592
f 701/700/653 700/702/654 710/1120/1028
f 710/1120/1028 700/702/654 709/704/656
f 710/1120/1028 709/704/656 723/1121/1029
f 723/1121/1029 709/704/656 722/706/658
f 723/1121/1029 722/706/658 746/1122/1030
f 746/1122/1030 722/706/658 745/708/660
f 746/1122/1030 745/708/660 774/1123/1031
f 774/1123/1031 745/708/660 775/710/662
f 774/1123/1031 775/710/662 761/1124/1032
f 761/1124/1032 775/710/662 760/712/664
f 761/1124/1032 760/712/664 791/1125/1033
f 791/1125/1033 760/712/664 790/714/666
f 791/1125/1033 790/714/666 806/465/450
f 806/465/450 790/714/666 805/463/448
f 702/698/652 701/700/653 711/1126/1034
f 711/1126/1034 701/700/653 710/1120/1028
f 711/1126/1034 710/1120/1028 724/1127/1035
f 724/1127/1035 710/1120/1028 723/1121/1029
f 724/1127/1035 723/1121/1029 747/1128/1036
f 747/1128/1036 723/1121/1029 746/1122/1030
f 747/1128/1036 746/1122/1030 773/1129/1037
f 773/1129/1037 746/1122/1030 774/1123/1031
f 773/1129/1037 774/1123/1031 762/1130/1038
f 762/1130/1038 774/1123/1031 761/1124/1032
f 762/1130/1038 761/1124/1032 792/1131/1039
f 792/1131/1039 761/1124/1032 791/1125/1033
f 792/1131/1039 791/1125/1033 807/467/452
f 807/467/452 791/1125/1033 806/465/450
f 703/696/651 702/698/652 712/1132/1040
f 712/1132/1040 702/698/652 711/1126/1034
f 712/1132/1040 711/1126/1034 725/1133/1041
f 725/1133/1041 711/1126/1034 724/1127/1035
f 725/1133/1041 724/1127/1035 748/1134/1042
f 748/1134/1042 724/1127/1035 747/1128/1036
f 748/1134/1042 747/1128/1036 772/1135/1043
f 772/1135/1043 747/1128/1036 773/1129/1037
f 772/1135/1043 773/1129/1037 763/1136/1044
f 763/1136/1044 773/1129/1037 762/1130/1038
f 763/1136/1044 762/1130/1038 793/1137/1045
f 793/1137/1045 762/1130/1038 792/1131/1039
f 793/1137/1045 792/1131/1039 808/469/454
f 808/469/454 792/1131/1039 807/467/452
f 704/694/650 703/696/651 713/1138/1046
f 713/1138/1046 703/696/651 712/1132/1040
f 713/1138/1046 712/1132/1040 726/1139/1047
f 726/1139/1047 712/1132/1040 725/1133/1041
f 726/1139/1047 725/1133/1041 749/1140/1048
f 749/1140/1048 725/1133/1041 748/1134/1042
f 749/1140/1048 748/1134/1042 771/1141/1049
f 771/1141/1049 748/1134/1042 772/1135/1043
f 771/1141/1049 772/1135/1043 764/1142/1050
f 764/1142/1050 772/1135/1043 763/1136/1044
f 764/1142/1050 763/1136/1044 794/1143/1051
f 794/1143/1051 763/1136/1044 793/1137/1045
f 794/1143/1051 793/1137/1045 809/471/456
f 809/471/456 793/1137/1045 808/469/454
f 705/692/649 704/694/650 714/1144/1052
f 714/1144/1052 704/694/650 713/1138/1046
f 714/1144/1052 713/1138/1046 727/1145/1053
f 727/1145/1053 713/1138/1046 726/1139/1047
f 727/1145/1053 726/1139/1047 750/1146/1054
f 750/1146/1054 726/1139/1047 749/1140/1048
f 750/1146/1054 749/1140/1048 770/1147/1055
f 770/1147/1055 749/1140/1048 771/1141/1049
f 770/1147/1055 771/1141/1049 765/1148/1056
f 765/1148/1056 771/1141/1049 764/1142/1050
f 765/1148/1056 764/1142/1050 795/1149/1057
f 795/1149/1057 764/1142/1050 794/1143/1051
f 795/1149/1057 794/1143/1051 810/473/458
f 810/473/458 794/1143/1051 809/471/456
f 716/904/815 707/690/648 706/688/647
f 706/688/647 705/692/649 715/1150/1058
f 715/1150/1058 705/692/649 714/1144/1052
f 715/1150/1058 714/1144/1052 728/1151/1059
f 728/1151/1059 714/1144/1052 727/1145/1053
f 728/1151/1059 727/1145/1053 751/1152/1060
f 751/1152/1060 727/1145/1053 750/1146/1054
f 751/1152/1060 750/1146/1054 769/1153/1061
f 769/1153/1061 750/1146/1054 770/1147/1055
f 769/1153/1061 770/1147/1055 766/1154/1062
f 766/1154/1062 770/1147/1055 765/1148/1056
f 766/1154/1062 765/1148/1056 796/1155/1063
f 796/1155/1063 765/1148/1056 795/1149/1057
f 796/1155/1063 795/1149/1057 811/475/460
f 811/475/460 795/1149/1057 810/473/458
f 729/902/814 716/904/815 715/1150/1058
f 715/1150/1058 716/904/815 706/688/647
f 729/902/814 715/1150/1058 728/1151/1059
f 717/757/703 718/1156/1064 732/1157/1065
f 732/1157/1065 718/1156/1064 731/737/688
f 732/1157/1065 731/737/688 735/746/697
f 731/737/688 718/1156/1064 319/735/686
f 319/735/686 718/1156/1064 741/1158/1066
f 319/735/686 741/1158/1066 742/726/677
f 742/726/677 741/1158/1066 778/728/679
f 741/1158/1066 718/1156/1064 740/759/705
f 740/759/705 718/1156/1064 717/757/703
f 742/726/677 719/724/675 319/735/686
f 744/709/661 721/707/659 720/722/673
f 744/709/661 720/722/673 743/725/676
f 752/900/813 729/902/814 728/1151/1059
f 752/900/813 728/1151/1059 751/1152/1060
f 736/753/700 733/755/701 732/1157/1065
f 732/1157/1065 733/755/701 717/757/703
f 736/753/700 732/1157/1065 735/746/697
f 738/749/699 736/753/700 735/746/697
f 737/745/696 738/749/699 735/746/697
f 778/728/679 741/1158/1066 779/761/707
f 779/761/707 741/1158/1066 740/759/705
f 776/711/663 744/709/661 743/725/676
f 776/711/663 743/725/676 777/727/678
f 768/898/812 752/900/813 751/1152/1060
f 768/898/812 751/1152/1060 769/1153/1061
f 782/769/713 753/772/716 754/770/714
f 754/770/714 753/772/716 784/1159/1067
f 754/770/714 784/1159/1067 785/771/715
f 785/771/715 784/1159/1067 800/453/438
f 785/771/715 800/453/438 801/455/440
f 778/728/679 779/761/707 757/730/681
f 776/711/663 777/727/678 759/713/665
f 759/713/665 777/727/678 758/729/680
f 759/713/665 758/729/680 789/715/667
f 789/715/667 758/729/680 788/731/682
f 789/715/667 788/731/682 804/461/446
f 804/461/446 788/731/682 803/459/444
f 768/898/812 769/1153/1061 767/896/811
f 767/896/811 769/1153/1061 766/1154/1062
f 767/896/811 766/1154/1062 797/894/810
f 797/894/810 766/1154/1062 796/1155/1063
f 797/894/810 796/1155/1063 812/477/462
f 812/477/462 796/1155/1063 811/475/460
f 753/772/716 783/774/717 784/1159/1067
f 784/1159/1067 783/774/717 799/451/436
f 784/1159/1067 799/451/436 800/453/438
f 798/449/434 799/451/436 783/774/717
f 878/1160/1068 879/1161/1069 913/1162/1070
f 913/1162/1070 879/1161/1069 880/1163/1071
f 913/1162/1070 880/1163/1071 912/1164/1072
f 912/1164/1072 880/1163/1071 881/1165/1073
f 912/1164/1072 881/1165/1073 911/1166/1074
f 911/1166/1074 881/1165/1073 882/1167/1075
f 911/1166/1074 882/1167/1075 910/1168/1076
f 910/1168/1076 882/1167/1075 883/1169/1077
f 910/1168/1076 883/1169/1077 909/1170/1078
f 909/1170/1078 883/1169/1077 884/1171/1079
f 909/1170/1078 884/1171/1079 908/1172/1080
f 908/1172/1080 884/1171/1079 885/1173/1081
f 908/1172/1080 885/1173/1081 907/1174/1082
f 907/1174/1082 885/1173/1081 886/1175/1083
f 907/1174/1082 886/1175/1083 906/1176/1084
f 906/1176/1084 886/1175/1083 905/1177/1085
f 906/1176/1084 905/1177/1085 921/1178/1086
f 921/1178/1086 905/1177/1085 920/1179/1087
f 921/1178/1086 920/1179/1087 936/1180/1088
f 936/1180/1088 920/1179/1087 935/1181/1089
f 936/1180/1088 935/1181/1089 966/1182/1090
f 966/1182/1090 935/1181/1089 967/1183/1091
f 966/1182/1090 967/1183/1091 951/1184/1092
f 951/1184/1092 967/1183/1091 950/1185/1093
f 951/1184/1092 950/1185/1093 979/1186/1094
f 979/1186/1094 950/1185/1093 978/1187/1095
f 979/1186/1094 978/1187/1095 1009/1188/1096
f 1009/1188/1096 978/1187/1095 1010/1189/1097
f 1009/1188/1096 1010/1189/1097 994/1190/1098
f 994/1190/1098 1010/1189/1097 993/1191/1099
f 994/1190/1098 993/1191/1099 1024/1192/1100
f 1024/1192/1100 993/1191/1099 1023/1193/1101
f 1024/1192/1100 1023/1193/1101 1039/1194/1102
f 1039/1194/1102 1023/1193/1101 1038/1195/1103
f 1039/1194/1102 1038/1195/1103 1069/1196/1104
f 1069/1196/1104 1038/1195/1103 1070/1197/1105
f 1069/1196/1104 1070/1197/1105 1054/1198/1106
f 1054/1198/1106 1070/1197/1105 1053/1199/1107
f 1054/1198/1106 1053/1199/1107 1083/1200/1108
f 1083/1200/1108 1053/1199/1107 1082/1201/1109
f 1083/1200/1108 1082/1201/1109 1113/1202/1110
f 1113/1202/1110 1082/1201/1109 1114/1203/1111
f 1113/1202/1110 1114/1203/1111 1098/1204/1112
f 1098/1204/1112 1114/1203/1111 1097/1205/1113
f 1098/1204/1112 1097/1205/1113 1127/1206/1114
f 1127/1206/1114 1097/1205/1113 1126/1207/1115
f 1127/1206/1114 1126/1207/1115 1142/1208/1116
f 1142/1208/1116 1126/1207/1115 1141/1209/1117
f 1142/1208/1116 1141/1209/1117 1172/1210/1118
f 1172/1210/1118 1141/1209/1117 1173/1211/1119
f 1172/1210/1118 1173/1211/1119 1157/1212/1120
f 1157/1212/1120 1173/1211/1119 1156/1213/1121
f 1157/1212/1120 1156/1213/1121 1186/1214/1122
f 1186/1214/1122 1156/1213/1121 1185/1215/1123
f 1186/1214/1122 1185/1215/1123 1200/1216/1124
f 1200/1216/1124 1185/1215/1123 1199/1217/1125
f 1200/1216/1124 1199/1217/1125 1230/1218/1126
f 1230/1218/1126 1199/1217/1125 1231/1219/1127
f 1230/1218/1126 1231/1219/1127 1215/1220/1128
f 1215/1220/1128 1231/1219/1127 1214/1221/1129
f 1215/1220/1128 1214/1221/1129 1245/1222/1130
f 1245/1222/1130 1214/1221/1129 1244/1223/1131
f 1245/1222/1130 1244/1223/1131 1260/1224/1132
f 1260/1224/1132 1244/1223/1131 1259/1225/1133
f 1260/1224/1132 1259/1225/1133 1275/1226/1134
f 1275/1226/1134 1259/1225/1133 1274/1227/1135
f 1275/1226/1134 1274/1227/1135 1305/1228/1136
f 1305/1228/1136 1274/1227/1135 1306/1229/1137
f 1305/1228/1136 1306/1229/1137 1290/1230/1138
f 1290/1230/1138 1306/1229/1137 1289/1231/1139
f 1290/1230/1138 1289/1231/1139 1319/1232/1140
f 1319/1232/1140 1289/1231/1139 1318/1233/1141
f 1319/1232/1140 1318/1233/1141 1333/1234/1142
f 1333/1234/1142 1318/1233/1141 1332/1235/1143
f 1333/1234/1142 1332/1235/1143 1363/1236/1144
f 1363/1236/1144 1332/1235/1143 1364/1237/1145
f 1363/1236/1144 1364/1237/1145 1348/1238/1146
f 1348/1238/1146 1364/1237/1145 1347/1239/1147
f 1348/1238/1146 1347/1239/1147 1378/1240/1148
f 1378/1240/1148 1347/1239/1147 1377/1241/1149
f 1378/1240/1148 1377/1241/1149 1393/1242/1150
f 1393/1242/1150 1377/1241/1149 1392/1243/1151
f 1393/1242/1150 1392/1243/1151 1408/1244/1152
f 1408/1244/1152 1392/1243/1151 1407/1245/1153
f 1408/1244/1152 1407/1245/1153 1438/1246/1154
f 1438/1246/1154 1407/1245/1153 1439/1247/1155
f 1438/1246/1154 1439/1247/1155 1423/1248/1156
f 1423/1248/1156 1439/1247/1155 1422/1249/1157
f 1423/1248/1156 1422/1249/1157 1452/1250/1158
f 1452/1250/1158 1422/1249/1157 1451/1251/1159
f 1452/1250/1158 1451/1251/1159 1467/1252/1160
f 1467/1252/1160 1451/1251/1159 1466/1253/1161
f 1467/1252/1160 1466/1253/1161 886/1254/1083
f 886/1254/1083 1466/1253/1161 887/1255/1162
f 887/1255/1162 1466/1253/1161 1465/1256/1163
f 887/1255/1162 1465/1256/1163 1464/1257/1164
f 1464/1257/1164 1465/1256/1163 1449/1258/1165
f 1464/1257/1164 1449/1258/1165 1448/1259/1166
f 1448/1259/1166 1449/1258/1165 1419/1260/1167
f 1448/1259/1166 1419/1260/1167 1418/1261/1168
f 1418/1261/1168 1419/1260/1167 1443/1262/1169
f 1418/1261/1168 1443/1262/1169 1444/1263/1170
f 1444/1263/1170 1443/1262/1169 1402/1264/1171
f 1444/1263/1170 1402/1264/1171 1401/1265/1172
f 1401/1265/1172 1402/1264/1171 1386/1266/1173
f 1401/1265/1172 1386/1266/1173 67/1267/83
f 67/1267/83 1386/1266/1173 68/1268/85
f 68/1268/85 1386/1266/1173 1371/1269/1174
f 68/1268/85 1371/1269/1174 69/1270/87
f 69/1270/87 1371/1269/1174 1341/1271/1175
f 69/1270/87 1341/1271/1175 70/1272/89
f 70/1272/89 1341/1271/1175 1370/1273/1176
f 70/1272/89 1370/1273/1176 897/1274/1177
f 897/1274/1177 1370/1273/1176 1369/1275/1178
f 897/1274/1177 1369/1275/1178 1327/1276/1179
f 1327/1276/1179 1369/1275/1178 1368/1277/1180
f 1327/1276/1179 1368/1277/1180 1328/1278/1181
f 1328/1278/1181 1368/1277/1180 1367/1279/1182
f 1328/1278/1181 1367/1279/1182 1329/1280/1183
f 1329/1280/1183 1367/1279/1182 1366/1281/1184
f 1329/1280/1183 1366/1281/1184 1330/1282/1185
f 1330/1282/1185 1366/1281/1184 1365/1283/1186
f 1330/1282/1185 1365/1283/1186 1331/1284/1187
f 1331/1284/1187 1365/1283/1186 1364/1237/1145
f 1331/1284/1187 1364/1237/1145 1332/1235/1143
f 886/1175/1083 887/1285/1162 905/1177/1085
f 905/1177/1085 887/1285/1162 904/1286/1188
f 905/1177/1085 904/1286/1188 920/1179/1087
f 920/1179/1087 904/1286/1188 919/1287/1189
f 920/1179/1087 919/1287/1189 935/1181/1089
f 935/1181/1089 919/1287/1189 934/1288/1190
f 935/1181/1089 934/1288/1190 967/1183/1091
f 967/1183/1091 934/1288/1190 968/1289/1191
f 967/1183/1091 968/1289/1191 950/1185/1093
f 950/1185/1093 968/1289/1191 949/1290/1192
f 950/1185/1093 949/1290/1192 978/1187/1095
f 978/1187/1095 949/1290/1192 977/1291/1193
f 978/1187/1095 977/1291/1193 1010/1189/1097
f 1010/1189/1097 977/1291/1193 1011/1292/1194
f 1010/1189/1097 1011/1292/1194 993/1191/1099
f 993/1191/1099 1011/1292/1194 992/1293/1195
f 993/1191/1099 992/1293/1195 1023/1193/1101
f 1023/1193/1101 992/1293/1195 1022/1294/1196
f 1023/1193/1101 1022/1294/1196 1038/1195/1103
f 1038/1195/1103 1022/1294/1196 1037/1295/1197
f 1038/1195/1103 1037/1295/1197 1070/1197/1105
f 1070/1197/1105 1037/1295/1197 1071/1296/1198
f 1070/1197/1105 1071/1296/1198 1053/1199/1107
f 1053/1199/1107 1071/1296/1198 1052/1297/1199
f 1053/1199/1107 1052/1297/1199 1082/1201/1109
f 1082/1201/1109 1052/1297/1199 1081/1298/1200
f 1082/1201/1109 1081/1298/1200 1114/1203/1111
f 1114/1203/1111 1081/1298/1200 1115/1299/1201
f 1114/1203/1111 1115/1299/1201 1097/1205/1113
f 1097/1205/1113 1115/1299/1201 1096/1300/1202
f 1097/1205/1113 1096/1300/1202 1126/1207/1115
f 1126/1207/1115 1096/1300/1202 1125/1301/1203
f 1126/1207/1115 1125/1301/1203 1141/1209/1117
f 1141/1209/1117 1125/1301/1203 1140/1302/1204
f 1141/1209/1117 1140/1302/1204 1173/1211/1119
f 1173/1211/1119 1140/1302/1204 1174/1303/1205
f 1173/1211/1119 1174/1303/1205 1156/1213/1121
f 1156/1213/1121 1174/1303/1205 1155/1304/1206
f 1156/1213/1121 1155/1304/1206 1185/1215/1123
f 1185/1215/1123 1155/1304/1206 1184/1305/1207
f 1185/1215/1123 1184/1305/1207 1199/1217/1125
f 1199/1217/1125 1184/1305/1207 1198/1306/1208
f 1199/1217/1125 1198/1306/1208 1231/1219/1127
f 1231/1219/1127 1198/1306/1208 1232/1307/1209
f 1231/1219/1127 1232/1307/1209 1214/1221/1129
f 1214/1221/1129 1232/1307/1209 1213/1308/1210
f 1214/1221/1129 1213/1308/1210 1244/1223/1131
f 1244/1223/1131 1213/1308/1210 1243/1309/1211
f 1244/1223/1131 1243/1309/1211 1259/1225/1133
f 1259/1225/1133 1243/1309/1211 1258/1310/1212
f 1259/1225/1133 1258/1310/1212 1274/1227/1135
f 1274/1227/1135 1258/1310/1212 1273/1311/1213
f 1274/1227/1135 1273/1311/1213 1306/1229/1137
f 1306/1229/1137 1273/1311/1213 1307/1312/1214
f 1306/1229/1137 1307/1312/1214 1289/1231/1139
f 1289/1231/1139 1307/1312/1214 1288/1313/1215
f 1289/1231/1139 1288/1313/1215 1318/1233/1141
f 1318/1233/1141 1288/1313/1215 1317/1314/1216
f 1318/1233/1141 1317/1314/1216 1332/1235/1143
f 1332/1235/1143 1317/1314/1216 1331/1284/1187
f 904/1286/1188 887/1285/1162 903/1315/1217
f 903/1315/1217 887/1285/1162 888/1316/1218
f 903/1315/1217 888/1316/1218 902/1317/1219
f 902/1317/1219 888/1316/1218 901/1318/1220
f 902/1317/1219 901/1318/1220 917/1319/1221
f 917/1319/1221 901/1318/1220 916/1320/1222
f 917/1319/1221 916/1320/1222 932/1321/1223
f 932/1321/1223 916/1320/1222 931/1322/1224
f 932/1321/1223 931/1322/1224 970/1323/1225
f 970/1323/1225 931/1322/1224 971/1324/1226
f 970/1323/1225 971/1324/1226 947/1325/1227
f 947/1325/1227 971/1324/1226 946/1326/1228
f 947/1325/1227 946/1326/1228 975/1327/1229
f 975/1327/1229 946/1326/1228 974/1328/1230
f 975/1327/1229 974/1328/1230 1013/1329/1231
f 1013/1329/1231 974/1328/1230 1014/1330/1232
f 1013/1329/1231 1014/1330/1232 990/1331/1233
f 990/1331/1233 1014/1330/1232 989/1332/1234
f 990/1331/1233 989/1332/1234 1020/1333/1235
f 1020/1333/1235 989/1332/1234 1019/1334/1236
f 1020/1333/1235 1019/1334/1236 1035/1335/1237
f 1035/1335/1237 1019/1334/1236 1034/1336/1238
f 1035/1335/1237 1034/1336/1238 1073/1337/1239
f 1073/1337/1239 1034/1336/1238 1074/1338/1240
f 1073/1337/1239 1074/1338/1240 1050/1339/1241
f 1050/1339/1241 1074/1338/1240 1049/1340/1242
f 1050/1339/1241 1049/1340/1242 1079/1341/1243
f 1079/1341/1243 1049/1340/1242 1078/1342/1244
f 1079/1341/1243 1078/1342/1244 1117/1343/1245
f 1117/1343/1245 1078/1342/1244 1118/1344/1246
f 1117/1343/1245 1118/1344/1246 1094/1345/1247
f 1094/1345/1247 1118/1344/1246 1093/1346/1248
f 1094/1345/1247 1093/1346/1248 1123/1347/1249
f 1123/1347/1249 1093/1346/1248 1122/1348/1250
f 1123/1347/1249 1122/1348/1250 1138/1349/1251
f 1138/1349/1251 1122/1348/1250 1137/1350/1252
f 1138/1349/1251 1137/1350/1252 1176/1351/1253
f 1176/1351/1253 1137/1350/1252 1177/1352/1254
f 1176/1351/1253 1177/1352/1254 1153/1353/1255
f 1153/1353/1255 1177/1352/1254 1152/1354/1256
f 1153/1353/1255 1152/1354/1256 1182/1355/1257
f 1182/1355/1257 1152/1354/1256 1181/1356/1258
f 1182/1355/1257 1181/1356/1258 1196/1357/1259
f 1196/1357/1259 1181/1356/1258 1195/1358/1260
f 1196/1357/1259 1195/1358/1260 1234/1359/1261
f 1234/1359/1261 1195/1358/1260 1235/1360/1262
f 1234/1359/1261 1235/1360/1262 1211/1361/1263
f 1211/1361/1263 1235/1360/1262 1210/1362/1264
f 1211/1361/1263 1210/1362/1264 1241/1363/1265
f 1241/1363/1265 1210/1362/1264 1240/1364/1266
f 1241/1363/1265 1240/1364/1266 1256/1365/1267
f 1256/1365/1267 1240/1364/1266 1255/1366/1268
f 1256/1365/1267 1255/1366/1268 1271/1367/1269
f 1271/1367/1269 1255/1366/1268 1270/1368/1270
f 1271/1367/1269 1270/1368/1270 1309/1369/1271
f 1309/1369/1271 1270/1368/1270 1310/1370/1272
f 1309/1369/1271 1310/1370/1272 1286/1371/1273
f 1286/1371/1273 1310/1370/1272 1285/1372/1274
f 1286/1371/1273 1285/1372/1274 1315/1373/1275
f 1315/1373/1275 1285/1372/1274 1314/1374/1276
f 1315/1373/1275 1314/1374/1276 1329/1280/1183
f 1329/1280/1183 1314/1374/1276 1328/1278/1181
f 888/1316/1218 889/1375/1277 901/1318/1220
f 901/1318/1220 889/1375/1277 900/1376/1278
f 901/1318/1220 900/1376/1278 916/1320/1222
f 916/1320/1222 900/1376/1278 915/1377/1279
f 916/1320/1222 915/1377/1279 931/1322/1224
f 931/1322/1224 915/1377/1279 930/1378/1280
f 931/1322/1224 930/1378/1280 971/1324/1226
f 971/1324/1226 930/1378/1280 972/1379/1281
f 971/1324/1226 972/1379/1281 946/1326/1228
f 946/1326/1228 972/1379/1281 945/1380/1282
f 946/1326/1228 945/1380/1282 974/1328/1230
f 974/1328/1230 945/1380/1282 973/1381/1283
f 974/1328/1230 973/1381/1283 1014/1330/1232
f 1014/1330/1232 973/1381/1283 1015/1382/1284
f 1014/1330/1232 1015/1382/1284 989/1332/1234
f 989/1332/1234 1015/1382/1284 988/1383/1285
f 989/1332/1234 988/1383/1285 1019/1334/1236
f 1019/1334/1236 988/1383/1285 1018/1384/1286
f 1019/1334/1236 1018/1384/1286 1034/1336/1238
f 1034/1336/1238 1018/1384/1286 1033/1385/1287
f 1034/1336/1238 1033/1385/1287 1074/1338/1240
f 1074/1338/1240 1033/1385/1287 1075/1386/1288
f 1074/1338/1240 1075/1386/1288 1049/1340/1242
f 1049/1340/1242 1075/1386/1288 1048/1387/1289
f 1049/1340/1242 1048/1387/1289 1078/1342/1244
f 1078/1342/1244 1048/1387/1289 1077/1388/1290
f 1078/1342/1244 1077/1388/1290 1118/1344/1246
f 1118/1344/1246 1077/1388/1290 1119/1389/1291
f 1118/1344/1246 1119/1389/1291 1093/1346/1248
f 1093/1346/1248 1119/1389/1291 1092/1390/1292
f 1093/1346/1248 1092/1390/1292 1122/1348/1250
f 1122/1348/1250 1092/1390/1292 1121/1391/1293
f 1122/1348/1250 1121/1391/1293 1137/1350/1252
f 1137/1350/1252 1121/1391/1293 1136/1392/1294
f 1137/1350/1252 1136/1392/1294 1177/1352/1254
f 1177/1352/1254 1136/1392/1294 1178/1393/1295
f 1177/1352/1254 1178/1393/1295 1152/1354/1256
f 1152/1354/1256 1178/1393/1295 1151/1394/1296
f 1152/1354/1256 1151/1394/1296 1181/1356/1258
f 1181/1356/1258 1151/1394/1296 1180/1395/1297
f 1181/1356/1258 1180/1395/1297 1195/1358/1260
f 1195/1358/1260 1180/1395/1297 1194/1396/1298
f 1195/1358/1260 1194/1396/1298 1235/1360/1262
f 1235/1360/1262 1194/1396/1298 1236/1397/1299
f 1235/1360/1262 1236/1397/1299 1210/1362/1264
f 1210/1362/1264 1236/1397/1299 1209/1398/1300
f 1210/1362/1264 1209/1398/1300 1240/1364/1266
f 1240/1364/1266 1209/1398/1300 1239/1399/1301
f 1240/1364/1266 1239/1399/1301 1255/1366/1268
f 1255/1366/1268 1239/1399/1301 1254/1400/1302
f 1255/1366/1268 1254/1400/1302 1270/1368/1270
f 1270/1368/1270 1254/1400/1302 1269/1401/1303
f 1270/1368/1270 1269/1401/1303 1310/1370/1272
f 1310/1370/1272 1269/1401/1303 1311/1402/1304
f 1310/1370/1272 1311/1402/1304 1285/1372/1274
f 1285/1372/1274 1311/1402/1304 1284/1403/1305
f 1285/1372/1274 1284/1403/1305 1314/1374/1276
f 1314/1374/1276 1284/1403/1305 1313/1404/1306
f 1314/1374/1276 1313/1404/1306 1328/1278/1181
f 1328/1278/1181 1313/1404/1306 1327/1276/1179
f 900/1376/1278 889/1375/1277 899/1405/1307
f 899/1405/1307 889/1375/1277 63/1406/65
f 899/1405/1307 63/1406/65 92/1407/163
f 899/1405/1307 92/1407/163 914/1408/1308
f 914/1408/1308 92/1407/163 91/1409/162
f 914/1408/1308 91/1409/162 929/1410/1309
f 929/1410/1309 91/1409/162 890/1411/1310
f 929/1410/1309 890/1411/1310 972/1379/1281
f 972/1379/1281 890/1411/1310 945/1380/1282
f 91/1409/162 90/1412/161 890/1411/1310
f 890/1411/1310 90/1412/161 944/1413/1311
f 890/1411/1310 944/1413/1311 945/1380/1282
f 945/1380/1282 944/1413/1311 973/1381/1283
f 90/1412/161 89/1414/159 944/1413/1311
f 944/1413/1311 89/1414/159 891/1415/1312
f 944/1413/1311 891/1415/1312 973/1381/1283
f 973/1381/1283 891/1415/1312 1015/1382/1284
f 89/1414/159 88/1416/157 891/1415/1312
f 891/1415/1312 88/1416/157 1016/1417/1313
f 891/1415/1312 1016/1417/1313 1015/1382/1284
f 1015/1382/1284 1016/1417/1313 988/1383/1285
f 1016/1417/1313 88/1416/157 987/1418/1314
f 987/1418/1314 88/1416/157 87/1419/155
f 987/1418/1314 87/1419/155 1017/1420/1315
f 1017/1420/1315 87/1419/155 86/1421/153
f 1017/1420/1315 86/1421/153 1032/1422/1316
f 1032/1422/1316 86/1421/153 892/1423/1317
f 1032/1422/1316 892/1423/1317 1075/1386/1288
f 1075/1386/1288 892/1423/1317 1048/1387/1289
f 86/1421/153 85/1424/151 892/1423/1317
f 892/1423/1317 85/1424/151 1047/1425/1318
f 892/1423/1317 1047/1425/1318 1048/1387/1289
f 1048/1387/1289 1047/1425/1318 1077/1388/1290
f 85/1424/151 84/1426/149 1047/1425/1318
f 1047/1425/1318 84/1426/149 1076/1427/1319
f 1047/1425/1318 1076/1427/1319 1077/1388/1290
f 1077/1388/1290 1076/1427/1319 1119/1389/1291
f 1076/1427/1319 84/1426/149 893/1428/1320
f 893/1428/1320 84/1426/149 83/1429/147
f 893/1428/1320 83/1429/147 1091/1430/1321
f 1091/1430/1321 83/1429/147 82/1431/145
f 1091/1430/1321 82/1431/145 1120/1432/1322
f 1120/1432/1322 82/1431/145 81/1433/143
f 1120/1432/1322 81/1433/143 1135/1434/1323
f 1135/1434/1323 81/1433/143 894/1435/1324
f 1135/1434/1323 894/1435/1324 1178/1393/1295
f 1178/1393/1295 894/1435/1324 1151/1394/1296
f 81/1433/143 80/1436/118 894/1435/1324
f 894/1435/1324 80/1436/118 1150/1437/1325
f 894/1435/1324 1150/1437/1325 1151/1394/1296
f 1151/1394/1296 1150/1437/1325 1180/1395/1297
f 80/1436/118 79/1438/114 1150/1437/1325
f 1150/1437/1325 79/1438/114 1179/1439/1326
f 1150/1437/1325 1179/1439/1326 1180/1395/1297
f 1180/1395/1297 1179/1439/1326 1194/1396/1298
f 79/1438/114 78/1440/111 1179/1439/1326
f 1179/1439/1326 78/1440/111 895/1441/1327
f 1179/1439/1326 895/1441/1327 1194/1396/1298
f 1194/1396/1298 895/1441/1327 1236/1397/1299
f 78/1440/111 77/1442/106 895/1441/1327
f 895/1441/1327 77/1442/106 1237/1443/1328
f 895/1441/1327 1237/1443/1328 1236/1397/1299
f 1236/1397/1299 1237/1443/1328 1209/1398/1300
f 1237/1443/1328 77/1442/106 1208/1444/1329
f 1208/1444/1329 77/1442/106 76/1445/101
f 1208/1444/1329 76/1445/101 1238/1446/1330
f 1238/1446/1330 76/1445/101 75/1447/99
f 1238/1446/1330 75/1447/99 1253/1448/1331
f 1253/1448/1331 75/1447/99 74/1449/97
f 1253/1448/1331 74/1449/97 1268/1450/1332
f 1268/1450/1332 74/1449/97 896/1451/1333
f 1268/1450/1332 896/1451/1333 1311/1402/1304
f 1311/1402/1304 896/1451/1333 1284/1403/1305
f 74/1449/97 73/1452/95 896/1451/1333
f 896/1451/1333 73/1452/95 1283/1453/1334
f 896/1451/1333 1283/1453/1334 1284/1403/1305
f 1284/1403/1305 1283/1453/1334 1313/1404/1306
f 73/1452/95 72/1454/93 1283/1453/1334
f 1283/1453/1334 72/1454/93 1312/1455/1335
f 1283/1453/1334 1312/1455/1335 1313/1404/1306
f 1313/1404/1306 1312/1455/1335 1327/1276/1179
f 72/1454/93 71/1456/91 1312/1455/1335
f 1312/1455/1335 71/1456/91 897/1274/1177
f 1312/1455/1335 897/1274/1177 1327/1276/1179
f 71/1456/91 70/1272/89 897/1274/1177
f 1401/1265/1172 67/1267/83 898/1457/1336
f 898/1457/1336 67/1267/83 66/1458/72
f 898/1457/1336 66/1458/72 1416/1459/1337
f 1416/1459/1337 66/1458/72 65/1460/68
f 1416/1459/1337 65/1460/68 1445/1461/1338
f 1445/1461/1338 65/1460/68 64/1462/63
f 1445/1461/1338 64/1462/63 1460/1463/1339
f 1460/1463/1339 64/1462/63 63/1464/65
f 1460/1463/1339 63/1464/65 889/1465/1277
f 888/1466/1218 1462/1467/1340 889/1465/1277
f 889/1465/1277 1462/1467/1340 1461/1468/1341
f 889/1465/1277 1461/1468/1341 1460/1463/1339
f 1460/1463/1339 1461/1468/1341 1445/1461/1338
f 887/1255/1162 1464/1257/1164 888/1466/1218
f 888/1466/1218 1464/1257/1164 1463/1469/1342
f 888/1466/1218 1463/1469/1342 1462/1467/1340
f 1462/1467/1340 1463/1469/1342 1447/1470/1343
f 1462/1467/1340 1447/1470/1343 1446/1471/1344
f 1446/1471/1344 1447/1470/1343 1417/1472/1345
f 1446/1471/1344 1417/1472/1345 1416/1459/1337
f 1416/1459/1337 1417/1472/1345 898/1457/1336
f 886/1254/1083 885/1473/1081 1467/1252/1160
f 1467/1252/1160 885/1473/1081 1468/1474/1346
f 1467/1252/1160 1468/1474/1346 1452/1250/1158
f 1452/1250/1158 1468/1474/1346 1453/1475/1347
f 1452/1250/1158 1453/1475/1347 1423/1248/1156
f 1423/1248/1156 1453/1475/1347 1424/1476/1348
f 1423/1248/1156 1424/1476/1348 1438/1246/1154
f 1438/1246/1154 1424/1476/1348 1437/1477/1349
f 1438/1246/1154 1437/1477/1349 1408/1244/1152
f 1408/1244/1152 1437/1477/1349 1409/1478/1350
f 1408/1244/1152 1409/1478/1350 1393/1242/1150
f 1393/1242/1150 1409/1478/1350 1394/1479/1351
f 1393/1242/1150 1394/1479/1351 1378/1240/1148
f 1378/1240/1148 1394/1479/1351 1379/1480/1352
f 1378/1240/1148 1379/1480/1352 1348/1238/1146
f 1348/1238/1146 1379/1480/1352 1349/1481/1353
f 1348/1238/1146 1349/1481/1353 1363/1236/1144
f 1363/1236/1144 1349/1481/1353 1362/1482/1354
f 1363/1236/1144 1362/1482/1354 1333/1234/1142
f 1333/1234/1142 1362/1482/1354 1334/1483/1355
f 1333/1234/1142 1334/1483/1355 1319/1232/1140
f 1319/1232/1140 1334/1483/1355 1320/1484/1356
f 1319/1232/1140 1320/1484/1356 1290/1230/1138
f 1290/1230/1138 1320/1484/1356 1291/1485/1357
f 1290/1230/1138 1291/1485/1357 1305/1228/1136
f 1305/1228/1136 1291/1485/1357 1304/1486/1358
f 1305/1228/1136 1304/1486/1358 1275/1226/1134
f 1275/1226/1134 1304/1486/1358 1276/1487/1359
f 1275/1226/1134 1276/1487/1359 1260/1224/1132
f 1260/1224/1132 1276/1487/1359 1261/1488/1360
f 1260/1224/1132 1261/1488/1360 1245/1222/1130
f 1245/1222/1130 1261/1488/1360 1246/1489/1361
f 1245/1222/1130 1246/1489/1361 1215/1220/1128
f 1215/1220/1128 1246/1489/1361 1216/1490/1362
f 1215/1220/1128 1216/1490/1362 1230/1218/1126
f 1230/1218/1126 1216/1490/1362 1229/1491/1363
f 1230/1218/1126 1229/1491/1363 1200/1216/1124
f 1200/1216/1124 1229/1491/1363 1201/1492/1364
f 1200/1216/1124 1201/1492/1364 1186/1214/1122
f 1186/1214/1122 1201/1492/1364 1187/1493/1365
f 1186/1214/1122 1187/1493/1365 1157/1212/1120
f 1157/1212/1120 1187/1493/1365 1158/1494/1366
f 1157/1212/1120 1158/1494/1366 1172/1210/1118
f 1172/1210/1118 1158/1494/1366 1171/1495/1367
f 1172/1210/1118 1171/1495/1367 1142/1208/1116
f 1142/1208/1116 1171/1495/1367 1143/1496/1368
f 1142/1208/1116 1143/1496/1368 1127/1206/1114
f 1127/1206/1114 1143/1496/1368 1128/1497/1369
f 1127/1206/1114 1128/1497/1369 1098/1204/1112
f 1098/1204/1112 1128/1497/1369 1099/1498/1370
f 1098/1204/1112 1099/1498/1370 1113/1202/1110
f 1113/1202/1110 1099/1498/1370 1112/1499/1371
f 1113/1202/1110 1112/1499/1371 1083/1200/1108
f 1083/1200/1108 1112/1499/1371 1084/1500/1372
f 1083/1200/1108 1084/1500/1372 1054/1198/1106
f 1054/1198/1106 1084/1500/1372 1055/1501/1373
f 1054/1198/1106 1055/1501/1373 1069/1196/1104
f 1069/1196/1104 1055/1501/1373 1068/1502/1374
f 1069/1196/1104 1068/1502/1374 1039/1194/1102
f 1039/1194/1102 1068/1502/1374 1040/1503/1375
f 1039/1194/1102 1040/1503/1375 1024/1192/1100
f 1024/1192/1100 1040/1503/1375 1025/1504/1376
f 1024/1192/1100 1025/1504/1376 994/1190/1098
f 994/1190/1098 1025/1504/1376 995/1505/1377
f 994/1190/1098 995/1505/1377 1009/1188/1096
f 1009/1188/1096 995/1505/1377 1008/1506/1378
f 1009/1188/1096 1008/1506/1378 979/1186/1094
f 979/1186/1094 1008/1506/1378 980/1507/1379
f 979/1186/1094 980/1507/1379 951/1184/1092
f 951/1184/1092 980/1507/1379 952/1508/1380
f 951/1184/1092 952/1508/1380 966/1182/1090
f 966/1182/1090 952/1508/1380 965/1509/1381
f 966/1182/1090 965/1509/1381 936/1180/1088
f 936/1180/1088 965/1509/1381 937/1510/1382
f 936/1180/1088 937/1510/1382 921/1178/1086
f 921/1178/1086 937/1510/1382 922/1511/1383
f 921/1178/1086 922/1511/1383 906/1176/1084
f 906/1176/1084 922/1511/1383 907/1174/1082
f 885/1473/1081 884/1512/1079 1468/1474/1346
f 1468/1474/1346 884/1512/1079 1469/1513/1384
f 1468/1474/1346 1469/1513/1384 1453/1475/1347
f 1453/1475/1347 1469/1513/1384 1454/1514/1385
f 1453/1475/1347 1454/1514/1385 1424/1476/1348
f 1424/1476/1348 1454/1514/1385 1425/1515/1386
f 1424/1476/1348 1425/1515/1386 1437/1477/1349
f 1437/1477/1349 1425/1515/1386 1436/1516/1387
f 1437/1477/1349 1436/1516/1387 1409/1478/1350
f 1409/1478/1350 1436/1516/1387 1410/1517/1388
f 1409/1478/1350 1410/1517/1388 1394/1479/1351
f 1394/1479/1351 1410/1517/1388 1395/1518/1389
f 1394/1479/1351 1395/1518/1389 1379/1480/1352
f 1379/1480/1352 1395/1518/1389 1380/1519/1390
f 1379/1480/1352 1380/1519/1390 1349/1481/1353
f 1349/1481/1353 1380/1519/1390 1350/1520/1391
f 1349/1481/1353 1350/1520/1391 1362/1482/1354
f 1362/1482/1354 1350/1520/1391 1361/1521/1392
f 1362/1482/1354 1361/1521/1392 1334/1483/1355
f 1334/1483/1355 1361/1521/1392 1335/1522/1393
f 1334/1483/1355 1335/1522/1393 1320/1484/1356
f 1320/1484/1356 1335/1522/1393 1321/1523/1394
f 1320/1484/1356 1321/1523/1394 1291/1485/1357
f 1291/1485/1357 1321/1523/1394 1292/1524/1395
f 1291/1485/1357 1292/1524/1395 1304/1486/1358
f 1304/1486/1358 1292/1524/1395 1303/1525/1396
f 1304/1486/1358 1303/1525/1396 1276/1487/1359
f 1276/1487/1359 1303/1525/1396 1277/1526/1397
f 1276/1487/1359 1277/1526/1397 1261/1488/1360
f 1261/1488/1360 1277/1526/1397 1262/1527/1398
f 1261/1488/1360 1262/1527/1398 1246/1489/1361
f 1246/1489/1361 1262/1527/1398 1247/1528/1399
f 1246/1489/1361 1247/1528/1399 1216/1490/1362
f 1216/1490/1362 1247/1528/1399 1217/1529/1400
f 1216/1490/1362 1217/1529/1400 1229/1491/1363
f 1229/1491/1363 1217/1529/1400 1228/1530/1401
f 1229/1491/1363 1228/1530/1401 1201/1492/1364
f 1201/1492/1364 1228/1530/1401 1202/1531/1402
f 1201/1492/1364 1202/1531/1402 1187/1493/1365
f 1187/1493/1365 1202/1531/1402 1188/1532/1403
f 1187/1493/1365 1188/1532/1403 1158/1494/1366
f 1158/1494/1366 1188/1532/1403 1159/1533/1404
f 1158/1494/1366 1159/1533/1404 1171/1495/1367
f 1171/1495/1367 1159/1533/1404 1170/1534/1405
f 1171/1495/1367 1170/1534/1405 1143/1496/1368
f 1143/1496/1368 1170/1534/1405 1144/1535/1406
f 1143/1496/1368 1144/1535/1406 1128/1497/1369
f 1128/1497/1369 1144/1535/1406 1129/1536/1407
f 1128/1497/1369 1129/1536/1407 1099/1498/1370
f 1099/1498/1370 1129/1536/1407 1100/1537/1408
f 1099/1498/1370 1100/1537/1408 1112/1499/1371
f 1112/1499/1371 1100/1537/1408 1111/1538/1409
f 1112/1499/1371 1111/1538/1409 1084/1500/1372
f 1084/1500/1372 1111/1538/1409 1085/1539/1410
f 1084/1500/1372 1085/1539/1410 1055/1501/1373
f 1055/1501/1373 1085/1539/1410 1056/1540/1411
f 1055/1501/1373 1056/1540/1411 1068/1502/1374
f 1068/1502/1374 1056/1540/1411 1067/1541/1412
f 1068/1502/1374 1067/1541/1412 1040/1503/1375
f 1040/1503/1375 1067/1541/1412 1041/1542/1413
f 1040/1503/1375 1041/1542/1413 1025/1504/1376
f 1025/1504/1376 1041/1542/1413 1026/1543/1414
f 1025/1504/1376 1026/1543/1414 995/1505/1377
f 995/1505/1377 1026/1543/1414 996/1544/1415
f 995/1505/1377 996/1544/1415 1008/1506/1378
f 1008/1506/1378 996/1544/1415 1007/1545/1416
f 1008/1506/1378 1007/1545/1416 980/1507/1379
f 980/1507/1379 1007/1545/1416 981/1546/1417
f 980/1507/1379 981/1546/1417 952/1508/1380
f 952/1508/1380 981/1546/1417 953/1547/1418
f 952/1508/1380 953/1547/1418 965/1509/1381
f 965/1509/1381 953/1547/1418 964/1548/1419
f 965/1509/1381 964/1548/1419 937/1510/1382
f 937/1510/1382 964/1548/1419 938/1549/1420
f 937/1510/1382 938/1549/1420 922/1511/1383
f 922/1511/1383 938/1549/1420 923/1550/1421
f 922/1511/1383 923/1550/1421 907/1174/1082
f 907/1174/1082 923/1550/1421 908/1172/1080
f 884/1512/1079 883/1551/1077 1469/1513/1384
f 1469/1513/1384 883/1551/1077 1470/1552/1422
f 1469/1513/1384 1470/1552/1422 1454/1514/1385
f 1454/1514/1385 1470/1552/1422 1455/1553/1423
f 1454/1514/1385 1455/1553/1423 1425/1515/1386
f 1425/1515/1386 1455/1553/1423 1426/1554/1424
f 1425/1515/1386 1426/1554/1424 1436/1516/1387
f 1436/1516/1387 1426/1554/1424 1435/1555/1425
f 1436/1516/1387 1435/1555/1425 1410/1517/1388
f 1410/1517/1388 1435/1555/1425 1411/1556/1426
f 1410/1517/1388 1411/1556/1426 1395/1518/1389
f 1395/1518/1389 1411/1556/1426 1396/1557/1427
f 1395/1518/1389 1396/1557/1427 1380/1519/1390
f 1380/1519/1390 1396/1557/1427 1381/1558/1428
f 1380/1519/1390 1381/1558/1428 1350/1520/1391
f 1350/1520/1391 1381/1558/1428 1351/1559/1429
f 1350/1520/1391 1351/1559/1429 1361/1521/1392
f 1361/1521/1392 1351/1559/1429 1360/1560/1430
f 1361/1521/1392 1360/1560/1430 1335/1522/1393
f 1335/1522/1393 1360/1560/1430 1336/1561/1431
f 1335/1522/1393 1336/1561/1431 1321/1523/1394
f 1321/1523/1394 1336/1561/1431 1322/1562/1432
f 1321/1523/1394 1322/1562/1432 1292/1524/1395
f 1292/1524/1395 1322/1562/1432 1293/1563/1433
f 1292/1524/1395 1293/1563/1433 1303/1525/1396
f 1303/1525/1396 1293/1563/1433 1302/1564/1434
f 1303/1525/1396 1302/1564/1434 1277/1526/1397
f 1277/1526/1397 1302/1564/1434 1278/1565/1435
f 1277/1526/1397 1278/1565/1435 1262/1527/1398
f 1262/1527/1398 1278/1565/1435 1263/1566/1436
f 1262/1527/1398 1263/1566/1436 1247/1528/1399
f 1247/1528/1399 1263/1566/1436 1248/1567/1437
f 1247/1528/1399 1248/1567/1437 1217/1529/1400
f 1217/1529/1400 1248/1567/1437 1218/1568/1438
f 1217/1529/1400 1218/1568/1438 1228/1530/1401
f 1228/1530/1401 1218/1568/1438 1227/1569/1439
f 1228/1530/1401 1227/1569/1439 1202/1531/1402
f 1202/1531/1402 1227/1569/1439 1203/1570/1440
f 1202/1531/1402 1203/1570/1440 1188/1532/1403
f 1188/1532/1403 1203/1570/1440 1189/1571/1441
f 1188/1532/1403 1189/1571/1441 1159/1533/1404
f 1159/1533/1404 1189/1571/1441 1160/1572/1442
f 1159/1533/1404 1160/1572/1442 1170/1534/1405
f 1170/1534/1405 1160/1572/1442 1169/1573/1443
f 1170/1534/1405 1169/1573/1443 1144/1535/1406
f 1144/1535/1406 1169/1573/1443 1145/1574/1444
f 1144/1535/1406 1145/1574/1444 1129/1536/1407
f 1129/1536/1407 1145/1574/1444 1130/1575/1445
f 1129/1536/1407 1130/1575/1445 1100/1537/1408
f 1100/1537/1408 1130/1575/1445 1101/1576/1446
f 1100/1537/1408 1101/1576/1446 1111/1538/1409
f 1111/1538/1409 1101/1576/1446 1110/1577/1447
f 1111/1538/1409 1110/1577/1447 1085/1539/1410
f 1085/1539/1410 1110/1577/1447 1086/1578/1448
f 1085/1539/1410 1086/1578/1448 1056/1540/1411
f 1056/1540/1411 1086/1578/1448 1057/1579/1449
f 1056/1540/1411 1057/1579/1449 1067/1541/1412
f 1067/1541/1412 1057/1579/1449 1066/1580/1450
f 1067/1541/1412 1066/1580/1450 1041/1542/1413
f 1041/1542/1413 1066/1580/1450 1042/1581/1451
f 1041/1542/1413 1042/1581/1451 1026/1543/1414
f 1026/1543/1414 1042/1581/1451 1027/1582/1452
f 1026/1543/1414 1027/1582/1452 996/1544/1415
f 996/1544/1415 1027/1582/1452 997/1583/1453
f 996/1544/1415 997/1583/1453 1007/1545/1416
f 1007/1545/1416 997/1583/1453 1006/1584/1454
f 1007/1545/1416 1006/1584/1454 981/1546/1417
f 981/1546/1417 1006/1584/1454 982/1585/1455
f 981/1546/1417 982/1585/1455 953/1547/1418
f 953/1547/1418 982/1585/1455 954/1586/1456
f 953/1547/1418 954/1586/1456 964/1548/1419
f 964/1548/1419 954/1586/1456 963/1587/1457
f 964/1548/1419 963/1587/1457 938/1549/1420
f 938/1549/1420 963/1587/1457 939/1588/1458
f 938/1549/1420 939/1588/1458 923/1550/1421
f 923/1550/1421 939/1588/1458 924/1589/1459
f 923/1550/1421 924/1589/1459 908/1172/1080
f 908/1172/1080 924/1589/1459 909/1170/1078
f 883/1551/1077 882/1590/1075 1470/1552/1422
f 1470/1552/1422 882/1590/1075 1471/1591/1460
f 1470/1552/1422 1471/1591/1460 1455/1553/1423
f 1455/1553/1423 1471/1591/1460 1456/1592/1461
f 1455/1553/1423 1456/1592/1461 1426/1554/1424
f 1426/1554/1424 1456/1592/1461 1427/1593/1462
f 1426/1554/1424 1427/1593/1462 1435/1555/1425
f 1435/1555/1425 1427/1593/1462 1434/1594/1463
f 1435/1555/1425 1434/1594/1463 1411/1556/1426
f 1411/1556/1426 1434/1594/1463 1412/1595/1464
f 1411/1556/1426 1412/1595/1464 1396/1557/1427
f 1396/1557/1427 1412/1595/1464 1397/1596/1465
f 1396/1557/1427 1397/1596/1465 1381/1558/1428
f 1381/1558/1428 1397/1596/1465 1382/1597/1466
f 1381/1558/1428 1382/1597/1466 1351/1559/1429
f 1351/1559/1429 1382/1597/1466 1352/1598/1467
f 1351/1559/1429 1352/1598/1467 1360/1560/1430
f 1360/1560/1430 1352/1598/1467 1359/1599/1468
f 1360/1560/1430 1359/1599/1468 1336/1561/1431
f 1336/1561/1431 1359/1599/1468 1337/1600/1469
f 1336/1561/1431 1337/1600/1469 1322/1562/1432
f 1322/1562/1432 1337/1600/1469 1323/1601/1470
f 1322/1562/1432 1323/1601/1470 1293/1563/1433
f 1293/1563/1433 1323/1601/1470 1294/1602/1471
f 1293/1563/1433 1294/1602/1471 1302/1564/1434
f 1302/1564/1434 1294/1602/1471 1301/1603/1472
f 1302/1564/1434 1301/1603/1472 1278/1565/1435
f 1278/1565/1435 1301/1603/1472 1279/1604/1473
f 1278/1565/1435 1279/1604/1473 1263/1566/1436
f 1263/1566/1436 1279/1604/1473 1264/1605/1474
f 1263/1566/1436 1264/1605/1474 1248/1567/1437
f 1248/1567/1437 1264/1605/1474 1249/1606/1475
f 1248/1567/1437 1249/1606/1475 1218/1568/1438
f 1218/1568/1438 1249/1606/1475 1219/1607/1476
f 1218/1568/1438 1219/1607/1476 1227/1569/1439
f 1227/1569/1439 1219/1607/1476 1226/1608/1477
f 1227/1569/1439 1226/1608/1477 1203/1570/1440
f 1203/1570/1440 1226/1608/1477 1204/1609/1478
f 1203/1570/1440 1204/1609/1478 1189/1571/1441
f 1189/1571/1441 1204/1609/1478 1190/1610/1479
f 1189/1571/1441 1190/1610/1479 1160/1572/1442
f 1160/1572/1442 1190/1610/1479 1161/1611/1480
f 1160/1572/1442 1161/1611/1480 1169/1573/1443
f 1169/1573/1443 1161/1611/1480 1168/1612/1481
f 1169/1573/1443 1168/1612/1481 1145/1574/1444
f 1145/1574/1444 1168/1612/1481 1146/1613/1482
f 1145/1574/1444 1146/1613/1482 1130/1575/1445
f 1130/1575/1445 1146/1613/1482 1131/1614/1483
f 1130/1575/1445 1131/1614/1483 1101/1576/1446
f 1101/1576/1446 1131/1614/1483 1102/1615/1484
f 1101/1576/1446 1102/1615/1484 1110/1577/1447
f 1110/1577/1447 1102/1615/1484 1109/1616/1485
f 1110/1577/1447 1109/1616/1485 1086/1578/1448
f 1086/1578/1448 1109/1616/1485 1087/1617/1486
f 1086/1578/1448 1087/1617/1486 1057/1579/1449
f 1057/1579/1449 1087/1617/1486 1058/1618/1487
f 1057/1579/1449 1058/1618/1487 1066/1580/1450
f 1066/1580/1450 1058/1618/1487 1065/1619/1488
f 1066/1580/1450 1065/1619/1488 1042/1581/1451
f 1042/1581/1451 1065/1619/1488 1043/1620/1489
f 1042/1581/1451 1043/1620/1489 1027/1582/1452
f 1027/1582/1452 1043/1620/1489 1028/1621/1490
f 1027/1582/1452 1028/1621/1490 997/1583/1453
f 997/1583/1453 1028/1621/1490 998/1622/1491
f 997/1583/1453 998/1622/1491 1006/1584/1454
f 1006/1584/1454 998/1622/1491 1005/1623/1492
f 1006/1584/1454 1005/1623/1492 982/1585/1455
f 982/1585/1455 1005/1623/1492 983/1624/1493
f 982/1585/1455 983/1624/1493 954/1586/1456
f 954/1586/1456 983/1624/1493 955/1625/1494
f 954/1586/1456 955/1625/1494 963/1587/1457
f 963/1587/1457 955/1625/1494 962/1626/1495
f 963/1587/1457 962/1626/1495 939/1588/1458
f 939/1588/1458 962/1626/1495 940/1627/1496
f 939/1588/1458 940/1627/1496 924/1589/1459
f 924/1589/1459 940/1627/1496 925/1628/1497
f 924/1589/1459 925/1628/1497 909/1170/1078
f 909/1170/1078 925/1628/1497 910/1168/1076
f 882/1590/1075 881/1629/1073 1471/1591/1460
f 1471/1591/1460 881/1629/1073 1472/1630/1498
f 1471/1591/1460 1472/1630/1498 1456/1592/1461
f 1456/1592/1461 1472/1630/1498 1457/1631/1499
f 1456/1592/1461 1457/1631/1499 1427/1593/1462
f 1427/1593/1462 1457/1631/1499 1428/1632/1500
f 1427/1593/1462 1428/1632/1500 1434/1594/1463
f 1434/1594/1463 1428/1632/1500 1433/1633/1501
f 1434/1594/1463 1433/1633/1501 1412/1595/1464
f 1412/1595/1464 1433/1633/1501 1413/1634/1502
f 1412/1595/1464 1413/1634/1502 1397/1596/1465
f 1397/1596/1465 1413/1634/1502 1398/1635/1503
f 1397/1596/1465 1398/1635/1503 1382/1597/1466
f 1382/1597/1466 1398/1635/1503 1383/1636/1504
f 1382/1597/1466 1383/1636/1504 1352/1598/1467
f 1352/1598/1467 1383/1636/1504 1353/1637/1505
f 1352/1598/1467 1353/1637/1505 1359/1599/1468
f 1359/1599/1468 1353/1637/1505 1358/1638/1506
f 1359/1599/1468 1358/1638/1506 1337/1600/1469
f 1337/1600/1469 1358/1638/1506 1338/1639/1507
f 1337/1600/1469 1338/1639/1507 1323/1601/1470
f 1323/1601/1470 1338/1639/1507 1324/1640/1508
f 1323/1601/1470 1324/1640/1508 1294/1602/1471
f 1294/1602/1471 1324/1640/1508 1295/1641/1509
f 1294/1602/1471 1295/1641/1509 1301/1603/1472
f 1301/1603/1472 1295/1641/1509 1300/1642/1510
f 1301/1603/1472 1300/1642/1510 1279/1604/1473
f 1279/1604/1473 1300/1642/1510 1280/1643/1511
f 1279/1604/1473 1280/1643/1511 1264/1605/1474
f 1264/1605/1474 1280/1643/1511 1265/1644/1512
f 1264/1605/1474 1265/1644/1512 1249/1606/1475
f 1249/1606/1475 1265/1644/1512 1250/1645/1513
f 1249/1606/1475 1250/1645/1513 1219/1607/1476
f 1219/1607/1476 1250/1645/1513 1220/1646/1514
f 1219/1607/1476 1220/1646/1514 1226/1608/1477
f 1226/1608/1477 1220/1646/1514 1225/1647/1515
f 1226/1608/1477 1225/1647/1515 1204/1609/1478
f 1204/1609/1478 1225/1647/1515 1205/1648/1516
f 1204/1609/1478 1205/1648/1516 1190/1610/1479
f 1190/1610/1479 1205/1648/1516 1191/1649/1517
f 1190/1610/1479 1191/1649/1517 1161/1611/1480
f 1161/1611/1480 1191/1649/1517 1162/1650/1518
f 1161/1611/1480 1162/1650/1518 1168/1612/1481
f 1168/1612/1481 1162/1650/1518 1167/1651/1519
f 1168/1612/1481 1167/1651/1519 1146/1613/1482
f 1146/1613/1482 1167/1651/1519 1147/1652/1520
f 1146/1613/1482 1147/1652/1520 1131/1614/1483
f 1131/1614/1483 1147/1652/1520 1132/1653/1521
f 1131/1614/1483 1132/1653/1521 1102/1615/1484
f 1102/1615/1484 1132/1653/1521 1103/1654/1522
f 1102/1615/1484 1103/1654/1522 1109/1616/1485
f 1109/1616/1485 1103/1654/1522 1108/1655/1523
f 1109/1616/1485 1108/1655/1523 1087/1617/1486
f 1087/1617/1486 1108/1655/1523 1088/1656/1524
f 1087/1617/1486 1088/1656/1524 1058/1618/1487
f 1058/1618/1487 1088/1656/1524 1059/1657/1525
f 1058/1618/1487 1059/1657/1525 1065/1619/1488
f 1065/1619/1488 1059/1657/1525 1064/1658/1526
f 1065/1619/1488 1064/1658/1526 1043/1620/1489
f 1043/1620/1489 1064/1658/1526 1044/1659/1527
f 1043/1620/1489 1044/1659/1527 1028/1621/1490
f 1028/1621/1490 1044/1659/1527 1029/1660/1528
f 1028/1621/1490 1029/1660/1528 998/1622/1491
f 998/1622/1491 1029/1660/1528 999/1661/1529
f 998/1622/1491 999/1661/1529 1005/1623/1492
f 1005/1623/1492 999/1661/1529 1004/1662/1530
f 1005/1623/1492 1004/1662/1530 983/1624/1493
f 983/1624/1493 1004/1662/1530 984/1663/1531
f 983/1624/1493 984/1663/1531 955/1625/1494
f 955/1625/1494 984/1663/1531 956/1664/1532
f 955/1625/1494 956/1664/1532 962/1626/1495
f 962/1626/1495 956/1664/1532 961/1665/1533
f 962/1626/1495 961/1665/1533 940/1627/1496
f 940/1627/1496 961/1665/1533 941/1666/1534
f 940/1627/1496 941/1666/1534 925/1628/1497
f 925/1628/1497 941/1666/1534 926/1667/1535
f 925/1628/1497 926/1667/1535 910/1168/1076
f 910/1168/1076 926/1667/1535 911/1166/1074
f 881/1629/1073 880/1668/1071 1472/1630/1498
f 1472/1630/1498 880/1668/1071 1473/1669/1536
f 1472/1630/1498 1473/1669/1536 1457/1631/1499
f 1457/1631/1499 1473/1669/1536 1458/1670/1537
f 1457/1631/1499 1458/1670/1537 1428/1632/1500
f 1428/1632/1500 1458/1670/1537 1429/1671/1538
f 1428/1632/1500 1429/1671/1538 1433/1633/1501
f 1433/1633/1501 1429/1671/1538 1432/1672/1539
f 1433/1633/1501 1432/1672/1539 1413/1634/1502
f 1413/1634/1502 1432/1672/1539 1414/1673/1540
f 1413/1634/1502 1414/1673/1540 1398/1635/1503
f 1398/1635/1503 1414/1673/1540 1399/1674/1541
f 1398/1635/1503 1399/1674/1541 1383/1636/1504
f 1383/1636/1504 1399/1674/1541 1384/1675/1542
f 1383/1636/1504 1384/1675/1542 1353/1637/1505
f 1353/1637/1505 1384/1675/1542 1354/1676/1543
f 1353/1637/1505 1354/1676/1543 1358/1638/1506
f 1358/1638/1506 1354/1676/1543 1357/1677/1544
f 1358/1638/1506 1357/1677/1544 1338/1639/1507
f 1338/1639/1507 1357/1677/1544 1339/1678/1545
f 1338/1639/1507 1339/1678/1545 1324/1640/1508
f 1324/1640/1508 1339/1678/1545 1325/1679/1546
f 1324/1640/1508 1325/1679/1546 1295/1641/1509
f 1295/1641/1509 1325/1679/1546 1296/1680/1547
f 1295/1641/1509 1296/1680/1547 1300/1642/1510
f 1300/1642/1510 1296/1680/1547 1299/1681/1548
f 1300/1642/1510 1299/1681/1548 1280/1643/1511
f 1280/1643/1511 1299/1681/1548 1281/1682/1549
f 1280/1643/1511 1281/1682/1549 1265/1644/1512
f 1265/1644/1512 1281/1682/1549 1266/1683/1550
f 1265/1644/1512 1266/1683/1550 1250/1645/1513
f 1250/1645/1513 1266/1683/1550 1251/1684/1551
f 1250/1645/1513 1251/1684/1551 1220/1646/1514
f 1220/1646/1514 1251/1684/1551 1221/1685/1552
f 1220/1646/1514 1221/1685/1552 1225/1647/1515
f 1225/1647/1515 1221/1685/1552 1224/1686/1553
f 1225/1647/1515 1224/1686/1553 1205/1648/1516
f 1205/1648/1516 1224/1686/1553 1206/1687/1554
f 1205/1648/1516 1206/1687/1554 1191/1649/1517
f 1191/1649/1517 1206/1687/1554 1192/1688/1555
f 1191/1649/1517 1192/1688/1555 1162/1650/1518
f 1162/1650/1518 1192/1688/1555 1163/1689/1556
f 1162/1650/1518 1163/1689/1556 1167/1651/1519
f 1167/1651/1519 1163/1689/1556 1166/1690/1557
f 1167/1651/1519 1166/1690/1557 1147/1652/1520
f 1147/1652/1520 1166/1690/1557 1148/1691/1558
f 1147/1652/1520 1148/1691/1558 1132/1653/1521
f 1132/1653/1521 1148/1691/1558 1133/1692/1559
f 1132/1653/1521 1133/1692/1559 1103/1654/1522
f 1103/1654/1522 1133/1692/1559 1104/1693/1560
f 1103/1654/1522 1104/1693/1560 1108/1655/1523
f 1108/1655/1523 1104/1693/1560 1107/1694/1561
f 1108/1655/1523 1107/1694/1561 1088/1656/1524
f 1088/1656/1524 1107/1694/1561 1089/1695/1562
f 1088/1656/1524 1089/1695/1562 1059/1657/1525
f 1059/1657/1525 1089/1695/1562 1060/1696/1563
f 1059/1657/1525 1060/1696/1563 1064/1658/1526
f 1064/1658/1526 1060/1696/1563 1063/1697/1564
f 1064/1658/1526 1063/1697/1564 1044/1659/1527
f 1044/1659/1527 1063/1697/1564 1045/1698/1565
f 1044/1659/1527 1045/1698/1565 1029/1660/1528
f 1029/1660/1528 1045/1698/1565 1030/1699/1566
f 1029/1660/1528 1030/1699/1566 999/1661/1529
f 999/1661/1529 1030/1699/1566 1000/1700/1567
f 999/1661/1529 1000/1700/1567 1004/1662/1530
f 1004/1662/1530 1000/1700/1567 1003/1701/1568
f 1004/1662/1530 1003/1701/1568 984/1663/1531
f 984/1663/1531 1003/1701/1568 985/1702/1569
f 984/1663/1531 985/1702/1569 956/1664/1532
f 956/1664/1532 985/1702/1569 957/1703/1570
f 956/1664/1532 957/1703/1570 961/1665/1533
f 961/1665/1533 957/1703/1570 960/1704/1571
f 961/1665/1533 960/1704/1571 941/1666/1534
f 941/1666/1534 960/1704/1571 942/1705/1572
f 941/1666/1534 942/1705/1572 926/1667/1535
f 926/1667/1535 942/1705/1572 927/1706/1573
f 926/1667/1535 927/1706/1573 911/1166/1074
f 911/1166/1074 927/1706/1573 912/1164/1072
f 880/1668/1071 879/1707/1069 1473/1669/1536
f 1473/1669/1536 879/1707/1069 1474/1708/1574
f 1473/1669/1536 1474/1708/1574 1458/1670/1537
f 1458/1670/1537 1474/1708/1574 1459/1709/1575
f 1458/1670/1537 1459/1709/1575 1429/1671/1538
f 1429/1671/1538 1459/1709/1575 1430/1710/1576
f 1429/1671/1538 1430/1710/1576 1432/1672/1539
f 1432/1672/1539 1430/1710/1576 1431/1711/1577
f 1432/1672/1539 1431/1711/1577 1414/1673/1540
f 1414/1673/1540 1431/1711/1577 1415/1712/1578
f 1414/1673/1540 1415/1712/1578 1399/1674/1541
f 1399/1674/1541 1415/1712/1578 1400/1713/1579
f 1399/1674/1541 1400/1713/1579 1384/1675/1542
f 1384/1675/1542 1400/1713/1579 1385/1714/1580
f 1384/1675/1542 1385/1714/1580 1354/1676/1543
f 1354/1676/1543 1385/1714/1580 1355/1715/1581
f 1354/1676/1543 1355/1715/1581 1357/1677/1544
f 1357/1677/1544 1355/1715/1581 1356/1716/1582
f 1357/1677/1544 1356/1716/1582 1339/1678/1545
f 1339/1678/1545 1356/1716/1582 1340/1717/1583
f 1339/1678/1545 1340/1717/1583 1325/1679/1546
f 1325/1679/1546 1340/1717/1583 1326/1718/1584
f 1325/1679/1546 1326/1718/1584 1296/1680/1547
f 1296/1680/1547 1326/1718/1584 1297/1719/1585
f 1296/1680/1547 1297/1719/1585 1299/1681/1548
f 1299/1681/1548 1297/1719/1585 1298/1720/1586
f 1299/1681/1548 1298/1720/1586 1281/1682/1549
f 1281/1682/1549 1298/1720/1586 1282/1721/1587
f 1281/1682/1549 1282/1721/1587 1266/1683/1550
f 1266/1683/1550 1282/1721/1587 1267/1722/1588
f 1266/1683/1550 1267/1722/1588 1251/1684/1551
f 1251/1684/1551 1267/1722/1588 1252/1723/1589
f 1251/1684/1551 1252/1723/1589 1221/1685/1552
f 1221/1685/1552 1252/1723/1589 1222/1724/1590
f 1221/1685/1552 1222/1724/1590 1224/1686/1553
f 1224/1686/1553 1222/1724/1590 1223/1725/1591
f 1224/1686/1553 1223/1725/1591 1206/1687/1554
f 1206/1687/1554 1223/1725/1591 1207/1726/1592
f 1206/1687/1554 1207/1726/1592 1192/1688/1555
f 1192/1688/1555 1207/1726/1592 1193/1727/1593
f 1192/1688/1555 1193/1727/1593 1163/1689/1556
f 1163/1689/1556 1193/1727/1593 1164/1728/1594
f 1163/1689/1556 1164/1728/1594 1166/1690/1557
f 1166/1690/1557 1164/1728/1594 1165/1729/1595
f 1166/1690/1557 1165/1729/1595 1148/1691/1558
f 1148/1691/1558 1165/1729/1595 1149/1730/1596
f 1148/1691/1558 1149/1730/1596 1133/1692/1559
f 1133/1692/1559 1149/1730/1596 1134/1731/1597
f 1133/1692/1559 1134/1731/1597 1104/1693/1560
f 1104/1693/1560 1134/1731/1597 1105/1732/1598
f 1104/1693/1560 1105/1732/1598 1107/1694/1561
f 1107/1694/1561 1105/1732/1598 1106/1733/1599
f 1107/1694/1561 1106/1733/1599 1089/1695/1562
f 1089/1695/1562 1106/1733/1599 1090/1734/1600
f 1089/1695/1562 1090/1734/1600 1060/1696/1563
f 1060/1696/1563 1090/1734/1600 1061/1735/1601
f 1060/1696/1563 1061/1735/1601 1063/1697/1564
f 1063/1697/1564 1061/1735/1601 1062/1736/1602
f 1063/1697/1564 1062/1736/1602 1045/1698/1565
f 1045/1698/1565 1062/1736/1602 1046/1737/1603
f 1045/1698/1565 1046/1737/1603 1030/1699/1566
f 1030/1699/1566 1046/1737/1603 1031/1738/1604
f 1030/1699/1566 1031/1738/1604 1000/1700/1567
f 1000/1700/1567 1031/1738/1604 1001/1739/1605
f 1000/1700/1567 1001/1739/1605 1003/1701/1568
f 1003/1701/1568 1001/1739/1605 1002/1740/1606
f 1003/1701/1568 1002/1740/1606 985/1702/1569
f 985/1702/1569 1002/1740/1606 986/1741/1607
f 985/1702/1569 986/1741/1607 957/1703/1570
f 957/1703/1570 986/1741/1607 958/1742/1608
f 957/1703/1570 958/1742/1608 960/1704/1571
f 960/1704/1571 958/1742/1608 959/1743/1609
f 960/1704/1571 959/1743/1609 942/1705/1572
f 942/1705/1572 959/1743/1609 943/1744/1610
f 942/1705/1572 943/1744/1610 927/1706/1573
f 927/1706/1573 943/1744/1610 928/1745/1611
f 927/1706/1573 928/1745/1611 912/1164/1072
f 912/1164/1072 928/1745/1611 913/1162/1070
f 879/1707/1069 878/1746/1068 1474/1708/1574
f 1474/1708/1574 878/1747/1068 1459/1709/1575
f 1459/1709/1575 878/1748/1068 1430/1710/1576
f 1430/1710/1576 878/1749/1068 1431/1711/1577
f 1431/1711/1577 878/1750/1068 1415/1712/1578
f 1415/1712/1578 878/1751/1068 1400/1713/1579
f 1400/1713/1579 878/1752/1068 1385/1714/1580
f 1385/1714/1580 878/1753/1068 1355/1715/1581
f 1355/1715/1581 878/1754/1068 1356/1716/1582
f 1356/1716/1582 878/1755/1068 1340/1717/1583
f 1340/1717/1583 878/1756/1068 1326/1718/1584
f 1326/1718/1584 878/1757/1068 1297/1719/1585
f 1297/1719/1585 878/1758/1068 1298/1720/1586
f 1282/1721/1587 878/1759/1068 1267/1722/1588
f 1267/1722/1588 878/1760/1068 1252/1723/1589
f 1252/1723/1589 878/1761/1068 1222/1724/1590
f 1222/1724/1590 878/1762/1068 1223/1725/1591
f 1223/1725/1591 878/1763/1068 1207/1726/1592
f 1207/1726/1592 878/1764/1068 1193/1727/1593
f 1193/1727/1593 878/1765/1068 1164/1728/1594
f 1164/1728/1594 878/1766/1068 1165/1729/1595
f 1165/1729/1595 878/1767/1068 1149/1730/1596
f 1149/1730/1596 878/1768/1068 1134/1731/1597
f 1134/1731/1597 878/1769/1068 1105/1732/1598
f 1105/1732/1598 878/1770/1068 1106/1733/1599
f 1090/1734/1600 878/1771/1068 1061/1735/1601
f 1061/1735/1601 878/1772/1068 1062/1736/1602
f 1062/1736/1602 878/1773/1068 1046/1737/1603
f 1046/1737/1603 878/1774/1068 1031/1738/1604
f 1031/1738/1604 878/1775/1068 1001/1739/1605
f 1001/1739/1605 878/1776/1068 1002/1740/1606
f 1002/1740/1606 878/1777/1068 986/1741/1607
f 986/1741/1607 878/1778/1068 958/1742/1608
f 958/1742/1608 878/1779/1068 959/1743/1609
f 959/1743/1609 878/1780/1068 943/1744/1610
f 943/1744/1610 878/1781/1068 928/1745/1611
f 928/1745/1611 878/1782/1068 913/1162/1070
f 915/1377/1279 900/1376/1278 899/1405/1307
f 919/1287/1189 904/1286/1188 903/1315/1217
f 903/1315/1217 902/1317/1219 918/1783/1612
f 918/1783/1612 902/1317/1219 917/1319/1221
f 918/1783/1612 917/1319/1221 933/1784/1613
f 933/1784/1613 917/1319/1221 932/1321/1223
f 933/1784/1613 932/1321/1223 969/1785/1614
f 969/1785/1614 932/1321/1223 970/1323/1225
f 969/1785/1614 970/1323/1225 948/1786/1615
f 948/1786/1615 970/1323/1225 947/1325/1227
f 948/1786/1615 947/1325/1227 976/1787/1616
f 976/1787/1616 947/1325/1227 975/1327/1229
f 976/1787/1616 975/1327/1229 1012/1788/1617
f 1012/1788/1617 975/1327/1229 1013/1329/1231
f 1012/1788/1617 1013/1329/1231 991/1789/1618
f 991/1789/1618 1013/1329/1231 990/1331/1233
f 991/1789/1618 990/1331/1233 1021/1790/1619
f 1021/1790/1619 990/1331/1233 1020/1333/1235
f 1021/1790/1619 1020/1333/1235 1036/1791/1620
f 1036/1791/1620 1020/1333/1235 1035/1335/1237
f 1036/1791/1620 1035/1335/1237 1072/1792/1621
f 1072/1792/1621 1035/1335/1237 1073/1337/1239
f 1072/1792/1621 1073/1337/1239 1051/1793/1622
f 1051/1793/1622 1073/1337/1239 1050/1339/1241
f 1051/1793/1622 1050/1339/1241 1080/1794/1623
f 1080/1794/1623 1050/1339/1241 1079/1341/1243
f 1080/1794/1623 1079/1341/1243 1116/1795/1624
f 1116/1795/1624 1079/1341/1243 1117/1343/1245
f 1116/1795/1624 1117/1343/1245 1095/1796/1625
f 1095/1796/1625 1117/1343/1245 1094/1345/1247
f 1095/1796/1625 1094/1345/1247 1124/1797/1626
f 1124/1797/1626 1094/1345/1247 1123/1347/1249
f 1124/1797/1626 1123/1347/1249 1139/1798/1627
f 1139/1798/1627 1123/1347/1249 1138/1349/1251
f 1139/1798/1627 1138/1349/1251 1175/1799/1628
f 1175/1799/1628 1138/1349/1251 1176/1351/1253
f 1175/1799/1628 1176/1351/1253 1154/1800/1629
f 1154/1800/1629 1176/1351/1253 1153/1353/1255
f 1154/1800/1629 1153/1353/1255 1183/1801/1630
f 1183/1801/1630 1153/1353/1255 1182/1355/1257
f 1183/1801/1630 1182/1355/1257 1197/1802/1631
f 1197/1802/1631 1182/1355/1257 1196/1357/1259
f 1197/1802/1631 1196/1357/1259 1233/1803/1632
f 1233/1803/1632 1196/1357/1259 1234/1359/1261
f 1233/1803/1632 1234/1359/1261 1212/1804/1633
f 1212/1804/1633 1234/1359/1261 1211/1361/1263
f 1212/1804/1633 1211/1361/1263 1242/1805/1634
f 1242/1805/1634 1211/1361/1263 1241/1363/1265
f 1242/1805/1634 1241/1363/1265 1257/1806/1635
f 1257/1806/1635 1241/1363/1265 1256/1365/1267
f 1257/1806/1635 1256/1365/1267 1272/1807/1636
f 1272/1807/1636 1256/1365/1267 1271/1367/1269
f 1272/1807/1636 1271/1367/1269 1308/1808/1637
f 1308/1808/1637 1271/1367/1269 1309/1369/1271
f 1308/1808/1637 1309/1369/1271 1287/1809/1638
f 1287/1809/1638 1309/1369/1271 1286/1371/1273
f 1287/1809/1638 1286/1371/1273 1316/1810/1639
f 1316/1810/1639 1286/1371/1273 1315/1373/1275
f 1316/1810/1639 1315/1373/1275 1330/1282/1185
f 1330/1282/1185 1315/1373/1275 1329/1280/1183
f 930/1378/1280 915/1377/1279 914/1408/1308
f 914/1408/1308 915/1377/1279 899/1405/1307
f 934/1288/1190 919/1287/1189 918/1783/1612
f 918/1783/1612 919/1287/1189 903/1315/1217
f 934/1288/1190 918/1783/1612 933/1784/1613
f 972/1379/1281 930/1378/1280 929/1410/1309
f 929/1410/1309 930/1378/1280 914/1408/1308
f 968/1289/1191 934/1288/1190 933/1784/1613
f 968/1289/1191 933/1784/1613 969/1785/1614
f 968/1289/1191 969/1785/1614 949/1290/1192
f 949/1290/1192 969/1785/1614 948/1786/1615
f 949/1290/1192 948/1786/1615 977/1291/1193
f 977/1291/1193 948/1786/1615 976/1787/1616
f 977/1291/1193 976/1787/1616 1011/1292/1194
f 1011/1292/1194 976/1787/1616 1012/1788/1617
f 1011/1292/1194 1012/1788/1617 992/1293/1195
f 992/1293/1195 1012/1788/1617 991/1789/1618
f 992/1293/1195 991/1789/1618 1022/1294/1196
f 1022/1294/1196 991/1789/1618 1021/1790/1619
f 1022/1294/1196 1021/1790/1619 1037/1295/1197
f 1037/1295/1197 1021/1790/1619 1036/1791/1620
f 1037/1295/1197 1036/1791/1620 1071/1296/1198
f 1071/1296/1198 1036/1791/1620 1072/1792/1621
f 1071/1296/1198 1072/1792/1621 1052/1297/1199
f 1052/1297/1199 1072/1792/1621 1051/1793/1622
f 1052/1297/1199 1051/1793/1622 1081/1298/1200
f 1081/1298/1200 1051/1793/1622 1080/1794/1623
f 1081/1298/1200 1080/1794/1623 1115/1299/1201
f 1115/1299/1201 1080/1794/1623 1116/1795/1624
f 1115/1299/1201 1116/1795/1624 1096/1300/1202
f 1096/1300/1202 1116/1795/1624 1095/1796/1625
f 1096/1300/1202 1095/1796/1625 1125/1301/1203
f 1125/1301/1203 1095/1796/1625 1124/1797/1626
f 1125/1301/1203 1124/1797/1626 1140/1302/1204
f 1140/1302/1204 1124/1797/1626 1139/1798/1627
f 1140/1302/1204 1139/1798/1627 1174/1303/1205
f 1174/1303/1205 1139/1798/1627 1175/1799/1628
f 1174/1303/1205 1175/1799/1628 1155/1304/1206
f 1155/1304/1206 1175/1799/1628 1154/1800/1629
f 1155/1304/1206 1154/1800/1629 1184/1305/1207
f 1184/1305/1207 1154/1800/1629 1183/1801/1630
f 1184/1305/1207 1183/1801/1630 1198/1306/1208
f 1198/1306/1208 1183/1801/1630 1197/1802/1631
f 1198/1306/1208 1197/1802/1631 1232/1307/1209
f 1232/1307/1209 1197/1802/1631 1233/1803/1632
f 1232/1307/1209 1233/1803/1632 1213/1308/1210
f 1213/1308/1210 1233/1803/1632 1212/1804/1633
f 1213/1308/1210 1212/1804/1633 1243/1309/1211
f 1243/1309/1211 1212/1804/1633 1242/1805/1634
f 1243/1309/1211 1242/1805/1634 1258/1310/1212
f 1258/1310/1212 1242/1805/1634 1257/1806/1635
f 1258/1310/1212 1257/1806/1635 1273/1311/1213
f 1273/1311/1213 1257/1806/1635 1272/1807/1636
f 1273/1311/1213 1272/1807/1636 1307/1312/1214
f 1307/1312/1214 1272/1807/1636 1308/1808/1637
f 1307/1312/1214 1308/1808/1637 1288/1313/1215
f 1288/1313/1215 1308/1808/1637 1287/1809/1638
f 1288/1313/1215 1287/1809/1638 1317/1314/1216
f 1317/1314/1216 1287/1809/1638 1316/1810/1639
f 1317/1314/1216 1316/1810/1639 1331/1284/1187
f 1331/1284/1187 1316/1810/1639 1330/1282/1185
f 1018/1384/1286 988/1383/1285 987/1418/1314
f 987/1418/1314 988/1383/1285 1016/1417/1313
f 1033/1385/1287 1018/1384/1286 1017/1420/1315
f 1017/1420/1315 1018/1384/1286 987/1418/1314
f 1075/1386/1288 1033/1385/1287 1032/1422/1316
f 1032/1422/1316 1033/1385/1287 1017/1420/1315
f 878/1811/1068 1090/1734/1600 1106/1733/1599
f 1091/1430/1321 1092/1390/1292 893/1428/1320
f 893/1428/1320 1092/1390/1292 1119/1389/1291
f 893/1428/1320 1119/1389/1291 1076/1427/1319
f 1092/1390/1292 1091/1430/1321 1121/1391/1293
f 1121/1391/1293 1091/1430/1321 1120/1432/1322
f 1121/1391/1293 1120/1432/1322 1136/1392/1294
f 1136/1392/1294 1120/1432/1322 1135/1434/1323
f 1136/1392/1294 1135/1434/1323 1178/1393/1295
f 1239/1399/1301 1209/1398/1300 1208/1444/1329
f 1208/1444/1329 1209/1398/1300 1237/1443/1328
f 1254/1400/1302 1239/1399/1301 1238/1446/1330
f 1238/1446/1330 1239/1399/1301 1208/1444/1329
f 1269/1401/1303 1254/1400/1302 1253/1448/1331
f 1253/1448/1331 1254/1400/1302 1238/1446/1330
f 1311/1402/1304 1269/1401/1303 1268/1450/1332
f 1268/1450/1332 1269/1401/1303 1253/1448/1331
f 878/1812/1068 1282/1721/1587 1298/1720/1586
f 1369/1275/1178 1370/1273/1176 1342/1813/1640
f 1342/1813/1640 1370/1273/1176 1341/1271/1175
f 1342/1813/1640 1341/1271/1175 1372/1814/1641
f 1372/1814/1641 1341/1271/1175 1371/1269/1174
f 1372/1814/1641 1371/1269/1174 1387/1815/1642
f 1387/1815/1642 1371/1269/1174 1386/1266/1173
f 1387/1815/1642 1386/1266/1173 1402/1264/1171
f 1368/1277/1180 1369/1275/1178 1343/1816/1643
f 1343/1816/1643 1369/1275/1178 1342/1813/1640
f 1343/1816/1643 1342/1813/1640 1373/1817/1644
f 1373/1817/1644 1342/1813/1640 1372/1814/1641
f 1373/1817/1644 1372/1814/1641 1388/1818/1645
f 1388/1818/1645 1372/1814/1641 1387/1815/1642
f 1388/1818/1645 1387/1815/1642 1403/1819/1646
f 1403/1819/1646 1387/1815/1642 1402/1264/1171
f 1403/1819/1646 1402/1264/1171 1443/1262/1169
f 1367/1279/1182 1368/1277/1180 1344/1820/1647
f 1344/1820/1647 1368/1277/1180 1343/1816/1643
f 1344/1820/1647 1343/1816/1643 1374/1821/1648
f 1374/1821/1648 1343/1816/1643 1373/1817/1644
f 1374/1821/1648 1373/1817/1644 1389/1822/1649
f 1389/1822/1649 1373/1817/1644 1388/1818/1645
f 1389/1822/1649 1388/1818/1645 1404/1823/1650
f 1404/1823/1650 1388/1818/1645 1403/1819/1646
f 1404/1823/1650 1403/1819/1646 1442/1824/1651
f 1442/1824/1651 1403/1819/1646 1443/1262/1169
f 1442/1824/1651 1443/1262/1169 1419/1260/1167
f 1366/1281/1184 1367/1279/1182 1345/1825/1652
f 1345/1825/1652 1367/1279/1182 1344/1820/1647
f 1345/1825/1652 1344/1820/1647 1375/1826/1653
f 1375/1826/1653 1344/1820/1647 1374/1821/1648
f 1375/1826/1653 1374/1821/1648 1390/1827/1654
f 1390/1827/1654 1374/1821/1648 1389/1822/1649
f 1390/1827/1654 1389/1822/1649 1405/1828/1655
f 1405/1828/1655 1389/1822/1649 1404/1823/1650
f 1405/1828/1655 1404/1823/1650 1441/1829/1656
f 1441/1829/1656 1404/1823/1650 1442/1824/1651
f 1441/1829/1656 1442/1824/1651 1420/1830/1657
f 1420/1830/1657 1442/1824/1651 1419/1260/1167
f 1420/1830/1657 1419/1260/1167 1449/1258/1165
f 1365/1283/1186 1366/1281/1184 1346/1831/1658
f 1346/1831/1658 1366/1281/1184 1345/1825/1652
f 1346/1831/1658 1345/1825/1652 1376/1832/1659
f 1376/1832/1659 1345/1825/1652 1375/1826/1653
f 1376/1832/1659 1375/1826/1653 1391/1833/1660
f 1391/1833/1660 1375/1826/1653 1390/1827/1654
f 1391/1833/1660 1390/1827/1654 1406/1834/1661
f 1406/1834/1661 1390/1827/1654 1405/1828/1655
f 1406/1834/1661 1405/1828/1655 1440/1835/1662
f 1440/1835/1662 1405/1828/1655 1441/1829/1656
f 1440/1835/1662 1441/1829/1656 1421/1836/1663
f 1421/1836/1663 1441/1829/1656 1420/1830/1657
f 1421/1836/1663 1420/1830/1657 1450/1837/1664
f 1450/1837/1664 1420/1830/1657 1449/1258/1165
f 1450/1837/1664 1449/1258/1165 1465/1256/1163
f 1364/1237/1145 1365/1283/1186 1347/1239/1147
f 1347/1239/1147 1365/1283/1186 1346/1831/1658
f 1347/1239/1147 1346/1831/1658 1377/1241/1149
f 1377/1241/1149 1346/1831/1658 1376/1832/1659
f 1377/1241/1149 1376/1832/1659 1392/1243/1151
f 1392/1243/1151 1376/1832/1659 1391/1833/1660
f 1392/1243/1151 1391/1833/1660 1407/1245/1153
f 1407/1245/1153 1391/1833/1660 1406/1834/1661
f 1407/1245/1153 1406/1834/1661 1439/1247/1155
f 1439/1247/1155 1406/1834/1661 1440/1835/1662
f 1439/1247/1155 1440/1835/1662 1422/1249/1157
f 1422/1249/1157 1440/1835/1662 1421/1836/1663
f 1422/1249/1157 1421/1836/1663 1451/1251/1159
f 1451/1251/1159 1421/1836/1663 1450/1837/1664
f 1451/1251/1159 1450/1837/1664 1466/1253/1161
f 1466/1253/1161 1450/1837/1664 1465/1256/1163
f 898/1457/1336 1417/1472/1345 1444/1263/1170
f 1444/1263/1170 1417/1472/1345 1418/1261/1168
f 1448/1259/1166 1418/1261/1168 1447/1470/1343
f 1447/1470/1343 1418/1261/1168 1417/1472/1345
f 1401/1265/1172 898/1457/1336 1444/1263/1170
f 1416/1459/1337 1445/1461/1338 1446/1471/1344
f 1446/1471/1344 1445/1461/1338 1461/1468/1341
f 1446/1471/1344 1461/1468/1341 1462/1467/1340
f 1464/1257/1164 1448/1259/1166 1463/1469/1342
f 1463/1469/1342 1448/1259/1166 1447/1470/1343
# 1474 vertices
# 1837 texture params
# 1664 normals
# 2956 facets

# 1 groups
